row,I,year,field,experiment,pheno,K,DNA,field_note,block,nitrogen,sb,spb,Pedigree,Genotype,Rep,quadrant,meancw
1001,JY,2019,Havelock,282+N-N,yes,45,No,NA,B1,+N,sb1,spb1,Ames 19311,A641,1,1,10.9
1003,JY,2019,Havelock,282+N-N,yes,45,No,NA,B1,+N,sb1,spb1,PI 550483,B76,1,1,12.7666666666667
1005,JY,2019,Havelock,282+N-N,yes,45,No,NA,B1,+N,sb1,spb1,PI 587141,A654,1,1,14.9666666666667
1007,JY,2019,Havelock,282+N-N,yes,45,No,NA,B1,+N,sb1,spb1,Ames 23405,A239,1,1,11.85
1009,JY,2019,Havelock,282+N-N,yes,45,No,NA,B1,+N,sb1,spb1,PI 587143,A682,1,1,16.25
1011,JY,2019,Havelock,282+N-N,yes,45,No,NA,B1,+N,sb1,spb1,Ames 19313,C123,1,1,NA
1013,JY,2019,Havelock,282+N-N,yes,45,No,NA,B1,+N,sb1,spb1,PI 587138,A554,1,1,9.73333333333333
1015,JY,2019,Havelock,282+N-N,yes,45,No,NA,B1,+N,sb1,spb2,Ames 27111,EP1,1,1,9.53333333333333
1017,JY,2019,Havelock,282+N-N,yes,45,No,NA,B1,+N,sb1,spb2,Check,Check,1,1,18.6833333333333
1019,JY,2019,Havelock,282+N-N,yes,45,No,NA,B1,+N,sb1,spb2,PI 257507,F7,1,1,11.3166666666667
1021,JY,2019,Havelock,282+N-N,yes,45,No,NA,B1,+N,sb1,spb2,PI 686057,I29,1,1,10.5833333333333
1023,JY,2019,Havelock,282+N-N,yes,45,No,NA,B1,+N,sb1,spb2,Ames 27105,CO106,1,1,12.0666666666667
1025,JY,2019,Havelock,282+N-N,yes,45,No,NA,B1,+N,sb1,spb2,Ames 24734,MS153,1,1,15.55
1027,JY,2019,Havelock,282+N-N,yes,45,No,NA,B1,+N,sb1,spb2,Ames 20140,Mt42,1,1,12.3166666666667
1029,JY,2019,Havelock,282+N-N,yes,45,No,NA,B1,+N,sb1,spb3,PI 531085,NC262,1,1,12.2666666666667
1031,JY,2019,Havelock,282+N-N,yes,45,No,NA,B1,+N,sb1,spb3,PI 550566,N192,1,1,14.7
1033,JY,2019,Havelock,282+N-N,yes,45,No,NA,B1,+N,sb1,spb3,Ames 19016,Va59,1,1,14.0833333333333
1035,JY,2019,Havelock,282+N-N,yes,45,No,NA,B1,+N,sb1,spb3,Ames 27142,NC292,1,1,11.275
1037,JY,2019,Havelock,282+N-N,yes,45,No,NA,B1,+N,sb1,spb3,PI 524969,SD44,1,1,8.86666666666667
1039,JY,2019,Havelock,282+N-N,yes,45,No,NA,B1,+N,sb1,spb3,Ames 19330,W182B,1,1,14.5833333333333
1041,JY,2019,Havelock,282+N-N,yes,45,No,NA,B1,+N,sb1,spb3,Check,Check,1,1,19.4
1043,JY,2019,Havelock,282+N-N,yes,45,No,NA,B1,+N,sb2,spb1,Ames 21512,CI31A,1,1,11.1833333333333
1045,JY,2019,Havelock,282+N-N,yes,45,No,NA,B1,+N,sb2,spb1,PI 606329,DE1,1,1,8.1
1047,JY,2019,Havelock,282+N-N,yes,45,No,NA,B1,+N,sb2,spb1,Check,Check,1,1,19.0666666666667
1049,JY,2019,Havelock,282+N-N,yes,45,No,NA,B1,+N,sb2,spb1,Ames 19309,A635,1,1,11.25
1051,JY,2019,Havelock,282+N-N,yes,45,No,NA,B1,+N,sb2,spb1,Check,Check,1,1,18.5166666666667
1053,JY,2019,Havelock,282+N-N,yes,45,No,NA,B1,+N,sb2,spb1,Ames 19284,C103,1,1,15.65
1055,JY,2019,Havelock,282+N-N,yes,45,No,NA,B1,+N,sb2,spb1,Ames 27112,F2834T,1,1,12.55
1057,JY,2019,Havelock,282+N-N,yes,45,No,NA,B1,+N,sb2,spb2,Check,Check,1,1,16.75
1059,JY,2019,Havelock,282+N-N,yes,45,No,NA,B1,+N,sb2,spb2,Ames 27260,Ki44,1,1,7.9
1061,JY,2019,Havelock,282+N-N,yes,45,No,NA,B1,+N,sb2,spb2,Ames 27141,NC290A,1,1,11.78
1063,JY,2019,Havelock,282+N-N,yes,45,No,NA,B1,+N,sb2,spb2,PI 520774,NC264,1,1,11.2166666666667
1065,JY,2019,Havelock,282+N-N,yes,45,No,NA,B1,+N,sb2,spb2,Check,Check,1,1,17.4666666666667
1067,JY,2019,Havelock,282+N-N,yes,45,No,NA,B1,+N,sb2,spb2,Ames 27172,NC352,1,1,14.8333333333333
1069,JY,2019,Havelock,282+N-N,yes,45,No,NA,B1,+N,sb2,spb2,Ames 27147,NC302,1,1,11.9666666666667
1071,JY,2019,Havelock,282+N-N,yes,45,No,NA,B1,+N,sb2,spb3,NSL 30053,W22,1,1,11.88
1073,JY,2019,Havelock,282+N-N,yes,45,No,NA,B1,+N,sb2,spb3,Check,Check,1,1,15.4333333333333
1075,JY,2019,Havelock,282+N-N,yes,45,No,NA,B1,+N,sb2,spb3,Check,Check,1,1,14.5666666666667
1077,JY,2019,Havelock,282+N-N,yes,45,No,NA,B1,+N,sb2,spb3,PI 587152,W64A,1,1,8.1
1079,JY,2019,Havelock,282+N-N,yes,45,No,NA,B1,+N,sb2,spb3,Check,Check,1,1,17
1081,JY,2019,Havelock,282+N-N,yes,45,No,NA,B1,+N,sb2,spb3,Ames 27181,NC370,1,1,11
1083,JY,2019,Havelock,282+N-N,yes,45,No,NA,B1,+N,sb2,spb3,PI 686065,SA24,1,1,14.65
1101,JY,2019,Havelock,282+N-N,yes,45,No,NA,B1,+N,sb1,spb1,Ames 19316,CM174,1,1,13.1833333333333
1103,JY,2019,Havelock,282+N-N,yes,45,No,NA,B1,+N,sb1,spb1,PI 608774,B75,1,1,12.7166666666667
1105,JY,2019,Havelock,282+N-N,yes,45,No,NA,B1,+N,sb1,spb1,Ames 22443,A188,1,1,11.2166666666667
1107,JY,2019,Havelock,282+N-N,yes,45,No,NA,B1,+N,sb1,spb1,PI 594046,B103,1,1,13.1333333333333
1109,JY,2019,Havelock,282+N-N,yes,45,No,NA,B1,+N,sb1,spb1,Check,Check,1,1,17.6
1111,JY,2019,Havelock,282+N-N,yes,45,No,NA,B1,+N,sb1,spb1,PI 587139,A619,1,1,10.8
1113,JY,2019,Havelock,282+N-N,yes,45,No,NA,B1,+N,sb1,spb1,Ames 27067,C49A,1,1,11.9833333333333
1115,JY,2019,Havelock,282+N-N,yes,45,No,NA,B1,+N,sb1,spb2,Ames 27135,MEF156-55-2,1,1,NA
1117,JY,2019,Havelock,282+N-N,yes,45,No,NA,B1,+N,sb1,spb2,Ames 20190,CM37,1,1,11.65
1119,JY,2019,Havelock,282+N-N,yes,45,No,NA,B1,+N,sb1,spb2,PI 587135,Ia5125,1,1,6.75
1121,JY,2019,Havelock,282+N-N,yes,45,No,NA,B1,+N,sb1,spb2,Ames 27104,CMV3,1,1,NA
1123,JY,2019,Havelock,282+N-N,yes,45,No,NA,B1,+N,sb1,spb2,PI 686063,IDS91,1,1,13.1833333333333
1125,JY,2019,Havelock,282+N-N,yes,45,No,NA,B1,+N,sb1,spb2,Ames 27107,CO255,1,1,12.8166666666667
1127,JY,2019,Havelock,282+N-N,yes,45,No,NA,B1,+N,sb1,spb2,Ames 27070,CM7,1,1,9.03333333333333
1129,JY,2019,Havelock,282+N-N,yes,45,No,NA,B1,+N,sb1,spb3,Ames 27154,NC316,1,1,4
1131,JY,2019,Havelock,282+N-N,yes,45,No,NA,B1,+N,sb1,spb3,Check,Check,1,1,19.3833333333333
1133,JY,2019,Havelock,282+N-N,yes,45,No,NA,B1,+N,sb1,spb3,PI 587154,W153R,1,1,8.37142857142857
1135,JY,2019,Havelock,282+N-N,yes,45,No,NA,B1,+N,sb1,spb3,Ames 27162,NC332,1,1,14.4333333333333
1137,JY,2019,Havelock,282+N-N,yes,45,No,NA,B1,+N,sb1,spb3,Ames 19288,Oh43,1,1,16.5666666666667
1139,JY,2019,Havelock,282+N-N,yes,45,No,NA,B1,+N,sb1,spb3,Check,Check,1,1,17.7333333333333
1141,JY,2019,Havelock,282+N-N,yes,45,No,NA,B1,+N,sb1,spb3,Ames 19326,R168,1,1,9.23333333333333
1143,JY,2019,Havelock,282+N-N,yes,45,No,NA,B1,+N,sb2,spb1,Ames 27087,CML220,1,1,12.7166666666667
1145,JY,2019,Havelock,282+N-N,yes,45,No,NA,B1,+N,sb2,spb1,PI 608766,B79,1,1,11.6333333333333
1147,JY,2019,Havelock,282+N-N,yes,45,No,NA,B1,+N,sb2,spb1,PI 587131,HP301,1,1,13.26
1149,JY,2019,Havelock,282+N-N,yes,45,No,NA,B1,+N,sb2,spb1,Ames 27120,Il677a,1,1,12.6666666666667
1151,JY,2019,Havelock,282+N-N,yes,45,No,NA,B1,+N,sb2,spb1,Ames 27083,CML154Q,1,1,17
1153,JY,2019,Havelock,282+N-N,yes,45,No,NA,B1,+N,sb2,spb1,PI 594047,B104,1,1,13.8666666666667
1155,JY,2019,Havelock,282+N-N,yes,45,No,NA,B1,+N,sb2,spb1,Ames 19319,H95,1,1,12.75
1157,JY,2019,Havelock,282+N-N,yes,45,No,NA,B1,+N,sb2,spb2,Ames 12731,NC230,1,1,10.65
1159,JY,2019,Havelock,282+N-N,yes,45,No,NA,B1,+N,sb2,spb2,Ames 12734,NC236,1,1,11.9833333333333
1161,JY,2019,Havelock,282+N-N,yes,45,No,NA,B1,+N,sb2,spb2,Ames 27137,N6,1,1,13.75
1163,JY,2019,Havelock,282+N-N,yes,45,No,NA,B1,+N,sb2,spb2,Ames 28366,N7A,1,1,12.8
1165,JY,2019,Havelock,282+N-N,yes,45,No,NA,B1,+N,sb2,spb2,Ames 27164,NC336,1,1,13.2166666666667
1167,JY,2019,Havelock,282+N-N,yes,45,No,NA,B1,+N,sb2,spb2,Ames 27158,NC324,1,1,11.2666666666667
1169,JY,2019,Havelock,282+N-N,yes,45,No,NA,B1,+N,sb2,spb2,Ames 27175,NC358,1,1,13.9333333333333
1171,JY,2019,Havelock,282+N-N,yes,45,No,NA,B1,+N,sb2,spb3,Ames 27184,Pa762,1,1,14.45
1173,JY,2019,Havelock,282+N-N,yes,45,No,NA,B1,+N,sb2,spb3,Ames 19323,Oh7B,1,1,11.58
1175,JY,2019,Havelock,282+N-N,yes,45,No,NA,B1,+N,sb2,spb3,PI 587151,Va102,1,1,16.8333333333333
1177,JY,2019,Havelock,282+N-N,yes,45,No,NA,B1,+N,sb2,spb3,Ames 8399,W117HT,1,1,9.16666666666667
1179,JY,2019,Havelock,282+N-N,yes,45,No,NA,B1,+N,sb2,spb3,PI 573098,Oh603,1,1,NA
1181,JY,2019,Havelock,282+N-N,yes,45,No,NA,B1,+N,sb2,spb3,Ames 27183,Oh43E,1,1,11.25
1183,JY,2019,Havelock,282+N-N,yes,45,No,NA,B1,+N,sb2,spb3,Ames 27185,Pa875,1,1,11.0666666666667
1201,JY,2019,Havelock,282+N-N,yes,45,No,NA,B1,+N,sb1,spb1,PI 607521,A661,1,1,10.4714285714286
1203,JY,2019,Havelock,282+N-N,yes,45,No,NA,B1,+N,sb1,spb1,Ames 19308,A634,1,1,14.95
1205,JY,2019,Havelock,282+N-N,yes,45,No,NA,B1,+N,sb1,spb1,PI 587124,CM105,1,1,16.4333333333333
1207,JY,2019,Havelock,282+N-N,yes,45,No,NA,B1,+N,sb1,spb1,NSL 81599,A659,1,1,13.5166666666667
1209,JY,2019,Havelock,282+N-N,yes,45,No,NA,B1,+N,sb1,spb1,Ames 27068,CH9,1,1,11.45
1211,JY,2019,Havelock,282+N-N,yes,45,No,NA,B1,+N,sb1,spb1,PI 550440,B64,1,1,14.8833333333333
1213,JY,2019,Havelock,282+N-N,yes,45,No,NA,B1,+N,sb1,spb1,Ames 23450,A556,1,1,12.6666666666667
1215,JY,2019,Havelock,282+N-N,yes,45,No,NA,B1,+N,sb1,spb2,NSL 30867,M14,1,1,15.5833333333333
1217,JY,2019,Havelock,282+N-N,yes,45,No,NA,B1,+N,sb1,spb2,Ames 28364,IA2132,1,1,12.8166666666667
1219,JY,2019,Havelock,282+N-N,yes,45,No,NA,B1,+N,sb1,spb2,PI 587127,H105W,1,1,12.6666666666667
1221,JY,2019,Havelock,282+N-N,yes,45,No,NA,B1,+N,sb1,spb2,PI 587129,H99,1,1,14.5
1223,JY,2019,Havelock,282+N-N,yes,45,No,NA,B1,+N,sb1,spb2,Ames 24752,MS1334,1,1,14.0666666666667
1225,JY,2019,Havelock,282+N-N,yes,45,No,NA,B1,+N,sb1,spb2,PI 583352,Mo47,1,1,12.1833333333333
1227,JY,2019,Havelock,282+N-N,yes,45,No,NA,B1,+N,sb1,spb2,Ames 27106,CO125,1,1,9.58333333333333
1229,JY,2019,Havelock,282+N-N,yes,45,No,NA,B1,+N,sb1,spb3,Ames 27161,NC330,1,1,12.8
1231,JY,2019,Havelock,282+N-N,yes,45,No,NA,B1,+N,sb1,spb3,Ames 27163,NC334,1,1,11.6
1233,JY,2019,Havelock,282+N-N,yes,45,No,NA,B1,+N,sb1,spb3,Ames 28186,P39,1,1,13.225
1235,JY,2019,Havelock,282+N-N,yes,45,No,NA,B1,+N,sb1,spb3,Ames 27152,NC312,1,1,13.8333333333333
1237,JY,2019,Havelock,282+N-N,yes,45,No,NA,B1,+N,sb1,spb3,Ames 27150,NC308,1,1,12.35
1239,JY,2019,Havelock,282+N-N,yes,45,No,NA,B1,+N,sb1,spb3,PI 587145,NC268,1,1,12.3833333333333
1241,JY,2019,Havelock,282+N-N,yes,45,No,NA,B1,+N,sb1,spb3,PI 550490,ND246,1,1,13.2166666666667
1243,JY,2019,Havelock,282+N-N,yes,45,No,NA,B1,+N,sb2,spb1,Ames 27097,CML323,1,1,12.55
1245,JY,2019,Havelock,282+N-N,yes,45,No,NA,B1,+N,sb2,spb1,Ames 26138,CI187-2,1,1,16.55
1247,JY,2019,Havelock,282+N-N,yes,45,No,NA,B1,+N,sb2,spb1,Ames 22440,CI90C,1,1,10.9666666666667
1249,JY,2019,Havelock,282+N-N,yes,45,No,NA,B1,+N,sb2,spb1,PI 594048,B105,1,1,NA
1251,JY,2019,Havelock,282+N-N,yes,45,No,NA,B1,+N,sb2,spb1,Ames 22754,K55,1,1,13.9833333333333
1253,JY,2019,Havelock,282+N-N,yes,45,No,NA,B1,+N,sb2,spb1,PI 550472,B57,1,1,13.4333333333333
1255,JY,2019,Havelock,282+N-N,yes,45,No,NA,B1,+N,sb2,spb1,PI 587128,H84,1,1,12.35
1257,JY,2019,Havelock,282+N-N,yes,45,No,NA,B1,+N,sb2,spb2,PI 543916,Mp339,1,1,13.2
1259,JY,2019,Havelock,282+N-N,yes,45,No,NA,B1,+N,sb2,spb2,Ames 12732,NC232,1,1,14.0666666666667
1261,JY,2019,Havelock,282+N-N,yes,45,No,NA,B1,+N,sb2,spb2,Ames 27124,Ki11,1,1,15.4
1263,JY,2019,Havelock,282+N-N,yes,45,No,NA,B1,+N,sb2,spb2,PI 583351,Mo46,1,1,12.55
1265,JY,2019,Havelock,282+N-N,yes,45,No,NA,B1,+N,sb2,spb2,Ames 27174,NC356,1,1,9.9
1267,JY,2019,Havelock,282+N-N,yes,45,No,NA,B1,+N,sb2,spb2,Ames 27138,N28Ht,1,1,12.6
1269,JY,2019,Havelock,282+N-N,yes,45,No,NA,B1,+N,sb2,spb2,PI 550555,NC250,1,1,12.2
1271,JY,2019,Havelock,282+N-N,yes,45,No,NA,B1,+N,sb2,spb3,PI 587150,Va35,1,1,18
1273,JY,2019,Havelock,282+N-N,yes,45,No,NA,B1,+N,sb2,spb3,Ames 27194,W401,1,1,12.65
1275,JY,2019,Havelock,282+N-N,yes,45,No,NA,B1,+N,sb2,spb3,PI 686066,SG18,1,1,13.45
1277,JY,2019,Havelock,282+N-N,yes,45,No,NA,B1,+N,sb2,spb3,Ames 27190,T234,1,1,13.7571428571429
1279,JY,2019,Havelock,282+N-N,yes,45,No,NA,B1,+N,sb2,spb3,Ames 19000,VaW6,1,1,14.5
1281,JY,2019,Havelock,282+N-N,yes,45,No,NA,B1,+N,sb2,spb3,NSL 53094,SC357,1,1,12.28
1283,JY,2019,Havelock,282+N-N,yes,45,No,NA,B1,+N,sb2,spb3,Ames 27182,NC372,1,1,15.5166666666667
1301,JY,2019,Havelock,282+N-N,yes,45,No,NA,B1,+N,sb3,spb1,Ames 26604,38-11,1,1,13.8
1303,JY,2019,Havelock,282+N-N,yes,45,No,NA,B1,+N,sb3,spb1,Ames 27085,CML158Q,1,1,13.7166666666667
1305,JY,2019,Havelock,282+N-N,yes,45,No,NA,B1,+N,sb3,spb1,Ames 27082,CML108,1,1,13.3833333333333
1307,JY,2019,Havelock,282+N-N,yes,45,No,NA,B1,+N,sb3,spb1,Check,Check,1,1,17.3333333333333
1309,JY,2019,Havelock,282+N-N,yes,45,No,NA,B1,+N,sb3,spb1,Check,Check,1,1,16.0333333333333
1311,JY,2019,Havelock,282+N-N,yes,45,No,NA,B1,+N,sb3,spb1,Check,Check,1,1,15.15
1313,JY,2019,Havelock,282+N-N,yes,45,No,NA,B1,+N,sb3,spb1,PI 595542,CML254,1,1,10.05
1315,JY,2019,Havelock,282+N-N,yes,45,No,NA,B1,+N,sb3,spb2,Ames 27165,NC338,1,1,16.5833333333333
1317,JY,2019,Havelock,282+N-N,yes,45,No,NA,B1,+N,sb3,spb2,Ames 27169,NC346,1,1,11.3166666666667
1319,JY,2019,Havelock,282+N-N,yes,45,No,NA,B1,+N,sb3,spb2,Ames 27170,NC348,1,1,12.45
1321,JY,2019,Havelock,282+N-N,yes,45,No,NA,B1,+N,sb3,spb2,Ames 27110,E2558W,1,1,15.1166666666667
1323,JY,2019,Havelock,282+N-N,yes,45,No,NA,B1,+N,sb3,spb2,Check,Check,1,1,16.5
1325,JY,2019,Havelock,282+N-N,yes,45,No,NA,B1,+N,sb3,spb2,Ames 27156,NC320,1,1,11.7833333333333
1327,JY,2019,Havelock,282+N-N,yes,45,No,NA,B1,+N,sb3,spb2,PI 550558,DE811,1,1,15.2
1329,JY,2019,Havelock,282+N-N,yes,45,No,NA,B1,+N,sb3,spb3,Ames 27129,KUI2021,1,1,14.0166666666667
1331,JY,2019,Havelock,282+N-N,yes,45,No,NA,B1,+N,sb3,spb3,Check,Check,1,1,17.9
1333,JY,2019,Havelock,282+N-N,yes,45,No,NA,B1,+N,sb3,spb3,PI 506255,Tzi25,1,1,12.5833333333333
1335,JY,2019,Havelock,282+N-N,yes,45,No,NA,B1,+N,sb3,spb3,Check,Check,1,1,15.9833333333333
1337,JY,2019,Havelock,282+N-N,yes,45,No,NA,B1,+N,sb3,spb3,PI 506246,Tzi8,1,1,17.55
1339,JY,2019,Havelock,282+N-N,yes,45,No,NA,B1,+N,sb3,spb3,Ames 26808,Ill.Hy,1,1,10.9333333333333
1341,JY,2019,Havelock,282+N-N,yes,45,No,NA,B1,+N,sb3,spb3,PI 587147,Pa91,1,1,13.7833333333333
1343,JY,2019,Havelock,282+N-N,yes,45,No,NA,B1,+N,sb4,spb1,PI 587142,A679,1,1,13.2757142857143
1345,JY,2019,Havelock,282+N-N,yes,45,No,NA,B1,+N,sb4,spb1,PI 550469,B46,1,1,17.2
1347,JY,2019,Havelock,282+N-N,yes,45,No,NA,B1,+N,sb4,spb1,Ames 27114,H91,1,1,16.4833333333333
1349,JY,2019,Havelock,282+N-N,yes,45,No,NA,B1,+N,sb4,spb1,PI 550461,B14A,1,1,15.8833333333333
1351,JY,2019,Havelock,282+N-N,yes,45,No,NA,B1,+N,sb4,spb1,Ames 23503,A680,1,1,15.85
1353,JY,2019,Havelock,282+N-N,yes,45,No,NA,B1,+N,sb4,spb1,PI 550473,B73,1,1,14.2
1355,JY,2019,Havelock,282+N-N,yes,45,No,NA,B1,+N,sb4,spb1,NSL 30904,4226,1,1,13.9833333333333
1357,JY,2019,Havelock,282+N-N,yes,45,No,NA,B1,+N,sb4,spb2,Check,Check,1,1,18.75
1359,JY,2019,Havelock,282+N-N,yes,45,No,NA,B1,+N,sb4,spb2,Ames 27143,NC294,1,1,11.6166666666667
1361,JY,2019,Havelock,282+N-N,yes,45,No,NA,B1,+N,sb4,spb2,Ames 27140,NC260,1,1,14.9
1363,JY,2019,Havelock,282+N-N,yes,45,No,NA,B1,+N,sb4,spb2,Ames 27177,NC362,1,1,14.35
1365,JY,2019,Havelock,282+N-N,yes,45,No,NA,B1,+N,sb4,spb2,PI 517974,Pa880,1,1,12.5666666666667
1367,JY,2019,Havelock,282+N-N,yes,45,No,NA,B1,+N,sb4,spb2,NSL 30894,R177,1,1,13.6
1369,JY,2019,Havelock,282+N-N,yes,45,No,NA,B1,+N,sb4,spb2,PI 558532,Mo17,1,1,17.2833333333333
1371,JY,2019,Havelock,282+N-N,yes,45,No,NA,B1,+N,sb4,spb3,CIze 44,CI44,1,1,10.0857142857143
1373,JY,2019,Havelock,282+N-N,yes,45,No,NA,B1,+N,sb4,spb3,Check,Check,1,1,20.0166666666667
1375,JY,2019,Havelock,282+N-N,yes,45,No,NA,B1,+N,sb4,spb3,Ames 31536,A214NGoodman-Buckler,1,1,15.3857142857143
1377,JY,2019,Havelock,282+N-N,yes,45,No,NA,B1,+N,sb4,spb3,PI 587125,CO109,1,1,10.84
1379,JY,2019,Havelock,282+N-N,yes,45,No,NA,B1,+N,sb4,spb3,Ames 31535,38-11Goodman-Buckler,1,1,16.9
1381,JY,2019,Havelock,282+N-N,yes,45,No,NA,B1,+N,sb4,spb3,Ames 28290,C49,1,1,7.58
1383,JY,2019,Havelock,282+N-N,yes,45,No,NA,B1,+N,sb4,spb3,PI 550518,T8,1,1,14.3833333333333
1401,JY,2019,Havelock,282+N-N,yes,45,No,NA,B1,+N,sb3,spb1,Ames 27094,CML314,1,1,10.6714285714286
1403,JY,2019,Havelock,282+N-N,yes,45,No,NA,B1,+N,sb3,spb1,Check,Check,1,1,17.55
1405,JY,2019,Havelock,282+N-N,yes,45,No,NA,B1,+N,sb3,spb1,Ames 27086,CML218,1,1,12.5
1407,JY,2019,Havelock,282+N-N,yes,45,No,NA,B1,+N,sb3,spb1,Ames 27081,CML103,1,1,13.95
1409,JY,2019,Havelock,282+N-N,yes,45,No,NA,B1,+N,sb3,spb1,Check,Check,1,1,17.3333333333333
1411,JY,2019,Havelock,282+N-N,yes,45,No,NA,B1,+N,sb3,spb1,Ames 27091,CML261,1,1,9.25
1413,JY,2019,Havelock,282+N-N,yes,45,No,NA,B1,+N,sb3,spb1,PI 587130,4722,1,1,12.8666666666667
1415,JY,2019,Havelock,282+N-N,yes,45,No,NA,B1,+N,sb3,spb2,Ames 27134,M162W,1,1,11.9833333333333
1417,JY,2019,Havelock,282+N-N,yes,45,No,NA,B1,+N,sb3,spb2,Ames 27133,M37W,1,1,11.55
1419,JY,2019,Havelock,282+N-N,yes,45,No,NA,B1,+N,sb3,spb2,Ames 27155,NC318,1,1,12.1666666666667
1421,JY,2019,Havelock,282+N-N,yes,45,No,NA,B1,+N,sb3,spb2,Ames 10248,GA209,1,1,8.86666666666667
1423,JY,2019,Havelock,282+N-N,yes,45,No,NA,B1,+N,sb3,spb2,Ames 28184,CML69,1,1,12.12
1425,JY,2019,Havelock,282+N-N,yes,45,No,NA,B1,+N,sb3,spb2,PI 531084,NC258,1,1,11.9
1427,JY,2019,Havelock,282+N-N,yes,45,No,NA,B1,+N,sb3,spb2,NSL 22893,F44,1,1,11.45
1429,JY,2019,Havelock,282+N-N,yes,45,No,NA,B1,+N,sb3,spb3,Ames 27189,SC55,1,1,11.3333333333333
1431,JY,2019,Havelock,282+N-N,yes,45,No,NA,B1,+N,sb3,spb3,PI 257506,F2,1,1,12.44
1433,JY,2019,Havelock,282+N-N,yes,45,No,NA,B1,+N,sb3,spb3,Ames 27119,Il101T,1,1,12.35
1435,JY,2019,Havelock,282+N-N,yes,45,No,NA,B1,+N,sb3,spb3,PI 606330,DE2,1,1,14.25
1437,JY,2019,Havelock,282+N-N,yes,45,No,NA,B1,+N,sb3,spb3,Ames 22763,Tx601,1,1,10.9
1439,JY,2019,Havelock,282+N-N,yes,45,No,NA,B1,+N,sb3,spb3,Check,Check,1,1,NA
1441,JY,2019,Havelock,282+N-N,yes,45,No,NA,B1,+N,sb3,spb3,PI 550522,T232,1,1,11.3
1443,JY,2019,Havelock,282+N-N,yes,45,No,NA,B1,+N,sb4,spb1,PI 564682,B97,1,1,12.1142857142857
1445,JY,2019,Havelock,282+N-N,yes,45,No,NA,B1,+N,sb4,spb1,Ames 26769,B2,1,1,11.75
1447,JY,2019,Havelock,282+N-N,yes,45,No,NA,B1,+N,sb4,spb1,PI 608765,B77,1,1,15.3333333333333
1449,JY,2019,Havelock,282+N-N,yes,45,No,NA,B1,+N,sb4,spb1,Ames 26116,CI3A,1,1,7.38571428571429
1451,JY,2019,Havelock,282+N-N,yes,45,No,NA,B1,+N,sb4,spb1,PI 550467,B37,1,1,15.3428571428571
1453,JY,2019,Havelock,282+N-N,yes,45,No,NA,B1,+N,sb4,spb1,Ames 19314,CI64,1,1,13.2
1455,JY,2019,Havelock,282+N-N,yes,45,No,NA,B1,+N,sb4,spb1,PI 597927,B109,1,1,13.9333333333333
1457,JY,2019,Havelock,282+N-N,yes,45,No,NA,B1,+N,sb4,spb2,Ames 27167,NC342,1,1,12.2
1459,JY,2019,Havelock,282+N-N,yes,45,No,NA,B1,+N,sb4,spb2,NSL 65873,L317,1,1,16.95
1461,JY,2019,Havelock,282+N-N,yes,45,No,NA,B1,+N,sb4,spb2,Ames 28939,Mo44,1,1,13.1166666666667
1463,JY,2019,Havelock,282+N-N,yes,45,No,NA,B1,+N,sb4,spb2,PI 583350,Mo45,1,1,18.1166666666667
1465,JY,2019,Havelock,282+N-N,yes,45,No,NA,B1,+N,sb4,spb2,Ames 27180,NC368,1,1,10.3333333333333
1467,JY,2019,Havelock,282+N-N,yes,45,No,NA,B1,+N,sb4,spb2,NSL 28966,Oh40B,1,1,18.8666666666667
1469,JY,2019,Havelock,282+N-N,yes,45,No,NA,B1,+N,sb4,spb2,Ames 27151,NC310,1,1,12.6833333333333
1471,JY,2019,Havelock,282+N-N,yes,45,No,NA,B1,+N,sb4,spb3,Ames 19293,Wf9,1,1,18.2571428571429
1473,JY,2019,Havelock,282+N-N,yes,45,No,NA,B1,+N,sb4,spb3,PI 587132,Sg1533,1,1,11.8166666666667
1475,JY,2019,Havelock,282+N-N,yes,45,No,NA,B1,+N,sb4,spb3,Ames 26771,33-16,1,1,14.7666666666667
1477,JY,2019,Havelock,282+N-N,yes,45,No,NA,B1,+N,sb4,spb3,PI 592734,R229,1,1,12.9166666666667
1479,JY,2019,Havelock,282+N-N,yes,45,No,NA,B1,+N,sb4,spb3,Ames 27196,Yu796_NS,1,1,10.3666666666667
1481,JY,2019,Havelock,282+N-N,yes,45,No,NA,B1,+N,sb4,spb3,Ames 27193,Va85,1,1,16.48
1483,JY,2019,Havelock,282+N-N,yes,45,No,NA,B1,+N,sb4,spb3,Check,Check,1,1,16.9333333333333
1501,JY,2019,Havelock,282+N-N,yes,45,No,NA,B1,+N,sb3,spb1,PI 595550,CML277,1,1,17.6
1503,JY,2019,Havelock,282+N-N,yes,45,No,NA,B1,+N,sb3,spb1,PI 406112,A214N,1,1,16.8666666666667
1505,JY,2019,Havelock,282+N-N,yes,45,No,NA,B1,+N,sb3,spb1,PI 550465,B68,1,1,17.9833333333333
1507,JY,2019,Havelock,282+N-N,yes,45,No,NA,B1,+N,sb3,spb1,Ames 27096,CML322,1,1,12.8
1509,JY,2019,Havelock,282+N-N,yes,45,No,NA,B1,+N,sb3,spb1,Ames 27101,CML333,1,1,11.1833333333333
1511,JY,2019,Havelock,282+N-N,yes,45,No,NA,B1,+N,sb3,spb1,Ames 27072,CML10,1,1,15.7166666666667
1513,JY,2019,Havelock,282+N-N,yes,45,No,NA,B1,+N,sb3,spb1,PI 595561,CML52,1,1,12.4714285714286
1515,JY,2019,Havelock,282+N-N,yes,45,No,NA,B1,+N,sb3,spb2,PI 587144,Mo24W,1,1,15.28
1517,JY,2019,Havelock,282+N-N,yes,45,No,NA,B1,+N,sb3,spb2,Check,Check,1,1,18.2
1519,JY,2019,Havelock,282+N-N,yes,45,No,NA,B1,+N,sb3,spb2,Ames 12729,NC222,1,1,9.85
1521,JY,2019,Havelock,282+N-N,yes,45,No,NA,B1,+N,sb3,spb2,Ames 27144,NC296,1,1,11.5333333333333
1523,JY,2019,Havelock,282+N-N,yes,45,No,NA,B1,+N,sb3,spb2,NSL 30038,K4,1,1,15.7833333333333
1525,JY,2019,Havelock,282+N-N,yes,45,No,NA,B1,+N,sb3,spb2,Check,Check,1,1,19.85
1527,JY,2019,Havelock,282+N-N,yes,45,No,NA,B1,+N,sb3,spb2,Ames 27121,K64,1,1,13.6
1529,JY,2019,Havelock,282+N-N,yes,45,No,NA,B1,+N,sb3,spb3,PI 506248,Tzi10,1,1,NA
1531,JY,2019,Havelock,282+N-N,yes,45,No,NA,B1,+N,sb3,spb3,Ames 27179,NC366,1,1,12.9166666666667
1533,JY,2019,Havelock,282+N-N,yes,45,No,NA,B1,+N,sb3,spb3,PI 540745,Tzi11,1,1,11.225
1535,JY,2019,Havelock,282+N-N,yes,45,No,NA,B1,+N,sb3,spb3,Ames 27131,Ky226,1,1,11.1857142857143
1537,JY,2019,Havelock,282+N-N,yes,45,No,NA,B1,+N,sb3,spb3,PI 558520,Mo1W,1,1,12.9333333333333
1539,JY,2019,Havelock,282+N-N,yes,45,No,NA,B1,+N,sb3,spb3,Ames 22748,H100,1,1,14.4333333333333
1541,JY,2019,Havelock,282+N-N,yes,45,No,NA,B1,+N,sb3,spb3,PI 506253,Tzi18,1,1,14.0333333333333
1543,JY,2019,Havelock,282+N-N,yes,45,No,NA,B1,+N,sb4,spb1,Ames 27065,B73Htrhm,1,1,12.9333333333333
1545,JY,2019,Havelock,282+N-N,yes,45,No,NA,B1,+N,sb4,spb1,Ames 27069,CH701-30,1,1,13.14
1547,JY,2019,Havelock,282+N-N,yes,45,No,NA,B1,+N,sb4,spb1,PI 686059,IDS28,1,1,11.1333333333333
1549,JY,2019,Havelock,282+N-N,yes,45,No,NA,B1,+N,sb4,spb1,Check,Check,1,1,19.4166666666667
1551,JY,2019,Havelock,282+N-N,yes,45,No,NA,B1,+N,sb4,spb1,PI 608767,B84,1,1,14.26
1553,JY,2019,Havelock,282+N-N,yes,45,No,NA,B1,+N,sb4,spb1,PI 587140,A632,1,1,15.15
1555,JY,2019,Havelock,282+N-N,yes,45,No,NA,B1,+N,sb4,spb1,Ames 27066,B164,1,1,15.95
1557,JY,2019,Havelock,282+N-N,yes,45,No,NA,B1,+N,sb4,spb2,Ames 27149,NC306,1,1,13.6333333333333
1559,JY,2019,Havelock,282+N-N,yes,45,No,NA,B1,+N,sb4,spb2,NSL 65874,Os420,1,1,13.08
1561,JY,2019,Havelock,282+N-N,yes,45,No,NA,B1,+N,sb4,spb2,Ames 27178,NC364,1,1,11.2142857142857
1563,JY,2019,Havelock,282+N-N,yes,45,No,NA,B1,+N,sb4,spb2,Ames 27160,NC328,1,1,12.5666666666667
1565,JY,2019,Havelock,282+N-N,yes,45,No,NA,B1,+N,sb4,spb2,Ames 27159,NC326,1,1,15.8333333333333
1567,JY,2019,Havelock,282+N-N,yes,45,No,NA,B1,+N,sb4,spb2,Ames 27118,Il14H,1,1,10.0857142857143
1569,JY,2019,Havelock,282+N-N,yes,45,No,NA,B1,+N,sb4,spb2,Ames 27168,NC344,1,1,13.3
1571,JY,2019,Havelock,282+N-N,yes,45,No,NA,B1,+N,sb4,spb3,PI 587149,Va26,1,1,16.2333333333333
1573,JY,2019,Havelock,282+N-N,yes,45,No,NA,B1,+N,sb4,spb3,Ames 19328,Va22,1,1,16.7833333333333
1575,JY,2019,Havelock,282+N-N,yes,45,No,NA,B1,+N,sb4,spb3,Ames 31534,CI90CGoodman-Buckler,1,1,13.1
1577,JY,2019,Havelock,282+N-N,yes,45,No,NA,B1,+N,sb4,spb3,PI 606768,SD40,1,1,13.3714285714286
1579,JY,2019,Havelock,282+N-N,yes,45,No,NA,B1,+N,sb4,spb3,Ames 28367,CI7Goodman-Buckler,1,1,13.2333333333333
1581,JY,2019,Havelock,282+N-N,yes,45,No,NA,B1,+N,sb4,spb3,Ames 27187,R4,1,1,13.6666666666667
1583,JY,2019,Havelock,282+N-N,yes,45,No,NA,B1,+N,sb4,spb3,Ames 24989,Va99,1,1,13.6857142857143
2001,JY,2019,Havelock,282+N-N,yes,45,No,NA,B1,-N,sb1,spb1,PI 587131,HP301,1,2,11.8857142857143
2003,JY,2019,Havelock,282+N-N,yes,45,No,NA,B1,-N,sb1,spb1,PI 550472,B57,1,2,NA
2005,JY,2019,Havelock,282+N-N,yes,45,No,NA,B1,-N,sb1,spb1,Ames 19284,C103,1,2,18.8166666666667
2007,JY,2019,Havelock,282+N-N,yes,45,No,NA,B1,-N,sb1,spb1,PI 594047,B104,1,2,14.1166666666667
2009,JY,2019,Havelock,282+N-N,yes,45,No,NA,B1,-N,sb1,spb1,Ames 19319,H95,1,2,13.8
2011,JY,2019,Havelock,282+N-N,yes,45,No,NA,B1,-N,sb1,spb1,Check,Check,1,2,18.7333333333333
2013,JY,2019,Havelock,282+N-N,yes,45,No,NA,B1,-N,sb1,spb1,Ames 22754,K55,1,2,12.9666666666667
2015,JY,2019,Havelock,282+N-N,yes,45,No,NA,B1,-N,sb1,spb2,PI 550555,NC250,1,2,11.1333333333333
2017,JY,2019,Havelock,282+N-N,yes,45,No,NA,B1,-N,sb1,spb2,Ames 12732,NC232,1,2,14.0666666666667
2019,JY,2019,Havelock,282+N-N,yes,45,No,NA,B1,-N,sb1,spb2,Ames 27138,N28Ht,1,2,14.2
2021,JY,2019,Havelock,282+N-N,yes,45,No,NA,B1,-N,sb1,spb2,Ames 12731,NC230,1,2,9.98333333333333
2023,JY,2019,Havelock,282+N-N,yes,45,No,NA,B1,-N,sb1,spb2,Ames 27147,NC302,1,2,13.0833333333333
2025,JY,2019,Havelock,282+N-N,yes,45,No,NA,B1,-N,sb1,spb2,Ames 27261,NC298,1,2,18.4333333333333
2027,JY,2019,Havelock,282+N-N,yes,45,No,NA,B1,-N,sb1,spb2,Ames 27172,NC352,1,2,15.45
2029,JY,2019,Havelock,282+N-N,yes,45,No,NA,B1,-N,sb1,spb3,PI 686066,SG18,1,2,12.3
2031,JY,2019,Havelock,282+N-N,yes,45,No,NA,B1,-N,sb1,spb3,PI 573098,Oh603,1,2,13.0666666666667
2033,JY,2019,Havelock,282+N-N,yes,45,No,NA,B1,-N,sb1,spb3,Ames 27182,NC372,1,2,13.2166666666667
2035,JY,2019,Havelock,282+N-N,yes,45,No,NA,B1,-N,sb1,spb3,Ames 27194,W401,1,2,11.875
2037,JY,2019,Havelock,282+N-N,yes,45,No,NA,B1,-N,sb1,spb3,Check,Check,1,2,13.2166666666667
2039,JY,2019,Havelock,282+N-N,yes,45,No,NA,B1,-N,sb1,spb3,PI 686065,SA24,1,2,14.4333333333333
2041,JY,2019,Havelock,282+N-N,yes,45,No,NA,B1,-N,sb1,spb3,Ames 27185,Pa875,1,2,NA
2043,JY,2019,Havelock,282+N-N,yes,45,No,NA,B1,-N,sb2,spb1,PI 587138,A554,1,2,8.33333333333333
2045,JY,2019,Havelock,282+N-N,yes,45,No,NA,B1,-N,sb2,spb1,NSL 81599,A659,1,2,12.0666666666667
2047,JY,2019,Havelock,282+N-N,yes,45,No,NA,B1,-N,sb2,spb1,Ames 23405,A239,1,2,11.8
2049,JY,2019,Havelock,282+N-N,yes,45,No,NA,B1,-N,sb2,spb1,Ames 23450,A556,1,2,NA
2051,JY,2019,Havelock,282+N-N,yes,45,No,NA,B1,-N,sb2,spb1,Ames 27067,C49A,1,2,8.725
2053,JY,2019,Havelock,282+N-N,yes,45,No,NA,B1,-N,sb2,spb1,Ames 19311,A641,1,2,15.26
2055,JY,2019,Havelock,282+N-N,yes,45,No,NA,B1,-N,sb2,spb1,Ames 19316,CM174,1,2,11.9
2057,JY,2019,Havelock,282+N-N,yes,45,No,NA,B1,-N,sb2,spb2,PI 257507,F7,1,2,12.55
2059,JY,2019,Havelock,282+N-N,yes,45,No,NA,B1,-N,sb2,spb2,PI 686057,I29,1,2,11.8833333333333
2061,JY,2019,Havelock,282+N-N,yes,45,No,NA,B1,-N,sb2,spb2,Ames 27106,CO125,1,2,11.2333333333333
2063,JY,2019,Havelock,282+N-N,yes,45,No,NA,B1,-N,sb2,spb2,Ames 27070,CM7,1,2,10.6142857142857
2065,JY,2019,Havelock,282+N-N,yes,45,No,NA,B1,-N,sb2,spb2,Ames 24734,MS153,1,2,11.2333333333333
2067,JY,2019,Havelock,282+N-N,yes,45,No,NA,B1,-N,sb2,spb2,Ames 27104,CMV3,1,2,9.64285714285714
2069,JY,2019,Havelock,282+N-N,yes,45,No,NA,B1,-N,sb2,spb2,Ames 27105,CO106,1,2,10.2666666666667
2071,JY,2019,Havelock,282+N-N,yes,45,No,NA,B1,-N,sb2,spb3,Ames 27162,NC332,1,2,13.15
2073,JY,2019,Havelock,282+N-N,yes,45,No,NA,B1,-N,sb2,spb3,PI 550490,ND246,1,2,12.5777777777778
2075,JY,2019,Havelock,282+N-N,yes,45,No,NA,B1,-N,sb2,spb3,Ames 19288,Oh43,1,2,17.6333333333333
2077,JY,2019,Havelock,282+N-N,yes,45,No,NA,B1,-N,sb2,spb3,Ames 27154,NC316,1,2,7.7
2079,JY,2019,Havelock,282+N-N,yes,45,No,NA,B1,-N,sb2,spb3,PI 524969,SD44,1,2,10.66
2081,JY,2019,Havelock,282+N-N,yes,45,No,NA,B1,-N,sb2,spb3,Ames 19016,Va59,1,2,8.1
2083,JY,2019,Havelock,282+N-N,yes,45,No,NA,B1,-N,sb2,spb3,Ames 28186,P39,1,2,13.375
2101,JY,2019,Havelock,282+N-N,yes,45,No,NA,B1,-N,sb1,spb1,Ames 19309,A635,1,2,14.85
2103,JY,2019,Havelock,282+N-N,yes,45,No,NA,B1,-N,sb1,spb1,Ames 21512,CI31A,1,2,9.93333333333333
2105,JY,2019,Havelock,282+N-N,yes,45,No,NA,B1,-N,sb1,spb1,Check,Check,1,2,16.8833333333333
2107,JY,2019,Havelock,282+N-N,yes,45,No,NA,B1,-N,sb1,spb1,PI 594048,B105,1,2,15.3857142857143
2109,JY,2019,Havelock,282+N-N,yes,45,No,NA,B1,-N,sb1,spb1,Ames 26138,CI187-2,1,2,14.05
2111,JY,2019,Havelock,282+N-N,yes,45,No,NA,B1,-N,sb1,spb1,Ames 27087,CML220,1,2,10.5833333333333
2113,JY,2019,Havelock,282+N-N,yes,45,No,NA,B1,-N,sb1,spb1,Ames 27097,CML323,1,2,13.05
2115,JY,2019,Havelock,282+N-N,yes,45,No,NA,B1,-N,sb1,spb2,Ames 27141,NC290A,1,2,8.86
2117,JY,2019,Havelock,282+N-N,yes,45,No,NA,B1,-N,sb1,spb2,Ames 27137,N6,1,2,10.45
2119,JY,2019,Havelock,282+N-N,yes,45,No,NA,B1,-N,sb1,spb2,Check,Check,1,2,13.75
2121,JY,2019,Havelock,282+N-N,yes,45,No,NA,B1,-N,sb1,spb2,Ames 27174,NC356,1,2,9.86
2123,JY,2019,Havelock,282+N-N,yes,45,No,NA,B1,-N,sb1,spb2,PI 520774,NC264,1,2,11.18
2125,JY,2019,Havelock,282+N-N,yes,45,No,NA,B1,-N,sb1,spb2,Ames 27158,NC324,1,2,11.5142857142857
2127,JY,2019,Havelock,282+N-N,yes,45,No,NA,B1,-N,sb1,spb2,Ames 28366,N7A,1,2,8.86666666666667
2129,JY,2019,Havelock,282+N-N,yes,45,No,NA,B1,-N,sb1,spb3,Ames 27190,T234,1,2,12.8833333333333
2131,JY,2019,Havelock,282+N-N,yes,45,No,NA,B1,-N,sb1,spb3,Ames 27181,NC370,1,2,10.48
2133,JY,2019,Havelock,282+N-N,yes,45,No,NA,B1,-N,sb1,spb3,Ames 19000,VaW6,1,2,14.8666666666667
2135,JY,2019,Havelock,282+N-N,yes,45,No,NA,B1,-N,sb1,spb3,PI 587151,Va102,1,2,14.1166666666667
2137,JY,2019,Havelock,282+N-N,yes,45,No,NA,B1,-N,sb1,spb3,NSL 53094,SC357,1,2,10.64
2139,JY,2019,Havelock,282+N-N,yes,45,No,NA,B1,-N,sb1,spb3,Ames 27176,NC360,1,2,13.8166666666667
2141,JY,2019,Havelock,282+N-N,yes,45,No,NA,B1,-N,sb1,spb3,PI 587152,W64A,1,2,10.7666666666667
2143,JY,2019,Havelock,282+N-N,yes,45,No,NA,B1,-N,sb2,spb1,Ames 22443,A188,1,2,11.1166666666667
2145,JY,2019,Havelock,282+N-N,yes,45,No,NA,B1,-N,sb2,spb1,Ames 19313,C123,1,2,NA
2147,JY,2019,Havelock,282+N-N,yes,45,No,NA,B1,-N,sb2,spb1,PI 608774,B75,1,2,13.05
2149,JY,2019,Havelock,282+N-N,yes,45,No,NA,B1,-N,sb2,spb1,PI 607521,A661,1,2,11.42
2151,JY,2019,Havelock,282+N-N,yes,45,No,NA,B1,-N,sb2,spb1,PI 587139,A619,1,2,13.775
2153,JY,2019,Havelock,282+N-N,yes,45,No,NA,B1,-N,sb2,spb1,PI 594046,B103,1,2,13.5714285714286
2155,JY,2019,Havelock,282+N-N,yes,45,No,NA,B1,-N,sb2,spb1,Ames 27068,CH9,1,2,11.575
2157,JY,2019,Havelock,282+N-N,yes,45,No,NA,B1,-N,sb2,spb2,Check,Check,1,2,14.9166666666667
2159,JY,2019,Havelock,282+N-N,yes,45,No,NA,B1,-N,sb2,spb2,Ames 20140,Mt42,1,2,10.1
2161,JY,2019,Havelock,282+N-N,yes,45,No,NA,B1,-N,sb2,spb2,PI 587129,H99,1,2,11.7333333333333
2163,JY,2019,Havelock,282+N-N,yes,45,No,NA,B1,-N,sb2,spb2,Ames 27135,MEF156-55-2,1,2,NA
2165,JY,2019,Havelock,282+N-N,yes,45,No,NA,B1,-N,sb2,spb2,Ames 20190,CM37,1,2,10.2166666666667
2167,JY,2019,Havelock,282+N-N,yes,45,No,NA,B1,-N,sb2,spb2,PI 583352,Mo47,1,2,11.1666666666667
2169,JY,2019,Havelock,282+N-N,yes,45,No,NA,B1,-N,sb2,spb2,PI 587135,Ia5125,1,2,6.68
2171,JY,2019,Havelock,282+N-N,yes,45,No,NA,B1,-N,sb2,spb3,PI 531085,NC262,1,2,11.9833333333333
2173,JY,2019,Havelock,282+N-N,yes,45,No,NA,B1,-N,sb2,spb3,Check,Check,1,2,17.1833333333333
2175,JY,2019,Havelock,282+N-N,yes,45,No,NA,B1,-N,sb2,spb3,Ames 27161,NC330,1,2,13.2
2177,JY,2019,Havelock,282+N-N,yes,45,No,NA,B1,-N,sb2,spb3,PI 587137,Ms71,1,2,14.6666666666667
2179,JY,2019,Havelock,282+N-N,yes,45,No,NA,B1,-N,sb2,spb3,Ames 27163,NC334,1,2,11.5666666666667
2181,JY,2019,Havelock,282+N-N,yes,45,No,NA,B1,-N,sb2,spb3,PI 587145,NC268,1,2,13.46
2183,JY,2019,Havelock,282+N-N,yes,45,No,NA,B1,-N,sb2,spb3,PI 550566,N192,1,2,17.65
2201,JY,2019,Havelock,282+N-N,yes,45,No,NA,B1,-N,sb1,spb1,Ames 22440,CI90C,1,2,11.55
2203,JY,2019,Havelock,282+N-N,yes,45,No,NA,B1,-N,sb1,spb1,PI 587128,H84,1,2,11.8833333333333
2205,JY,2019,Havelock,282+N-N,yes,45,No,NA,B1,-N,sb1,spb1,PI 608766,B79,1,2,10.0125
2207,JY,2019,Havelock,282+N-N,yes,45,No,NA,B1,-N,sb1,spb1,Ames 27112,F2834T,1,2,13
2209,JY,2019,Havelock,282+N-N,yes,45,No,NA,B1,-N,sb1,spb1,Ames 27083,CML154Q,1,2,16.8166666666667
2211,JY,2019,Havelock,282+N-N,yes,45,No,NA,B1,-N,sb1,spb1,Ames 27120,Il677a,1,2,13.45
2213,JY,2019,Havelock,282+N-N,yes,45,No,NA,B1,-N,sb1,spb1,PI 606329,DE1,1,2,9.61428571428571
2215,JY,2019,Havelock,282+N-N,yes,45,No,NA,B1,-N,sb1,spb2,Ames 27124,Ki11,1,2,15.78
2217,JY,2019,Havelock,282+N-N,yes,45,No,NA,B1,-N,sb1,spb2,PI 543916,Mp339,1,2,11.8166666666667
2219,JY,2019,Havelock,282+N-N,yes,45,No,NA,B1,-N,sb1,spb2,PI 583351,Mo46,1,2,12.8833333333333
2221,JY,2019,Havelock,282+N-N,yes,45,No,NA,B1,-N,sb1,spb2,Ames 27260,Ki44,1,2,12.6666666666667
2223,JY,2019,Havelock,282+N-N,yes,45,No,NA,B1,-N,sb1,spb2,Check,Check,1,2,17
2225,JY,2019,Havelock,282+N-N,yes,45,No,NA,B1,-N,sb1,spb2,Ames 27175,NC358,1,2,12.0166666666667
2227,JY,2019,Havelock,282+N-N,yes,45,No,NA,B1,-N,sb1,spb2,Ames 27164,NC336,1,2,15.1333333333333
2229,JY,2019,Havelock,282+N-N,yes,45,No,NA,B1,-N,sb1,spb3,Ames 27183,Oh43E,1,2,10.4333333333333
2231,JY,2019,Havelock,282+N-N,yes,45,No,NA,B1,-N,sb1,spb3,NSL 30053,W22,1,2,13.2857142857143
2233,JY,2019,Havelock,282+N-N,yes,45,No,NA,B1,-N,sb1,spb3,Ames 8399,W117HT,1,2,9.225
2235,JY,2019,Havelock,282+N-N,yes,45,No,NA,B1,-N,sb1,spb3,Check,Check,1,2,14.7833333333333
2237,JY,2019,Havelock,282+N-N,yes,45,No,NA,B1,-N,sb1,spb3,PI 587150,Va35,1,2,11.65
2239,JY,2019,Havelock,282+N-N,yes,45,No,NA,B1,-N,sb1,spb3,Ames 19323,Oh7B,1,2,13.575
2241,JY,2019,Havelock,282+N-N,yes,45,No,NA,B1,-N,sb1,spb3,Ames 27184,Pa762,1,2,12.375
2243,JY,2019,Havelock,282+N-N,yes,45,No,NA,B1,-N,sb2,spb1,PI 550440,B64,1,2,13.1714285714286
2245,JY,2019,Havelock,282+N-N,yes,45,No,NA,B1,-N,sb2,spb1,Ames 19308,A634,1,2,14.7166666666667
2247,JY,2019,Havelock,282+N-N,yes,45,No,NA,B1,-N,sb2,spb1,PI 587141,A654,1,2,15.65
2249,JY,2019,Havelock,282+N-N,yes,45,No,NA,B1,-N,sb2,spb1,Check,Check,1,2,15.85
2251,JY,2019,Havelock,282+N-N,yes,45,No,NA,B1,-N,sb2,spb1,PI 550483,B76,1,2,9.51666666666667
2253,JY,2019,Havelock,282+N-N,yes,45,No,NA,B1,-N,sb2,spb1,PI 587143,A682,1,2,16.4666666666667
2255,JY,2019,Havelock,282+N-N,yes,45,No,NA,B1,-N,sb2,spb1,PI 587124,CM105,1,2,14.6833333333333
2257,JY,2019,Havelock,282+N-N,yes,45,No,NA,B1,-N,sb2,spb2,Ames 24752,MS1334,1,2,12.9
2259,JY,2019,Havelock,282+N-N,yes,45,No,NA,B1,-N,sb2,spb2,Ames 28364,IA2132,1,2,11.2333333333333
2261,JY,2019,Havelock,282+N-N,yes,45,No,NA,B1,-N,sb2,spb2,NSL 30867,M14,1,2,16.55
2263,JY,2019,Havelock,282+N-N,yes,45,No,NA,B1,-N,sb2,spb2,Ames 27111,EP1,1,2,9.16666666666667
2265,JY,2019,Havelock,282+N-N,yes,45,No,NA,B1,-N,sb2,spb2,PI 686063,IDS91,1,2,13.9
2267,JY,2019,Havelock,282+N-N,yes,45,No,NA,B1,-N,sb2,spb2,Ames 27107,CO255,1,2,12.9833333333333
2269,JY,2019,Havelock,282+N-N,yes,45,No,NA,B1,-N,sb2,spb2,PI 587127,H105W,1,2,14.05
2271,JY,2019,Havelock,282+N-N,yes,45,No,NA,B1,-N,sb2,spb3,Ames 27150,NC308,1,2,12.6166666666667
2273,JY,2019,Havelock,282+N-N,yes,45,No,NA,B1,-N,sb2,spb3,Ames 27142,NC292,1,2,11.12
2275,JY,2019,Havelock,282+N-N,yes,45,No,NA,B1,-N,sb2,spb3,Ames 27152,NC312,1,2,14.0666666666667
2277,JY,2019,Havelock,282+N-N,yes,45,No,NA,B1,-N,sb2,spb3,PI 587154,W153R,1,2,13.46
2279,JY,2019,Havelock,282+N-N,yes,45,No,NA,B1,-N,sb2,spb3,Ames 19326,R168,1,2,10.3333333333333
2281,JY,2019,Havelock,282+N-N,yes,45,No,NA,B1,-N,sb2,spb3,Check,Check,1,2,15.2833333333333
2283,JY,2019,Havelock,282+N-N,yes,45,No,NA,B1,-N,sb2,spb3,Ames 19330,W182B,1,2,14.9
2301,JY,2019,Havelock,282+N-N,yes,45,No,NA,B1,-N,sb3,spb1,PI 550469,B46,1,2,14.8
2303,JY,2019,Havelock,282+N-N,yes,45,No,NA,B1,-N,sb3,spb1,PI 686059,IDS28,1,2,12
2305,JY,2019,Havelock,282+N-N,yes,45,No,NA,B1,-N,sb3,spb1,PI 550467,B37,1,2,14.4833333333333
2307,JY,2019,Havelock,282+N-N,yes,45,No,NA,B1,-N,sb3,spb1,Check,Check,1,2,14.2166666666667
2309,JY,2019,Havelock,282+N-N,yes,45,No,NA,B1,-N,sb3,spb1,Ames 27066,B164,1,2,10.5833333333333
2311,JY,2019,Havelock,282+N-N,yes,45,No,NA,B1,-N,sb3,spb1,Check,Check,1,2,14.1666666666667
2313,JY,2019,Havelock,282+N-N,yes,45,No,NA,B1,-N,sb3,spb1,PI 550461,B14A,1,2,18.7
2315,JY,2019,Havelock,282+N-N,yes,45,No,NA,B1,-N,sb3,spb2,Ames 27140,NC260,1,2,13.8666666666667
2317,JY,2019,Havelock,282+N-N,yes,45,No,NA,B1,-N,sb3,spb2,NSL 30894,R177,1,2,15.3666666666667
2319,JY,2019,Havelock,282+N-N,yes,45,No,NA,B1,-N,sb3,spb2,Ames 27151,NC310,1,2,12.7166666666667
2321,JY,2019,Havelock,282+N-N,yes,45,No,NA,B1,-N,sb3,spb2,Ames 27178,NC364,1,2,10.2166666666667
2323,JY,2019,Havelock,282+N-N,yes,45,No,NA,B1,-N,sb3,spb2,NSL 65873,L317,1,2,15.9333333333333
2325,JY,2019,Havelock,282+N-N,yes,45,No,NA,B1,-N,sb3,spb2,NSL 28966,Oh40B,1,2,15.8833333333333
2327,JY,2019,Havelock,282+N-N,yes,45,No,NA,B1,-N,sb3,spb2,Ames 27168,NC344,1,2,12.1
2329,JY,2019,Havelock,282+N-N,yes,45,No,NA,B1,-N,sb3,spb3,Ames 19328,Va22,1,2,17.8
2331,JY,2019,Havelock,282+N-N,yes,45,No,NA,B1,-N,sb3,spb3,CIze 44,CI44,1,2,11.0166666666667
2333,JY,2019,Havelock,282+N-N,yes,45,No,NA,B1,-N,sb3,spb3,Ames 28290,C49,1,2,10.1666666666667
2335,JY,2019,Havelock,282+N-N,yes,45,No,NA,B1,-N,sb3,spb3,Ames 28367,CI7Goodman-Buckler,1,2,11.9
2337,JY,2019,Havelock,282+N-N,yes,45,No,NA,B1,-N,sb3,spb3,Ames 27193,Va85,1,2,16.0833333333333
2339,JY,2019,Havelock,282+N-N,yes,45,No,NA,B1,-N,sb3,spb3,PI 587149,Va26,1,2,10.6166666666667
2341,JY,2019,Havelock,282+N-N,yes,45,No,NA,B1,-N,sb3,spb3,Ames 26771,33-16,1,2,11.4
2343,JY,2019,Havelock,282+N-N,yes,45,No,NA,B1,-N,sb4,spb1,PI 595565,CML287,1,2,12.6166666666667
2345,JY,2019,Havelock,282+N-N,yes,45,No,NA,B1,-N,sb4,spb1,Check,Check,1,2,15.1
2347,JY,2019,Havelock,282+N-N,yes,45,No,NA,B1,-N,sb4,spb1,Ames 27082,CML108,1,2,10.9333333333333
2349,JY,2019,Havelock,282+N-N,yes,45,No,NA,B1,-N,sb4,spb1,Ames 27091,CML261,1,2,6.15
2351,JY,2019,Havelock,282+N-N,yes,45,No,NA,B1,-N,sb4,spb1,Check,Check,1,2,15.4333333333333
2353,JY,2019,Havelock,282+N-N,yes,45,No,NA,B1,-N,sb4,spb1,Ames 27081,CML103,1,2,12.65
2355,JY,2019,Havelock,282+N-N,yes,45,No,NA,B1,-N,sb4,spb1,Ames 27101,CML333,1,2,11.8
2357,JY,2019,Havelock,282+N-N,yes,45,No,NA,B1,-N,sb4,spb2,Ames 27156,NC320,1,2,13.45
2359,JY,2019,Havelock,282+N-N,yes,45,No,NA,B1,-N,sb4,spb2,Ames 27165,NC338,1,2,15.5285714285714
2361,JY,2019,Havelock,282+N-N,yes,45,No,NA,B1,-N,sb4,spb2,NSL 30038,K4,1,2,16.3333333333333
2363,JY,2019,Havelock,282+N-N,yes,45,No,NA,B1,-N,sb4,spb2,PI 550558,DE811,1,2,12.4
2365,JY,2019,Havelock,282+N-N,yes,45,No,NA,B1,-N,sb4,spb2,Ames 27144,NC296,1,2,13.9833333333333
2367,JY,2019,Havelock,282+N-N,yes,45,No,NA,B1,-N,sb4,spb2,Ames 27110,E2558W,1,2,14.2166666666667
2369,JY,2019,Havelock,282+N-N,yes,45,No,NA,B1,-N,sb4,spb2,Check,Check,1,2,13.6
2371,JY,2019,Havelock,282+N-N,yes,45,No,NA,B1,-N,sb4,spb3,PI 506253,Tzi18,1,2,NA
2373,JY,2019,Havelock,282+N-N,yes,45,No,NA,B1,-N,sb4,spb3,Ames 27131,Ky226,1,2,11.7333333333333
2375,JY,2019,Havelock,282+N-N,yes,45,No,NA,B1,-N,sb4,spb3,Ames 22748,H100,1,2,15.2
2377,JY,2019,Havelock,282+N-N,yes,45,No,NA,B1,-N,sb4,spb3,PI 540745,Tzi11,1,2,11.8666666666667
2379,JY,2019,Havelock,282+N-N,yes,45,No,NA,B1,-N,sb4,spb3,PI 506255,Tzi25,1,2,13.2833333333333
2381,JY,2019,Havelock,282+N-N,yes,45,No,NA,B1,-N,sb4,spb3,Check,Check,1,2,16.8166666666667
2383,JY,2019,Havelock,282+N-N,yes,45,No,NA,B1,-N,sb4,spb3,Ames 27179,NC366,1,2,11.8
2401,JY,2019,Havelock,282+N-N,yes,45,No,NA,B1,-N,sb3,spb1,Ames 27114,H91,1,2,19.25
2403,JY,2019,Havelock,282+N-N,yes,45,No,NA,B1,-N,sb3,spb1,NSL 30904,4226,1,2,14.8
2405,JY,2019,Havelock,282+N-N,yes,45,No,NA,B1,-N,sb3,spb1,PI 550473,B73,1,2,14.1666666666667
2407,JY,2019,Havelock,282+N-N,yes,45,No,NA,B1,-N,sb3,spb1,PI 608765,B77,1,2,14.2833333333333
2409,JY,2019,Havelock,282+N-N,yes,45,No,NA,B1,-N,sb3,spb1,PI 587140,A632,1,2,13.5666666666667
2411,JY,2019,Havelock,282+N-N,yes,45,No,NA,B1,-N,sb3,spb1,Ames 26769,B2,1,2,12.6333333333333
2413,JY,2019,Havelock,282+N-N,yes,45,No,NA,B1,-N,sb3,spb1,Ames 27069,CH701-30,1,2,12.1833333333333
2415,JY,2019,Havelock,282+N-N,yes,45,No,NA,B1,-N,sb3,spb2,NSL 65874,Os420,1,2,12.8666666666667
2417,JY,2019,Havelock,282+N-N,yes,45,No,NA,B1,-N,sb3,spb2,PI 517974,Pa880,1,2,12.1333333333333
2419,JY,2019,Havelock,282+N-N,yes,45,No,NA,B1,-N,sb3,spb2,Ames 28939,Mo44,1,2,13.8166666666667
2421,JY,2019,Havelock,282+N-N,yes,45,No,NA,B1,-N,sb3,spb2,Ames 27159,NC326,1,2,14.3833333333333
2423,JY,2019,Havelock,282+N-N,yes,45,No,NA,B1,-N,sb3,spb2,Ames 27143,NC294,1,2,12.9666666666667
2425,JY,2019,Havelock,282+N-N,yes,45,No,NA,B1,-N,sb3,spb2,Ames 27160,NC328,1,2,13.4833333333333
2427,JY,2019,Havelock,282+N-N,yes,45,No,NA,B1,-N,sb3,spb2,Ames 27118,Il14H,1,2,10.9166666666667
2429,JY,2019,Havelock,282+N-N,yes,45,No,NA,B1,-N,sb3,spb3,Ames 19293,Wf9,1,2,13.15
2431,JY,2019,Havelock,282+N-N,yes,45,No,NA,B1,-N,sb3,spb3,Ames 31536,A214NGoodman-Buckler,1,2,16.6666666666667
2433,JY,2019,Havelock,282+N-N,yes,45,No,NA,B1,-N,sb3,spb3,Ames 27196,Yu796_NS,1,2,9.25
2435,JY,2019,Havelock,282+N-N,yes,45,No,NA,B1,-N,sb3,spb3,Ames 31535,38-11Goodman-Buckler,1,2,12.0166666666667
2437,JY,2019,Havelock,282+N-N,yes,45,No,NA,B1,-N,sb3,spb3,PI 550518,T8,1,2,12.0333333333333
2439,JY,2019,Havelock,282+N-N,yes,45,No,NA,B1,-N,sb3,spb3,PI 606768,SD40,1,2,11.6666666666667
2441,JY,2019,Havelock,282+N-N,yes,45,No,NA,B1,-N,sb3,spb3,Ames 24989,Va99,1,2,12.0833333333333
2443,JY,2019,Havelock,282+N-N,yes,45,No,NA,B1,-N,sb4,spb1,Check,Check,1,2,12.5333333333333
2445,JY,2019,Havelock,282+N-N,yes,45,No,NA,B1,-N,sb4,spb1,Check,Check,1,2,9.93333333333333
2447,JY,2019,Havelock,282+N-N,yes,45,No,NA,B1,-N,sb4,spb1,Check,Check,1,2,10.8
2449,JY,2019,Havelock,282+N-N,yes,45,No,NA,B1,-N,sb4,spb1,Ames 27086,CML218,1,2,12.2166666666667
2451,JY,2019,Havelock,282+N-N,yes,45,No,NA,B1,-N,sb4,spb1,PI 595561,CML52,1,2,8.86666666666667
2453,JY,2019,Havelock,282+N-N,yes,45,No,NA,B1,-N,sb4,spb1,PI 595542,CML254,1,2,9.9
2455,JY,2019,Havelock,282+N-N,yes,45,No,NA,B1,-N,sb4,spb1,Ames 26604,38-11,1,2,11.5833333333333
2457,JY,2019,Havelock,282+N-N,yes,45,No,NA,B1,-N,sb4,spb2,Ames 27134,M162W,1,2,12.5166666666667
2459,JY,2019,Havelock,282+N-N,yes,45,No,NA,B1,-N,sb4,spb2,Ames 10248,GA209,1,2,8.91666666666667
2461,JY,2019,Havelock,282+N-N,yes,45,No,NA,B1,-N,sb4,spb2,Ames 27155,NC318,1,2,12.1166666666667
2463,JY,2019,Havelock,282+N-N,yes,45,No,NA,B1,-N,sb4,spb2,Ames 28184,CML69,1,2,13.4166666666667
2465,JY,2019,Havelock,282+N-N,yes,45,No,NA,B1,-N,sb4,spb2,PI 587144,Mo24W,1,2,18.2666666666667
2467,JY,2019,Havelock,282+N-N,yes,45,No,NA,B1,-N,sb4,spb2,Check,Check,1,2,16.3833333333333
2469,JY,2019,Havelock,282+N-N,yes,45,No,NA,B1,-N,sb4,spb2,Ames 27121,K64,1,2,10.1833333333333
2471,JY,2019,Havelock,282+N-N,yes,45,No,NA,B1,-N,sb4,spb3,PI 550522,T232,1,2,13.0333333333333
2473,JY,2019,Havelock,282+N-N,yes,45,No,NA,B1,-N,sb4,spb3,Ames 27189,SC55,1,2,NA
2475,JY,2019,Havelock,282+N-N,yes,45,No,NA,B1,-N,sb4,spb3,Ames 22763,Tx601,1,2,11.45
2477,JY,2019,Havelock,282+N-N,yes,45,No,NA,B1,-N,sb4,spb3,PI 257506,F2,1,2,12.85
2479,JY,2019,Havelock,282+N-N,yes,45,No,NA,B1,-N,sb4,spb3,PI 606330,DE2,1,2,13.1333333333333
2481,JY,2019,Havelock,282+N-N,yes,45,No,NA,B1,-N,sb4,spb3,Ames 26808,Ill.Hy,1,2,11.95
2483,JY,2019,Havelock,282+N-N,yes,45,No,NA,B1,-N,sb4,spb3,Check,Check,1,2,NA
2501,JY,2019,Havelock,282+N-N,yes,45,No,NA,B1,-N,sb3,spb1,Ames 19314,CI64,1,2,11.6
2503,JY,2019,Havelock,282+N-N,yes,45,No,NA,B1,-N,sb3,spb1,Ames 27065,B73Htrhm,1,2,12.6
2505,JY,2019,Havelock,282+N-N,yes,45,No,NA,B1,-N,sb3,spb1,PI 608767,B84,1,2,9.7
2507,JY,2019,Havelock,282+N-N,yes,45,No,NA,B1,-N,sb3,spb1,PI 564682,B97,1,2,12.5666666666667
2509,JY,2019,Havelock,282+N-N,yes,45,No,NA,B1,-N,sb3,spb1,PI 597927,B109,1,2,13.1666666666667
2511,JY,2019,Havelock,282+N-N,yes,45,No,NA,B1,-N,sb3,spb1,Ames 23503,A680,1,2,15.15
2513,JY,2019,Havelock,282+N-N,yes,45,No,NA,B1,-N,sb3,spb1,PI 587142,A679,1,2,14.6833333333333
2515,JY,2019,Havelock,282+N-N,yes,45,No,NA,B1,-N,sb3,spb2,PI 558532,Mo17,1,2,17.75
2517,JY,2019,Havelock,282+N-N,yes,45,No,NA,B1,-N,sb3,spb2,Ames 27149,NC306,1,2,12.9666666666667
2519,JY,2019,Havelock,282+N-N,yes,45,No,NA,B1,-N,sb3,spb2,Ames 27180,NC368,1,2,11.2
2521,JY,2019,Havelock,282+N-N,yes,45,No,NA,B1,-N,sb3,spb2,Check,Check,1,2,15.0333333333333
2523,JY,2019,Havelock,282+N-N,yes,45,No,NA,B1,-N,sb3,spb2,Ames 27167,NC342,1,2,9.61666666666667
2525,JY,2019,Havelock,282+N-N,yes,45,No,NA,B1,-N,sb3,spb2,PI 583350,Mo45,1,2,15
2527,JY,2019,Havelock,282+N-N,yes,45,No,NA,B1,-N,sb3,spb2,Ames 27177,NC362,1,2,13.65
2529,JY,2019,Havelock,282+N-N,yes,45,No,NA,B1,-N,sb3,spb3,Ames 31534,CI90CGoodman-Buckler,1,2,8.58333333333333
2531,JY,2019,Havelock,282+N-N,yes,45,No,NA,B1,-N,sb3,spb3,Check,Check,1,2,14.8833333333333
2533,JY,2019,Havelock,282+N-N,yes,45,No,NA,B1,-N,sb3,spb3,PI 592734,R229,1,2,9.38333333333333
2535,JY,2019,Havelock,282+N-N,yes,45,No,NA,B1,-N,sb3,spb3,PI 587132,Sg1533,1,2,10.3666666666667
2537,JY,2019,Havelock,282+N-N,yes,45,No,NA,B1,-N,sb3,spb3,Check,Check,1,2,13.9666666666667
2539,JY,2019,Havelock,282+N-N,yes,45,No,NA,B1,-N,sb3,spb3,PI 587125,CO109,1,2,8.6
2541,JY,2019,Havelock,282+N-N,yes,45,No,NA,B1,-N,sb3,spb3,Ames 27187,R4,1,2,13.5714285714286
2543,JY,2019,Havelock,282+N-N,yes,45,No,NA,B1,-N,sb4,spb1,Check,Check,1,2,15.7
2545,JY,2019,Havelock,282+N-N,yes,45,No,NA,B1,-N,sb4,spb1,Ames 27096,CML322,1,2,10.2666666666667
2547,JY,2019,Havelock,282+N-N,yes,45,No,NA,B1,-N,sb4,spb1,PI 550465,B68,1,2,12.6833333333333
2549,JY,2019,Havelock,282+N-N,yes,45,No,NA,B1,-N,sb4,spb1,PI 406112,A214N,1,2,16.1142857142857
2551,JY,2019,Havelock,282+N-N,yes,45,No,NA,B1,-N,sb4,spb1,PI 587130,4722,1,2,12.2166666666667
2553,JY,2019,Havelock,282+N-N,yes,45,No,NA,B1,-N,sb4,spb1,Ames 27095,CML321,1,2,14.25
2555,JY,2019,Havelock,282+N-N,yes,45,No,NA,B1,-N,sb4,spb1,Check,Check,1,2,16.0166666666667
2557,JY,2019,Havelock,282+N-N,yes,45,No,NA,B1,-N,sb4,spb2,PI 531084,NC258,1,2,9.58333333333333
2559,JY,2019,Havelock,282+N-N,yes,45,No,NA,B1,-N,sb4,spb2,NSL 22893,F44,1,2,8.01666666666667
2561,JY,2019,Havelock,282+N-N,yes,45,No,NA,B1,-N,sb4,spb2,Ames 12729,NC222,1,2,8.85
2563,JY,2019,Havelock,282+N-N,yes,45,No,NA,B1,-N,sb4,spb2,Ames 27133,M37W,1,2,13.5666666666667
2565,JY,2019,Havelock,282+N-N,yes,45,No,NA,B1,-N,sb4,spb2,Check,Check,1,2,14.0333333333333
2567,JY,2019,Havelock,282+N-N,yes,45,No,NA,B1,-N,sb4,spb2,Ames 27170,NC348,1,2,12.2833333333333
2569,JY,2019,Havelock,282+N-N,yes,45,No,NA,B1,-N,sb4,spb2,Ames 27169,NC346,1,2,11.2
2571,JY,2019,Havelock,282+N-N,yes,45,No,NA,B1,-N,sb4,spb3,Check,Check,1,2,15.2833333333333
2573,JY,2019,Havelock,282+N-N,yes,45,No,NA,B1,-N,sb4,spb3,Check,Check,1,2,15.1166666666667
2575,JY,2019,Havelock,282+N-N,yes,45,No,NA,B1,-N,sb4,spb3,PI 558520,Mo1W,1,2,7.3
2577,JY,2019,Havelock,282+N-N,yes,45,No,NA,B1,-N,sb4,spb3,Check,Check,1,2,17.65
2579,JY,2019,Havelock,282+N-N,yes,45,No,NA,B1,-N,sb4,spb3,Ames 27129,KUI2021,1,2,13.0166666666667
2581,JY,2019,Havelock,282+N-N,yes,45,No,NA,B1,-N,sb4,spb3,Ames 27119,Il101T,1,2,10.8833333333333
2583,JY,2019,Havelock,282+N-N,yes,45,No,NA,B1,-N,sb4,spb3,PI 587147,Pa91,1,2,11.42
3001,JY,2019,Havelock,282+N-N,yes,45,No,NA,B2,-N,sb1,spb1,PI 406112,A214N,2,3,13.12
3003,JY,2019,Havelock,282+N-N,yes,45,No,NA,B2,-N,sb1,spb1,NSL 65865,B10,2,3,14.9333333333333
3005,JY,2019,Havelock,282+N-N,yes,45,No,NA,B2,-N,sb1,spb1,Ames 27081,CML103,2,3,14.8333333333333
3007,JY,2019,Havelock,282+N-N,yes,45,No,NA,B2,-N,sb1,spb1,PI 595550,CML277,2,3,9.05
3009,JY,2019,Havelock,282+N-N,yes,45,No,NA,B2,-N,sb1,spb1,Check,Check,2,3,13.6166666666667
3011,JY,2019,Havelock,282+N-N,yes,45,No,NA,B2,-N,sb1,spb1,Ames 26604,38-11,2,3,7.76666666666667
3013,JY,2019,Havelock,282+N-N,yes,45,No,NA,B2,-N,sb1,spb1,Check,Check,2,3,14.55
3015,JY,2019,Havelock,282+N-N,yes,45,No,NA,B2,-N,sb1,spb2,Check,Check,2,3,12.6333333333333
3017,JY,2019,Havelock,282+N-N,yes,45,No,NA,B2,-N,sb1,spb2,Ames 27156,NC320,2,3,9.38333333333333
3019,JY,2019,Havelock,282+N-N,yes,45,No,NA,B2,-N,sb1,spb2,Check,Check,2,3,13.1333333333333
3021,JY,2019,Havelock,282+N-N,yes,45,No,NA,B2,-N,sb1,spb2,NSL 22893,F44,2,3,8.5
3023,JY,2019,Havelock,282+N-N,yes,45,No,NA,B2,-N,sb1,spb2,Ames 27134,M162W,2,3,12.0166666666667
3025,JY,2019,Havelock,282+N-N,yes,45,No,NA,B2,-N,sb1,spb2,Ames 28184,CML69,2,3,10.8666666666667
3027,JY,2019,Havelock,282+N-N,yes,45,No,NA,B2,-N,sb1,spb2,PI 550558,DE811,2,3,11.9333333333333
3029,JY,2019,Havelock,282+N-N,yes,45,No,NA,B2,-N,sb1,spb3,Ames 22748,H100,2,3,10.4833333333333
3031,JY,2019,Havelock,282+N-N,yes,45,No,NA,B2,-N,sb1,spb3,PI 558520,Mo1W,2,3,11.2666666666667
3033,JY,2019,Havelock,282+N-N,yes,45,No,NA,B2,-N,sb1,spb3,PI 506253,Tzi18,2,3,12.3833333333333
3035,JY,2019,Havelock,282+N-N,yes,45,No,NA,B2,-N,sb1,spb3,PI 506246,Tzi8,2,3,9
3037,JY,2019,Havelock,282+N-N,yes,45,No,NA,B2,-N,sb1,spb3,Check,Check,2,3,14.4166666666667
3039,JY,2019,Havelock,282+N-N,yes,45,No,NA,B2,-N,sb1,spb3,Ames 26808,Ill.Hy,2,3,11.95
3041,JY,2019,Havelock,282+N-N,yes,45,No,NA,B2,-N,sb1,spb3,PI 257506,F2,2,3,10.9666666666667
3043,JY,2019,Havelock,282+N-N,yes,45,No,NA,B2,-N,sb2,spb1,Ames 22443,A188,2,3,11.3
3045,JY,2019,Havelock,282+N-N,yes,45,No,NA,B2,-N,sb2,spb1,Ames 27068,CH9,2,3,10.2833333333333
3047,JY,2019,Havelock,282+N-N,yes,45,No,NA,B2,-N,sb2,spb1,PI 587143,A682,2,3,12.2833333333333
3049,JY,2019,Havelock,282+N-N,yes,45,No,NA,B2,-N,sb2,spb1,Check,Check,2,3,15.8666666666667
3051,JY,2019,Havelock,282+N-N,yes,45,No,NA,B2,-N,sb2,spb1,Ames 19311,A641,2,3,10.9
3053,JY,2019,Havelock,282+N-N,yes,45,No,NA,B2,-N,sb2,spb1,Ames 23450,A556,2,3,12.7833333333333
3055,JY,2019,Havelock,282+N-N,yes,45,No,NA,B2,-N,sb2,spb1,PI 587124,CM105,2,3,14.6333333333333
3057,JY,2019,Havelock,282+N-N,yes,45,No,NA,B2,-N,sb2,spb2,Ames 27135,MEF156-55-2,2,3,NA
3059,JY,2019,Havelock,282+N-N,yes,45,No,NA,B2,-N,sb2,spb2,Ames 20140,Mt42,2,3,11.2
3061,JY,2019,Havelock,282+N-N,yes,45,No,NA,B2,-N,sb2,spb2,PI 583352,Mo47,2,3,11.2833333333333
3063,JY,2019,Havelock,282+N-N,yes,45,No,NA,B2,-N,sb2,spb2,Check,Check,2,3,13.9666666666667
3065,JY,2019,Havelock,282+N-N,yes,45,No,NA,B2,-N,sb2,spb2,PI 587129,H99,2,3,10.669
3067,JY,2019,Havelock,282+N-N,yes,45,No,NA,B2,-N,sb2,spb2,PI 587127,H105W,2,3,11.78
3069,JY,2019,Havelock,282+N-N,yes,45,No,NA,B2,-N,sb2,spb2,Check,Check,2,3,15.5857142857143
3071,JY,2019,Havelock,282+N-N,yes,45,No,NA,B2,-N,sb2,spb3,PI 587145,NC268,2,3,14.05
3073,JY,2019,Havelock,282+N-N,yes,45,No,NA,B2,-N,sb2,spb3,Ames 27162,NC332,2,3,14.1
3075,JY,2019,Havelock,282+N-N,yes,45,No,NA,B2,-N,sb2,spb3,PI 587154,W153R,2,3,10
3077,JY,2019,Havelock,282+N-N,yes,45,No,NA,B2,-N,sb2,spb3,PI 550490,ND246,2,3,14.1333333333333
3079,JY,2019,Havelock,282+N-N,yes,45,No,NA,B2,-N,sb2,spb3,Ames 28186,P39,2,3,12.1285714285714
3081,JY,2019,Havelock,282+N-N,yes,45,No,NA,B2,-N,sb2,spb3,Ames 19016,Va59,2,3,10.6166666666667
3083,JY,2019,Havelock,282+N-N,yes,45,No,NA,B2,-N,sb2,spb3,PI 524969,SD44,2,3,8.16666666666667
3101,JY,2019,Havelock,282+N-N,yes,45,No,NA,B2,-N,sb1,spb1,Ames 27082,CML108,2,3,10.85
3103,JY,2019,Havelock,282+N-N,yes,45,No,NA,B2,-N,sb1,spb1,Check,Check,2,3,15.0333333333333
3105,JY,2019,Havelock,282+N-N,yes,45,No,NA,B2,-N,sb1,spb1,Check,Check,2,3,10.5833333333333
3107,JY,2019,Havelock,282+N-N,yes,45,No,NA,B2,-N,sb1,spb1,Check,Check,2,3,13.8
3109,JY,2019,Havelock,282+N-N,yes,45,No,NA,B2,-N,sb1,spb1,Check,Check,2,3,12.4166666666667
3111,JY,2019,Havelock,282+N-N,yes,45,No,NA,B2,-N,sb1,spb1,PI 550465,B68,2,3,16.0666666666667
3113,JY,2019,Havelock,282+N-N,yes,45,No,NA,B2,-N,sb1,spb1,Check,Check,2,3,15.3833333333333
3115,JY,2019,Havelock,282+N-N,yes,45,No,NA,B2,-N,sb1,spb2,Ames 27166,NC340,2,3,14.0333333333333
3117,JY,2019,Havelock,282+N-N,yes,45,No,NA,B2,-N,sb1,spb2,Ames 27169,NC346,2,3,11.9833333333333
3119,JY,2019,Havelock,282+N-N,yes,45,No,NA,B2,-N,sb1,spb2,Ames 27155,NC318,2,3,11.05
3121,JY,2019,Havelock,282+N-N,yes,45,No,NA,B2,-N,sb1,spb2,Ames 10248,GA209,2,3,12.0666666666667
3123,JY,2019,Havelock,282+N-N,yes,45,No,NA,B2,-N,sb1,spb2,Ames 27133,M37W,2,3,15.3
3125,JY,2019,Havelock,282+N-N,yes,45,No,NA,B2,-N,sb1,spb2,Ames 27165,NC338,2,3,16.4833333333333
3127,JY,2019,Havelock,282+N-N,yes,45,No,NA,B2,-N,sb1,spb2,Ames 27121,K64,2,3,14
3129,JY,2019,Havelock,282+N-N,yes,45,No,NA,B2,-N,sb1,spb3,PI 587147,Pa91,2,3,13.2833333333333
3131,JY,2019,Havelock,282+N-N,yes,45,No,NA,B2,-N,sb1,spb3,PI 550522,T232,2,3,9.78333333333333
3133,JY,2019,Havelock,282+N-N,yes,45,No,NA,B2,-N,sb1,spb3,Check,Check,2,3,15.2166666666667
3135,JY,2019,Havelock,282+N-N,yes,45,No,NA,B2,-N,sb1,spb3,PI 506255,Tzi25,2,3,13.2666666666667
3137,JY,2019,Havelock,282+N-N,yes,45,No,NA,B2,-N,sb1,spb3,PI 606330,DE2,2,3,13.6666666666667
3139,JY,2019,Havelock,282+N-N,yes,45,No,NA,B2,-N,sb1,spb3,Ames 27119,Il101T,2,3,10.6333333333333
3141,JY,2019,Havelock,282+N-N,yes,45,No,NA,B2,-N,sb1,spb3,Ames 27129,KUI2021,2,3,12.8666666666667
3143,JY,2019,Havelock,282+N-N,yes,45,No,NA,B2,-N,sb2,spb1,Ames 27067,C49A,2,3,10.24
3145,JY,2019,Havelock,282+N-N,yes,45,No,NA,B2,-N,sb2,spb1,PI 607521,A661,2,3,11.4714285714286
3147,JY,2019,Havelock,282+N-N,yes,45,No,NA,B2,-N,sb2,spb1,PI 608774,B75,2,3,12.6166666666667
3149,JY,2019,Havelock,282+N-N,yes,45,No,NA,B2,-N,sb2,spb1,PI 587139,A619,2,3,14.3
3151,JY,2019,Havelock,282+N-N,yes,45,No,NA,B2,-N,sb2,spb1,PI 594046,B103,2,3,16.66
3153,JY,2019,Havelock,282+N-N,yes,45,No,NA,B2,-N,sb2,spb1,NSL 81599,A659,2,3,14.2
3155,JY,2019,Havelock,282+N-N,yes,45,No,NA,B2,-N,sb2,spb1,PI 587138,A554,2,3,9.76666666666667
3157,JY,2019,Havelock,282+N-N,yes,45,No,NA,B2,-N,sb2,spb2,Ames 27106,CO125,2,3,8.96666666666667
3159,JY,2019,Havelock,282+N-N,yes,45,No,NA,B2,-N,sb2,spb2,PI 686057,I29,2,3,11.7166666666667
3161,JY,2019,Havelock,282+N-N,yes,45,No,NA,B2,-N,sb2,spb2,Ames 20190,CM37,2,3,10.0166666666667
3163,JY,2019,Havelock,282+N-N,yes,45,No,NA,B2,-N,sb2,spb2,Ames 24752,MS1334,2,3,10.7666666666667
3165,JY,2019,Havelock,282+N-N,yes,45,No,NA,B2,-N,sb2,spb2,Ames 27111,EP1,2,3,10.8
3167,JY,2019,Havelock,282+N-N,yes,45,No,NA,B2,-N,sb2,spb2,Ames 27107,CO255,2,3,14.1
3169,JY,2019,Havelock,282+N-N,yes,45,No,NA,B2,-N,sb2,spb2,PI 686063,IDS91,2,3,13.4833333333333
3171,JY,2019,Havelock,282+N-N,yes,45,No,NA,B2,-N,sb2,spb3,Ames 27152,NC312,2,3,13.2
3173,JY,2019,Havelock,282+N-N,yes,45,No,NA,B2,-N,sb2,spb3,Check,Check,2,3,15.35
3175,JY,2019,Havelock,282+N-N,yes,45,No,NA,B2,-N,sb2,spb3,Ames 19330,W182B,2,3,12.4666666666667
3177,JY,2019,Havelock,282+N-N,yes,45,No,NA,B2,-N,sb2,spb3,Ames 19288,Oh43,2,3,14.7333333333333
3179,JY,2019,Havelock,282+N-N,yes,45,No,NA,B2,-N,sb2,spb3,Ames 27154,NC316,2,3,14.8
3181,JY,2019,Havelock,282+N-N,yes,45,No,NA,B2,-N,sb2,spb3,Ames 27142,NC292,2,3,12.9
3183,JY,2019,Havelock,282+N-N,yes,45,No,NA,B2,-N,sb2,spb3,Ames 27163,NC334,2,3,13.2
3201,JY,2019,Havelock,282+N-N,yes,45,No,NA,B2,-N,sb1,spb1,PI 587130,4722,2,3,8.275
3203,JY,2019,Havelock,282+N-N,yes,45,No,NA,B2,-N,sb1,spb1,Check,Check,2,3,14.8666666666667
3205,JY,2019,Havelock,282+N-N,yes,45,No,NA,B2,-N,sb1,spb1,Ames 27096,CML322,2,3,10.2833333333333
3207,JY,2019,Havelock,282+N-N,yes,45,No,NA,B2,-N,sb1,spb1,Ames 27101,CML333,2,3,NA
3209,JY,2019,Havelock,282+N-N,yes,45,No,NA,B2,-N,sb1,spb1,Ames 27085,CML158Q,2,3,14.4833333333333
3211,JY,2019,Havelock,282+N-N,yes,45,No,NA,B2,-N,sb1,spb1,Check,Check,2,3,14.2666666666667
3213,JY,2019,Havelock,282+N-N,yes,45,No,NA,B2,-N,sb1,spb1,Ames 27086,CML218,2,3,11.8666666666667
3215,JY,2019,Havelock,282+N-N,yes,45,No,NA,B2,-N,sb1,spb2,Ames 27170,NC348,2,3,11.55
3217,JY,2019,Havelock,282+N-N,yes,45,No,NA,B2,-N,sb1,spb2,PI 531084,NC258,2,3,11.0333333333333
3219,JY,2019,Havelock,282+N-N,yes,45,No,NA,B2,-N,sb1,spb2,Ames 27144,NC296,2,3,11.9666666666667
3221,JY,2019,Havelock,282+N-N,yes,45,No,NA,B2,-N,sb1,spb2,NSL 30038,K4,2,3,7.58333333333333
3223,JY,2019,Havelock,282+N-N,yes,45,No,NA,B2,-N,sb1,spb2,PI 587144,Mo24W,2,3,13.85
3225,JY,2019,Havelock,282+N-N,yes,45,No,NA,B2,-N,sb1,spb2,Ames 27110,E2558W,2,3,14.4375
3227,JY,2019,Havelock,282+N-N,yes,45,No,NA,B2,-N,sb1,spb2,Ames 12729,NC222,2,3,8.73333333333333
3229,JY,2019,Havelock,282+N-N,yes,45,No,NA,B2,-N,sb1,spb3,Ames 27131,Ky226,2,3,10.5
3231,JY,2019,Havelock,282+N-N,yes,45,No,NA,B2,-N,sb1,spb3,Check,Check,2,3,13.9833333333333
3233,JY,2019,Havelock,282+N-N,yes,45,No,NA,B2,-N,sb1,spb3,PI 506247,Tzi9,2,3,10.2333333333333
3235,JY,2019,Havelock,282+N-N,yes,45,No,NA,B2,-N,sb1,spb3,Ames 27189,SC55,2,3,8.3875
3237,JY,2019,Havelock,282+N-N,yes,45,No,NA,B2,-N,sb1,spb3,PI 540745,Tzi11,2,3,10.1833333333333
3239,JY,2019,Havelock,282+N-N,yes,45,No,NA,B2,-N,sb1,spb3,Ames 27179,NC366,2,3,12.58
3241,JY,2019,Havelock,282+N-N,yes,45,No,NA,B2,-N,sb1,spb3,Check,Check,2,3,14.0333333333333
3243,JY,2019,Havelock,282+N-N,yes,45,No,NA,B2,-N,sb2,spb1,Ames 23405,A239,2,3,12.6
3245,JY,2019,Havelock,282+N-N,yes,45,No,NA,B2,-N,sb2,spb1,Ames 19313,C123,2,3,NA
3247,JY,2019,Havelock,282+N-N,yes,45,No,NA,B2,-N,sb2,spb1,Ames 19316,CM174,2,3,13.9666666666667
3249,JY,2019,Havelock,282+N-N,yes,45,No,NA,B2,-N,sb2,spb1,PI 550483,B76,2,3,12.175
3251,JY,2019,Havelock,282+N-N,yes,45,No,NA,B2,-N,sb2,spb1,PI 587141,A654,2,3,15.5571428571429
3253,JY,2019,Havelock,282+N-N,yes,45,No,NA,B2,-N,sb2,spb1,PI 550440,B64,2,3,14.2833333333333
3255,JY,2019,Havelock,282+N-N,yes,45,No,NA,B2,-N,sb2,spb1,Ames 19308,A634,2,3,14.5166666666667
3257,JY,2019,Havelock,282+N-N,yes,45,No,NA,B2,-N,sb2,spb2,Ames 24734,MS153,2,3,12.5
3259,JY,2019,Havelock,282+N-N,yes,45,No,NA,B2,-N,sb2,spb2,PI 257507,F7,2,3,12.3333333333333
3261,JY,2019,Havelock,282+N-N,yes,45,No,NA,B2,-N,sb2,spb2,Ames 27105,CO106,2,3,11.6
3263,JY,2019,Havelock,282+N-N,yes,45,No,NA,B2,-N,sb2,spb2,Ames 27104,CMV3,2,3,10.45
3265,JY,2019,Havelock,282+N-N,yes,45,No,NA,B2,-N,sb2,spb2,NSL 30867,M14,2,3,11.4
3267,JY,2019,Havelock,282+N-N,yes,45,No,NA,B2,-N,sb2,spb2,Ames 28364,IA2132,2,3,16.2833333333333
3269,JY,2019,Havelock,282+N-N,yes,45,No,NA,B2,-N,sb2,spb2,Ames 27070,CM7,2,3,10.625
3271,JY,2019,Havelock,282+N-N,yes,45,No,NA,B2,-N,sb2,spb3,PI 531085,NC262,2,3,11.4833333333333
3273,JY,2019,Havelock,282+N-N,yes,45,No,NA,B2,-N,sb2,spb3,Check,Check,2,3,15.4666666666667
3275,JY,2019,Havelock,282+N-N,yes,45,No,NA,B2,-N,sb2,spb3,Ames 19326,R168,2,3,9.625
3277,JY,2019,Havelock,282+N-N,yes,45,No,NA,B2,-N,sb2,spb3,Ames 27150,NC308,2,3,13.6833333333333
3279,JY,2019,Havelock,282+N-N,yes,45,No,NA,B2,-N,sb2,spb3,PI 550566,N192,2,3,16.95
3281,JY,2019,Havelock,282+N-N,yes,45,No,NA,B2,-N,sb2,spb3,Ames 27161,NC330,2,3,15.8333333333333
3283,JY,2019,Havelock,282+N-N,yes,45,No,NA,B2,-N,sb2,spb3,Check,Check,2,3,17.0833333333333
3301,JY,2019,Havelock,282+N-N,yes,45,No,NA,B2,-N,sb3,spb1,Ames 19309,A635,2,3,8.91428571428571
3303,JY,2019,Havelock,282+N-N,yes,45,No,NA,B2,-N,sb3,spb1,Check,Check,2,3,14.6833333333333
3305,JY,2019,Havelock,282+N-N,yes,45,No,NA,B2,-N,sb3,spb1,Ames 26138,CI187-2,2,3,11.7333333333333
3307,JY,2019,Havelock,282+N-N,yes,45,No,NA,B2,-N,sb3,spb1,Ames 27087,CML220,2,3,10.3166666666667
3309,JY,2019,Havelock,282+N-N,yes,45,No,NA,B2,-N,sb3,spb1,PI 608766,B79,2,3,9.45714285714286
3311,JY,2019,Havelock,282+N-N,yes,45,No,NA,B2,-N,sb3,spb1,Ames 27083,CML154Q,2,3,15.1666666666667
3313,JY,2019,Havelock,282+N-N,yes,45,No,NA,B2,-N,sb3,spb1,Ames 27112,F2834T,2,3,11.3166666666667
3315,JY,2019,Havelock,282+N-N,yes,45,No,NA,B2,-N,sb3,spb2,Check,Check,2,3,15.9333333333333
3317,JY,2019,Havelock,282+N-N,yes,45,No,NA,B2,-N,sb3,spb2,Ames 27164,NC336,2,3,14.18
3319,JY,2019,Havelock,282+N-N,yes,45,No,NA,B2,-N,sb3,spb2,Ames 12732,NC232,2,3,12.85
3321,JY,2019,Havelock,282+N-N,yes,45,No,NA,B2,-N,sb3,spb2,Ames 27137,N6,2,3,12.7166666666667
3323,JY,2019,Havelock,282+N-N,yes,45,No,NA,B2,-N,sb3,spb2,PI 583351,Mo46,2,3,11.86
3325,JY,2019,Havelock,282+N-N,yes,45,No,NA,B2,-N,sb3,spb2,Ames 27147,NC302,2,3,11.1333333333333
3327,JY,2019,Havelock,282+N-N,yes,45,No,NA,B2,-N,sb3,spb2,Ames 28366,N7A,2,3,11.8333333333333
3329,JY,2019,Havelock,282+N-N,yes,45,No,NA,B2,-N,sb3,spb3,Ames 27183,Oh43E,2,3,11.3333333333333
3331,JY,2019,Havelock,282+N-N,yes,45,No,NA,B2,-N,sb3,spb3,Ames 19323,Oh7B,2,3,17.3666666666667
3333,JY,2019,Havelock,282+N-N,yes,45,No,NA,B2,-N,sb3,spb3,Ames 27184,Pa762,2,3,11.9333333333333
3335,JY,2019,Havelock,282+N-N,yes,45,No,NA,B2,-N,sb3,spb3,PI 587150,Va35,2,3,11.9833333333333
3337,JY,2019,Havelock,282+N-N,yes,45,No,NA,B2,-N,sb3,spb3,PI 587152,W64A,2,3,11.7
3339,JY,2019,Havelock,282+N-N,yes,45,No,NA,B2,-N,sb3,spb3,PI 686065,SA24,2,3,13.8857142857143
3341,JY,2019,Havelock,282+N-N,yes,45,No,NA,B2,-N,sb3,spb3,Check,Check,2,3,12.5833333333333
3343,JY,2019,Havelock,282+N-N,yes,45,No,NA,B2,-N,sb4,spb1,PI 564682,B97,2,3,11.7333333333333
3345,JY,2019,Havelock,282+N-N,yes,45,No,NA,B2,-N,sb4,spb1,NSL 30904,4226,2,3,12.75
3347,JY,2019,Havelock,282+N-N,yes,45,No,NA,B2,-N,sb4,spb1,PI 550467,B37,2,3,13
3349,JY,2019,Havelock,282+N-N,yes,45,No,NA,B2,-N,sb4,spb1,PI 550469,B46,2,3,16.5857142857143
3351,JY,2019,Havelock,282+N-N,yes,45,No,NA,B2,-N,sb4,spb1,PI 608767,B84,2,3,14.35
3353,JY,2019,Havelock,282+N-N,yes,45,No,NA,B2,-N,sb4,spb1,PI 597927,B109,2,3,14.7714285714286
3355,JY,2019,Havelock,282+N-N,yes,45,No,NA,B2,-N,sb4,spb1,Ames 27065,B73Htrhm,2,3,11.48
3357,JY,2019,Havelock,282+N-N,yes,45,No,NA,B2,-N,sb4,spb2,NSL 30894,R177,2,3,13.2857142857143
3359,JY,2019,Havelock,282+N-N,yes,45,No,NA,B2,-N,sb4,spb2,NSL 65874,Os420,2,3,13.2
3361,JY,2019,Havelock,282+N-N,yes,45,No,NA,B2,-N,sb4,spb2,Ames 27159,NC326,2,3,14.8833333333333
3363,JY,2019,Havelock,282+N-N,yes,45,No,NA,B2,-N,sb4,spb2,Ames 27143,NC294,2,3,11.7166666666667
3365,JY,2019,Havelock,282+N-N,yes,45,No,NA,B2,-N,sb4,spb2,Ames 27180,NC368,2,3,10.3
3367,JY,2019,Havelock,282+N-N,yes,45,No,NA,B2,-N,sb4,spb2,Ames 27118,Il14H,2,3,10.1875
3369,JY,2019,Havelock,282+N-N,yes,45,No,NA,B2,-N,sb4,spb2,NSL 28966,Oh40B,2,3,16.92
3371,JY,2019,Havelock,282+N-N,yes,45,No,NA,B2,-N,sb4,spb3,PI 587132,Sg1533,2,3,11.9166666666667
3373,JY,2019,Havelock,282+N-N,yes,45,No,NA,B2,-N,sb4,spb3,Ames 28290,C49,2,3,7.525
3375,JY,2019,Havelock,282+N-N,yes,45,No,NA,B2,-N,sb4,spb3,PI 587149,Va26,2,3,10.5
3377,JY,2019,Havelock,282+N-N,yes,45,No,NA,B2,-N,sb4,spb3,Check,Check,2,3,13.9
3379,JY,2019,Havelock,282+N-N,yes,45,No,NA,B2,-N,sb4,spb3,Ames 24989,Va99,2,3,14.1166666666667
3381,JY,2019,Havelock,282+N-N,yes,45,No,NA,B2,-N,sb4,spb3,Ames 27196,Yu796_NS,2,3,8.8
3383,JY,2019,Havelock,282+N-N,yes,45,No,NA,B2,-N,sb4,spb3,PI 550518,T8,2,3,10.1833333333333
3401,JY,2019,Havelock,282+N-N,yes,45,No,NA,B2,-N,sb3,spb1,PI 587131,HP301,2,3,NA
3403,JY,2019,Havelock,282+N-N,yes,45,No,NA,B2,-N,sb3,spb1,PI 550472,B57,2,3,NA
3405,JY,2019,Havelock,282+N-N,yes,45,No,NA,B2,-N,sb3,spb1,PI 594047,B104,2,3,10.8333333333333
3407,JY,2019,Havelock,282+N-N,yes,45,No,NA,B2,-N,sb3,spb1,Ames 22754,K55,2,3,NA
3409,JY,2019,Havelock,282+N-N,yes,45,No,NA,B2,-N,sb3,spb1,Check,Check,2,3,14.7166666666667
3411,JY,2019,Havelock,282+N-N,yes,45,No,NA,B2,-N,sb3,spb1,Check,Check,2,3,15
3413,JY,2019,Havelock,282+N-N,yes,45,No,NA,B2,-N,sb3,spb1,Ames 21512,CI31A,2,3,9.92857142857143
3415,JY,2019,Havelock,282+N-N,yes,45,No,NA,B2,-N,sb3,spb2,Ames 27172,NC352,2,3,13.9166666666667
3417,JY,2019,Havelock,282+N-N,yes,45,No,NA,B2,-N,sb3,spb2,Check,Check,2,3,16.12
3419,JY,2019,Havelock,282+N-N,yes,45,No,NA,B2,-N,sb3,spb2,PI 520774,NC264,2,3,10.5666666666667
3421,JY,2019,Havelock,282+N-N,yes,45,No,NA,B2,-N,sb3,spb2,Ames 27138,N28Ht,2,3,12.4142857142857
3423,JY,2019,Havelock,282+N-N,yes,45,No,NA,B2,-N,sb3,spb2,PI 543916,Mp339,2,3,NA
3425,JY,2019,Havelock,282+N-N,yes,45,No,NA,B2,-N,sb3,spb2,Ames 27141,NC290A,2,3,14.7166666666667
3427,JY,2019,Havelock,282+N-N,yes,45,No,NA,B2,-N,sb3,spb2,PI 550555,NC250,2,3,NA
3429,JY,2019,Havelock,282+N-N,yes,45,No,NA,B2,-N,sb3,spb3,Ames 19000,VaW6,2,3,16.6
3431,JY,2019,Havelock,282+N-N,yes,45,No,NA,B2,-N,sb3,spb3,NSL 53094,SC357,2,3,NA
3433,JY,2019,Havelock,282+N-N,yes,45,No,NA,B2,-N,sb3,spb3,Ames 27185,Pa875,2,3,13.2666666666667
3435,JY,2019,Havelock,282+N-N,yes,45,No,NA,B2,-N,sb3,spb3,Ames 27181,NC370,2,3,9.83333333333333
3437,JY,2019,Havelock,282+N-N,yes,45,No,NA,B2,-N,sb3,spb3,Check,Check,2,3,NA
3439,JY,2019,Havelock,282+N-N,yes,45,No,NA,B2,-N,sb3,spb3,Ames 8399,W117HT,2,3,9.66666666666667
3441,JY,2019,Havelock,282+N-N,yes,45,No,NA,B2,-N,sb3,spb3,PI 587151,Va102,2,3,12.5833333333333
3443,JY,2019,Havelock,282+N-N,yes,45,No,NA,B2,-N,sb4,spb1,PI 587140,A632,2,3,15.2
3445,JY,2019,Havelock,282+N-N,yes,45,No,NA,B2,-N,sb4,spb1,Check,Check,2,3,13.9
3447,JY,2019,Havelock,282+N-N,yes,45,No,NA,B2,-N,sb4,spb1,Ames 27069,CH701-30,2,3,10.025
3449,JY,2019,Havelock,282+N-N,yes,45,No,NA,B2,-N,sb4,spb1,PI 550461,B14A,2,3,10.4
3451,JY,2019,Havelock,282+N-N,yes,45,No,NA,B2,-N,sb4,spb1,PI 608765,B77,2,3,14.8666666666667
3453,JY,2019,Havelock,282+N-N,yes,45,No,NA,B2,-N,sb4,spb1,PI 686059,IDS28,2,3,10.56
3455,JY,2019,Havelock,282+N-N,yes,45,No,NA,B2,-N,sb4,spb1,Ames 23503,A680,2,3,13.64
3457,JY,2019,Havelock,282+N-N,yes,45,No,NA,B2,-N,sb4,spb2,Ames 28939,Mo44,2,3,14.5166666666667
3459,JY,2019,Havelock,282+N-N,yes,45,No,NA,B2,-N,sb4,spb2,Ames 27149,NC306,2,3,12.4666666666667
3461,JY,2019,Havelock,282+N-N,yes,45,No,NA,B2,-N,sb4,spb2,Check,Check,2,3,14.2
3463,JY,2019,Havelock,282+N-N,yes,45,No,NA,B2,-N,sb4,spb2,PI 517974,Pa880,2,3,10.3333333333333
3465,JY,2019,Havelock,282+N-N,yes,45,No,NA,B2,-N,sb4,spb2,Ames 27178,NC364,2,3,8.86666666666667
3467,JY,2019,Havelock,282+N-N,yes,45,No,NA,B2,-N,sb4,spb2,Ames 27168,NC344,2,3,NA
3469,JY,2019,Havelock,282+N-N,yes,45,No,NA,B2,-N,sb4,spb2,NSL 65873,L317,2,3,12.7
3471,JY,2019,Havelock,282+N-N,yes,45,No,NA,B2,-N,sb4,spb3,Ames 19328,Va22,2,3,14.4333333333333
3473,JY,2019,Havelock,282+N-N,yes,45,No,NA,B2,-N,sb4,spb3,Ames 27187,R4,2,3,12.8
3475,JY,2019,Havelock,282+N-N,yes,45,No,NA,B2,-N,sb4,spb3,Ames 31535,38-11Goodman-Buckler,2,3,15.2666666666667
3477,JY,2019,Havelock,282+N-N,yes,45,No,NA,B2,-N,sb4,spb3,CIze 44,CI44,2,3,13.2
3479,JY,2019,Havelock,282+N-N,yes,45,No,NA,B2,-N,sb4,spb3,Ames 31534,CI90CGoodman-Buckler,2,3,NA
3481,JY,2019,Havelock,282+N-N,yes,45,No,NA,B2,-N,sb4,spb3,Ames 28367,CI7Goodman-Buckler,2,3,12.3333333333333
3483,JY,2019,Havelock,282+N-N,yes,45,No,NA,B2,-N,sb4,spb3,Check,Check,2,3,14.1666666666667
3501,JY,2019,Havelock,282+N-N,yes,45,No,NA,B2,-N,sb3,spb1,Ames 27097,CML323,2,3,12.5666666666667
3503,JY,2019,Havelock,282+N-N,yes,45,No,NA,B2,-N,sb3,spb1,PI 606329,DE1,2,3,11.15
3505,JY,2019,Havelock,282+N-N,yes,45,No,NA,B2,-N,sb3,spb1,Ames 27120,Il677a,2,3,12.1166666666667
3507,JY,2019,Havelock,282+N-N,yes,45,No,NA,B2,-N,sb3,spb1,Ames 22440,CI90C,2,3,13.0666666666667
3509,JY,2019,Havelock,282+N-N,yes,45,No,NA,B2,-N,sb3,spb1,PI 587128,H84,2,3,10.7
3511,JY,2019,Havelock,282+N-N,yes,45,No,NA,B2,-N,sb3,spb1,Ames 19319,H95,2,3,10.8
3513,JY,2019,Havelock,282+N-N,yes,45,No,NA,B2,-N,sb3,spb1,PI 594048,B105,2,3,14.4833333333333
3515,JY,2019,Havelock,282+N-N,yes,45,No,NA,B2,-N,sb3,spb2,Ames 27158,NC324,2,3,12.7
3517,JY,2019,Havelock,282+N-N,yes,45,No,NA,B2,-N,sb3,spb2,Ames 27260,Ki44,2,3,9
3519,JY,2019,Havelock,282+N-N,yes,45,No,NA,B2,-N,sb3,spb2,Check,Check,2,3,13.2833333333333
3521,JY,2019,Havelock,282+N-N,yes,45,No,NA,B2,-N,sb3,spb2,Ames 27175,NC358,2,3,11.9833333333333
3523,JY,2019,Havelock,282+N-N,yes,45,No,NA,B2,-N,sb3,spb2,Ames 27174,NC356,2,3,8.8
3525,JY,2019,Havelock,282+N-N,yes,45,No,NA,B2,-N,sb3,spb2,Check,Check,2,3,16.1
3527,JY,2019,Havelock,282+N-N,yes,45,No,NA,B2,-N,sb3,spb2,Ames 12731,NC230,2,3,9.68333333333333
3529,JY,2019,Havelock,282+N-N,yes,45,No,NA,B2,-N,sb3,spb3,NSL 30053,W22,2,3,11.6666666666667
3531,JY,2019,Havelock,282+N-N,yes,45,No,NA,B2,-N,sb3,spb3,Ames 27182,NC372,2,3,12.65
3533,JY,2019,Havelock,282+N-N,yes,45,No,NA,B2,-N,sb3,spb3,PI 573098,Oh603,2,3,13.3833333333333
3535,JY,2019,Havelock,282+N-N,yes,45,No,NA,B2,-N,sb3,spb3,Ames 27194,W401,2,3,13.6333333333333
3537,JY,2019,Havelock,282+N-N,yes,45,No,NA,B2,-N,sb3,spb3,Ames 27176,NC360,2,3,12.7
3539,JY,2019,Havelock,282+N-N,yes,45,No,NA,B2,-N,sb3,spb3,Ames 27190,T234,2,3,13.7
3541,JY,2019,Havelock,282+N-N,yes,45,No,NA,B2,-N,sb3,spb3,PI 686066,SG18,2,3,13.8
3543,JY,2019,Havelock,282+N-N,yes,45,No,NA,B2,-N,sb4,spb1,Ames 26769,B2,2,3,NA
3545,JY,2019,Havelock,282+N-N,yes,45,No,NA,B2,-N,sb4,spb1,Ames 27114,H91,2,3,21.25
3547,JY,2019,Havelock,282+N-N,yes,45,No,NA,B2,-N,sb4,spb1,Ames 27066,B164,2,3,15.9666666666667
3549,JY,2019,Havelock,282+N-N,yes,45,No,NA,B2,-N,sb4,spb1,PI 550473,B73,2,3,12.2666666666667
3551,JY,2019,Havelock,282+N-N,yes,45,No,NA,B2,-N,sb4,spb1,Check,Check,2,3,13.8833333333333
3553,JY,2019,Havelock,282+N-N,yes,45,No,NA,B2,-N,sb4,spb1,Check,Check,2,3,14.2333333333333
3555,JY,2019,Havelock,282+N-N,yes,45,No,NA,B2,-N,sb4,spb1,PI 587142,A679,2,3,11.6833333333333
3557,JY,2019,Havelock,282+N-N,yes,45,No,NA,B2,-N,sb4,spb2,Ames 27167,NC342,2,3,14.4333333333333
3559,JY,2019,Havelock,282+N-N,yes,45,No,NA,B2,-N,sb4,spb2,PI 558532,Mo17,2,3,14.1
3561,JY,2019,Havelock,282+N-N,yes,45,No,NA,B2,-N,sb4,spb2,Ames 27177,NC362,2,3,13.0333333333333
3563,JY,2019,Havelock,282+N-N,yes,45,No,NA,B2,-N,sb4,spb2,Ames 27160,NC328,2,3,12.7666666666667
3565,JY,2019,Havelock,282+N-N,yes,45,No,NA,B2,-N,sb4,spb2,Ames 27151,NC310,2,3,11.375
3567,JY,2019,Havelock,282+N-N,yes,45,No,NA,B2,-N,sb4,spb2,PI 583350,Mo45,2,3,16.8333333333333
3569,JY,2019,Havelock,282+N-N,yes,45,No,NA,B2,-N,sb4,spb2,Ames 27140,NC260,2,3,NA
3571,JY,2019,Havelock,282+N-N,yes,45,No,NA,B2,-N,sb4,spb3,Ames 19293,Wf9,2,3,14.6
3573,JY,2019,Havelock,282+N-N,yes,45,No,NA,B2,-N,sb4,spb3,PI 606768,SD40,2,3,15.06
3575,JY,2019,Havelock,282+N-N,yes,45,No,NA,B2,-N,sb4,spb3,PI 587125,CO109,2,3,11.32
3577,JY,2019,Havelock,282+N-N,yes,45,No,NA,B2,-N,sb4,spb3,Ames 26771,33-16,2,3,12.2
3579,JY,2019,Havelock,282+N-N,yes,45,No,NA,B2,-N,sb4,spb3,Ames 31536,A214NGoodman-Buckler,2,3,14.5333333333333
3581,JY,2019,Havelock,282+N-N,yes,45,No,NA,B2,-N,sb4,spb3,PI 592734,R229,2,3,12.3333333333333
3583,JY,2019,Havelock,282+N-N,yes,45,No,NA,B2,-N,sb4,spb3,Ames 27193,Va85,2,3,14.3833333333333
4001,JY,2019,Havelock,282+N-N,yes,45,No,NA,B2,+N,sb1,spb1,PI 550467,B37,2,4,11.65
4003,JY,2019,Havelock,282+N-N,yes,45,No,NA,B2,+N,sb1,spb1,PI 550461,B14A,2,4,16.8
4005,JY,2019,Havelock,282+N-N,yes,45,No,NA,B2,+N,sb1,spb1,NSL 30904,4226,2,4,14.1833333333333
4007,JY,2019,Havelock,282+N-N,yes,45,No,NA,B2,+N,sb1,spb1,PI 564682,B97,2,4,10.9666666666667
4009,JY,2019,Havelock,282+N-N,yes,45,No,NA,B2,+N,sb1,spb1,PI 550473,B73,2,4,12.7428571428571
4011,JY,2019,Havelock,282+N-N,yes,45,No,NA,B2,+N,sb1,spb1,PI 587142,A679,2,4,13.8833333333333
4013,JY,2019,Havelock,282+N-N,yes,45,No,NA,B2,+N,sb1,spb1,Check,Check,2,4,18.3333333333333
4015,JY,2019,Havelock,282+N-N,yes,45,No,NA,B2,+N,sb1,spb2,Ames 27177,NC362,2,4,11.5428571428571
4017,JY,2019,Havelock,282+N-N,yes,45,No,NA,B2,+N,sb1,spb2,Ames 27167,NC342,2,4,12.3833333333333
4019,JY,2019,Havelock,282+N-N,yes,45,No,NA,B2,+N,sb1,spb2,Ames 27178,NC364,2,4,11.2833333333333
4021,JY,2019,Havelock,282+N-N,yes,45,No,NA,B2,+N,sb1,spb2,Ames 27143,NC294,2,4,11.8666666666667
4023,JY,2019,Havelock,282+N-N,yes,45,No,NA,B2,+N,sb1,spb2,Check,Check,2,4,19.1
4025,JY,2019,Havelock,282+N-N,yes,45,No,NA,B2,+N,sb1,spb2,Ames 27140,NC260,2,4,NA
4027,JY,2019,Havelock,282+N-N,yes,45,No,NA,B2,+N,sb1,spb2,Ames 27160,NC328,2,4,13.7
4029,JY,2019,Havelock,282+N-N,yes,45,No,NA,B2,+N,sb1,spb3,Ames 19328,Va22,2,4,16.9833333333333
4031,JY,2019,Havelock,282+N-N,yes,45,No,NA,B2,+N,sb1,spb3,Ames 19293,Wf9,2,4,10.6666666666667
4033,JY,2019,Havelock,282+N-N,yes,45,No,NA,B2,+N,sb1,spb3,Ames 31534,CI90CGoodman-Buckler,2,4,11.3833333333333
4035,JY,2019,Havelock,282+N-N,yes,45,No,NA,B2,+N,sb1,spb3,Ames 27196,Yu796_NS,2,4,10.2833333333333
4037,JY,2019,Havelock,282+N-N,yes,45,No,NA,B2,+N,sb1,spb3,PI 550518,T8,2,4,12.9833333333333
4039,JY,2019,Havelock,282+N-N,yes,45,No,NA,B2,+N,sb1,spb3,Ames 26771,33-16,2,4,13.6166666666667
4041,JY,2019,Havelock,282+N-N,yes,45,No,NA,B2,+N,sb1,spb3,PI 587149,Va26,2,4,13.65
4043,JY,2019,Havelock,282+N-N,yes,45,No,NA,B2,+N,sb2,spb1,Ames 27097,CML323,2,4,13.6666666666667
4045,JY,2019,Havelock,282+N-N,yes,45,No,NA,B2,+N,sb2,spb1,Ames 19319,H95,2,4,13.8
4047,JY,2019,Havelock,282+N-N,yes,45,No,NA,B2,+N,sb2,spb1,PI 608766,B79,2,4,9.86666666666667
4049,JY,2019,Havelock,282+N-N,yes,45,No,NA,B2,+N,sb2,spb1,PI 606329,DE1,2,4,12.5
4051,JY,2019,Havelock,282+N-N,yes,45,No,NA,B2,+N,sb2,spb1,Ames 27112,F2834T,2,4,11.9833333333333
4053,JY,2019,Havelock,282+N-N,yes,45,No,NA,B2,+N,sb2,spb1,Ames 19309,A635,2,4,13.7333333333333
4055,JY,2019,Havelock,282+N-N,yes,45,No,NA,B2,+N,sb2,spb1,PI 594048,B105,2,4,16.6166666666667
4057,JY,2019,Havelock,282+N-N,yes,45,No,NA,B2,+N,sb2,spb2,Ames 27138,N28Ht,2,4,11.5
4059,JY,2019,Havelock,282+N-N,yes,45,No,NA,B2,+N,sb2,spb2,Ames 27158,NC324,2,4,10.8857142857143
4061,JY,2019,Havelock,282+N-N,yes,45,No,NA,B2,+N,sb2,spb2,PI 520774,NC264,2,4,11.45
4063,JY,2019,Havelock,282+N-N,yes,45,No,NA,B2,+N,sb2,spb2,Ames 27175,NC358,2,4,11.75
4065,JY,2019,Havelock,282+N-N,yes,45,No,NA,B2,+N,sb2,spb2,Check,Check,2,4,17.5666666666667
4067,JY,2019,Havelock,282+N-N,yes,45,No,NA,B2,+N,sb2,spb2,PI 583351,Mo46,2,4,9.55
4069,JY,2019,Havelock,282+N-N,yes,45,No,NA,B2,+N,sb2,spb2,Ames 27141,NC290A,2,4,12.0833333333333
4071,JY,2019,Havelock,282+N-N,yes,45,No,NA,B2,+N,sb2,spb3,Ames 27190,T234,2,4,12.55
4073,JY,2019,Havelock,282+N-N,yes,45,No,NA,B2,+N,sb2,spb3,Ames 8399,W117HT,2,4,8.55
4075,JY,2019,Havelock,282+N-N,yes,45,No,NA,B2,+N,sb2,spb3,PI 587151,Va102,2,4,14.2666666666667
4077,JY,2019,Havelock,282+N-N,yes,45,No,NA,B2,+N,sb2,spb3,PI 686066,SG18,2,4,11.9
4079,JY,2019,Havelock,282+N-N,yes,45,No,NA,B2,+N,sb2,spb3,Ames 19000,VaW6,2,4,19.2666666666667
4081,JY,2019,Havelock,282+N-N,yes,45,No,NA,B2,+N,sb2,spb3,PI 573098,Oh603,2,4,13.2
4083,JY,2019,Havelock,282+N-N,yes,45,No,NA,B2,+N,sb2,spb3,PI 587150,Va35,2,4,11.4666666666667
4101,JY,2019,Havelock,282+N-N,yes,45,No,NA,B2,+N,sb1,spb1,PI 608765,B77,2,4,9.975
4103,JY,2019,Havelock,282+N-N,yes,45,No,NA,B2,+N,sb1,spb1,Ames 23503,A680,2,4,14.0333333333333
4105,JY,2019,Havelock,282+N-N,yes,45,No,NA,B2,+N,sb1,spb1,Check,Check,2,4,18.9
4107,JY,2019,Havelock,282+N-N,yes,45,No,NA,B2,+N,sb1,spb1,PI 686059,IDS28,2,4,8.975
4109,JY,2019,Havelock,282+N-N,yes,45,No,NA,B2,+N,sb1,spb1,PI 550469,B46,2,4,17.7833333333333
4111,JY,2019,Havelock,282+N-N,yes,45,No,NA,B2,+N,sb1,spb1,Ames 27114,H91,2,4,16.22
4113,JY,2019,Havelock,282+N-N,yes,45,No,NA,B2,+N,sb1,spb1,PI 597927,B109,2,4,14.8833333333333
4115,JY,2019,Havelock,282+N-N,yes,45,No,NA,B2,+N,sb1,spb2,Ames 27151,NC310,2,4,13.2666666666667
4117,JY,2019,Havelock,282+N-N,yes,45,No,NA,B2,+N,sb1,spb2,NSL 30894,R177,2,4,14.0166666666667
4119,JY,2019,Havelock,282+N-N,yes,45,No,NA,B2,+N,sb1,spb2,Ames 27118,Il14H,2,4,10.0333333333333
4121,JY,2019,Havelock,282+N-N,yes,45,No,NA,B2,+N,sb1,spb2,NSL 65873,L317,2,4,15.1714285714286
4123,JY,2019,Havelock,282+N-N,yes,45,No,NA,B2,+N,sb1,spb2,Ames 27149,NC306,2,4,13.1833333333333
4125,JY,2019,Havelock,282+N-N,yes,45,No,NA,B2,+N,sb1,spb2,NSL 65874,Os420,2,4,12
4127,JY,2019,Havelock,282+N-N,yes,45,No,NA,B2,+N,sb1,spb2,PI 583350,Mo45,2,4,17.3166666666667
4129,JY,2019,Havelock,282+N-N,yes,45,No,NA,B2,+N,sb1,spb3,Ames 27187,R4,2,4,14.0833333333333
4131,JY,2019,Havelock,282+N-N,yes,45,No,NA,B2,+N,sb1,spb3,PI 606768,SD40,2,4,11.5
4133,JY,2019,Havelock,282+N-N,yes,45,No,NA,B2,+N,sb1,spb3,Check,Check,2,4,18.3333333333333
4135,JY,2019,Havelock,282+N-N,yes,45,No,NA,B2,+N,sb1,spb3,PI 592734,R229,2,4,11.3333333333333
4137,JY,2019,Havelock,282+N-N,yes,45,No,NA,B2,+N,sb1,spb3,PI 587125,CO109,2,4,11.66
4139,JY,2019,Havelock,282+N-N,yes,45,No,NA,B2,+N,sb1,spb3,Ames 28290,C49,2,4,10.4
4141,JY,2019,Havelock,282+N-N,yes,45,No,NA,B2,+N,sb1,spb3,Ames 27193,Va85,2,4,17.8166666666667
4143,JY,2019,Havelock,282+N-N,yes,45,No,NA,B2,+N,sb2,spb1,Ames 26138,CI187-2,2,4,16.85
4145,JY,2019,Havelock,282+N-N,yes,45,No,NA,B2,+N,sb2,spb1,Ames 27087,CML220,2,4,12.1333333333333
4147,JY,2019,Havelock,282+N-N,yes,45,No,NA,B2,+N,sb2,spb1,Ames 27083,CML154Q,2,4,16.45
4149,JY,2019,Havelock,282+N-N,yes,45,No,NA,B2,+N,sb2,spb1,Ames 19284,C103,2,4,18.6333333333333
4151,JY,2019,Havelock,282+N-N,yes,45,No,NA,B2,+N,sb2,spb1,Ames 22754,K55,2,4,14.1833333333333
4153,JY,2019,Havelock,282+N-N,yes,45,No,NA,B2,+N,sb2,spb1,PI 587131,HP301,2,4,12.64
4155,JY,2019,Havelock,282+N-N,yes,45,No,NA,B2,+N,sb2,spb1,Check,Check,2,4,18.8
4157,JY,2019,Havelock,282+N-N,yes,45,No,NA,B2,+N,sb2,spb2,Ames 27172,NC352,2,4,14.55
4159,JY,2019,Havelock,282+N-N,yes,45,No,NA,B2,+N,sb2,spb2,Ames 27137,N6,2,4,13.05
4161,JY,2019,Havelock,282+N-N,yes,45,No,NA,B2,+N,sb2,spb2,Ames 12732,NC232,2,4,12.5666666666667
4163,JY,2019,Havelock,282+N-N,yes,45,No,NA,B2,+N,sb2,spb2,Ames 27260,Ki44,2,4,10.44
4165,JY,2019,Havelock,282+N-N,yes,45,No,NA,B2,+N,sb2,spb2,Ames 27174,NC356,2,4,9.44
4167,JY,2019,Havelock,282+N-N,yes,45,No,NA,B2,+N,sb2,spb2,Ames 27261,NC298,2,4,19.2666666666667
4169,JY,2019,Havelock,282+N-N,yes,45,No,NA,B2,+N,sb2,spb2,Ames 27164,NC336,2,4,13.7
4171,JY,2019,Havelock,282+N-N,yes,45,No,NA,B2,+N,sb2,spb3,Ames 27176,NC360,2,4,14.15
4173,JY,2019,Havelock,282+N-N,yes,45,No,NA,B2,+N,sb2,spb3,Ames 27182,NC372,2,4,15.3833333333333
4175,JY,2019,Havelock,282+N-N,yes,45,No,NA,B2,+N,sb2,spb3,Check,Check,2,4,19.3
4177,JY,2019,Havelock,282+N-N,yes,45,No,NA,B2,+N,sb2,spb3,PI 686065,SA24,2,4,16.06
4179,JY,2019,Havelock,282+N-N,yes,45,No,NA,B2,+N,sb2,spb3,PI 587152,W64A,2,4,12.6333333333333
4181,JY,2019,Havelock,282+N-N,yes,45,No,NA,B2,+N,sb2,spb3,Ames 27194,W401,2,4,12.16
4183,JY,2019,Havelock,282+N-N,yes,45,No,NA,B2,+N,sb2,spb3,Ames 27183,Oh43E,2,4,20.35
4201,JY,2019,Havelock,282+N-N,yes,45,No,NA,B2,+N,sb1,spb1,Ames 27065,B73Htrhm,2,4,10.8
4203,JY,2019,Havelock,282+N-N,yes,45,No,NA,B2,+N,sb1,spb1,Ames 27069,CH701-30,2,4,13.8166666666667
4205,JY,2019,Havelock,282+N-N,yes,45,No,NA,B2,+N,sb1,spb1,PI 608767,B84,2,4,11.1833333333333
4207,JY,2019,Havelock,282+N-N,yes,45,No,NA,B2,+N,sb1,spb1,Check,Check,2,4,18.1666666666667
4209,JY,2019,Havelock,282+N-N,yes,45,No,NA,B2,+N,sb1,spb1,Ames 27066,B164,2,4,14.7166666666667
4211,JY,2019,Havelock,282+N-N,yes,45,No,NA,B2,+N,sb1,spb1,Ames 26769,B2,2,4,10.6333333333333
4213,JY,2019,Havelock,282+N-N,yes,45,No,NA,B2,+N,sb1,spb1,PI 587140,A632,2,4,13.3333333333333
4215,JY,2019,Havelock,282+N-N,yes,45,No,NA,B2,+N,sb1,spb2,PI 517974,Pa880,2,4,12.7833333333333
4217,JY,2019,Havelock,282+N-N,yes,45,No,NA,B2,+N,sb1,spb2,NSL 28966,Oh40B,2,4,17.7166666666667
4219,JY,2019,Havelock,282+N-N,yes,45,No,NA,B2,+N,sb1,spb2,Ames 28939,Mo44,2,4,16.3666666666667
4221,JY,2019,Havelock,282+N-N,yes,45,No,NA,B2,+N,sb1,spb2,Ames 27180,NC368,2,4,10.7666666666667
4223,JY,2019,Havelock,282+N-N,yes,45,No,NA,B2,+N,sb1,spb2,Ames 27159,NC326,2,4,14.2333333333333
4225,JY,2019,Havelock,282+N-N,yes,45,No,NA,B2,+N,sb1,spb2,PI 558532,Mo17,2,4,18.2333333333333
4227,JY,2019,Havelock,282+N-N,yes,45,No,NA,B2,+N,sb1,spb2,Ames 27168,NC344,2,4,14.0666666666667
4229,JY,2019,Havelock,282+N-N,yes,45,No,NA,B2,+N,sb1,spb3,Ames 31536,A214NGoodman-Buckler,2,4,18.8333333333333
4231,JY,2019,Havelock,282+N-N,yes,45,No,NA,B2,+N,sb1,spb3,CIze 44,CI44,2,4,9.66666666666667
4233,JY,2019,Havelock,282+N-N,yes,45,No,NA,B2,+N,sb1,spb3,Ames 28367,CI7Goodman-Buckler,2,4,13.0833333333333
4235,JY,2019,Havelock,282+N-N,yes,45,No,NA,B2,+N,sb1,spb3,PI 587132,Sg1533,2,4,10.55
4237,JY,2019,Havelock,282+N-N,yes,45,No,NA,B2,+N,sb1,spb3,Ames 24989,Va99,2,4,13.98
4239,JY,2019,Havelock,282+N-N,yes,45,No,NA,B2,+N,sb1,spb3,Check,Check,2,4,18.6833333333333
4241,JY,2019,Havelock,282+N-N,yes,45,No,NA,B2,+N,sb1,spb3,Ames 31535,38-11Goodman-Buckler,2,4,14.2666666666667
4243,JY,2019,Havelock,282+N-N,yes,45,No,NA,B2,+N,sb2,spb1,PI 550472,B57,2,4,12.0833333333333
4245,JY,2019,Havelock,282+N-N,yes,45,No,NA,B2,+N,sb2,spb1,Check,Check,2,4,19.6666666666667
4247,JY,2019,Havelock,282+N-N,yes,45,No,NA,B2,+N,sb2,spb1,Ames 22440,CI90C,2,4,11.2
4249,JY,2019,Havelock,282+N-N,yes,45,No,NA,B2,+N,sb2,spb1,Ames 21512,CI31A,2,4,13.2857142857143
4251,JY,2019,Havelock,282+N-N,yes,45,No,NA,B2,+N,sb2,spb1,PI 594047,B104,2,4,14.0285714285714
4253,JY,2019,Havelock,282+N-N,yes,45,No,NA,B2,+N,sb2,spb1,PI 587128,H84,2,4,12.7166666666667
4255,JY,2019,Havelock,282+N-N,yes,45,No,NA,B2,+N,sb2,spb1,Check,Check,2,4,18.1666666666667
4257,JY,2019,Havelock,282+N-N,yes,45,No,NA,B2,+N,sb2,spb2,Ames 28366,N7A,2,4,12.76
4259,JY,2019,Havelock,282+N-N,yes,45,No,NA,B2,+N,sb2,spb2,PI 550555,NC250,2,4,11.9
4261,JY,2019,Havelock,282+N-N,yes,45,No,NA,B2,+N,sb2,spb2,PI 543916,Mp339,2,4,13.7
4263,JY,2019,Havelock,282+N-N,yes,45,No,NA,B2,+N,sb2,spb2,Ames 27124,Ki11,2,4,14.8333333333333
4265,JY,2019,Havelock,282+N-N,yes,45,No,NA,B2,+N,sb2,spb2,Ames 12731,NC230,2,4,11.7666666666667
4267,JY,2019,Havelock,282+N-N,yes,45,No,NA,B2,+N,sb2,spb2,Check,Check,2,4,19.45
4269,JY,2019,Havelock,282+N-N,yes,45,No,NA,B2,+N,sb2,spb2,Ames 27147,NC302,2,4,11.1666666666667
4271,JY,2019,Havelock,282+N-N,yes,45,No,NA,B2,+N,sb2,spb3,NSL 53094,SC357,2,4,11.35
4273,JY,2019,Havelock,282+N-N,yes,45,No,NA,B2,+N,sb2,spb3,Check,Check,2,4,18.15
4275,JY,2019,Havelock,282+N-N,yes,45,No,NA,B2,+N,sb2,spb3,Ames 27184,Pa762,2,4,11.7333333333333
4277,JY,2019,Havelock,282+N-N,yes,45,No,NA,B2,+N,sb2,spb3,Ames 27185,Pa875,2,4,12.1333333333333
4279,JY,2019,Havelock,282+N-N,yes,45,No,NA,B2,+N,sb2,spb3,Ames 27181,NC370,2,4,11.5166666666667
4281,JY,2019,Havelock,282+N-N,yes,45,No,NA,B2,+N,sb2,spb3,NSL 30053,W22,2,4,12.65
4283,JY,2019,Havelock,282+N-N,yes,45,No,NA,B2,+N,sb2,spb3,Ames 19323,Oh7B,2,4,14.7333333333333
4301,JY,2019,Havelock,282+N-N,yes,45,No,NA,B2,+N,sb3,spb1,Check,Check,2,4,15.2666666666667
4303,JY,2019,Havelock,282+N-N,yes,45,No,NA,B2,+N,sb3,spb1,Check,Check,2,4,18.2833333333333
4305,JY,2019,Havelock,282+N-N,yes,45,No,NA,B2,+N,sb3,spb1,Ames 26604,38-11,2,4,12.5
4307,JY,2019,Havelock,282+N-N,yes,45,No,NA,B2,+N,sb3,spb1,Check,Check,2,4,17.625
4309,JY,2019,Havelock,282+N-N,yes,45,No,NA,B2,+N,sb3,spb1,Ames 27081,CML103,2,4,18.9666666666667
4311,JY,2019,Havelock,282+N-N,yes,45,No,NA,B2,+N,sb3,spb1,Ames 27085,CML158Q,2,4,13.0166666666667
4313,JY,2019,Havelock,282+N-N,yes,45,No,NA,B2,+N,sb3,spb1,PI 550465,B68,2,4,17.85
4315,JY,2019,Havelock,282+N-N,yes,45,No,NA,B2,+N,sb3,spb2,Ames 27133,M37W,2,4,14.8285714285714
4317,JY,2019,Havelock,282+N-N,yes,45,No,NA,B2,+N,sb3,spb2,Check,Check,2,4,19.56
4319,JY,2019,Havelock,282+N-N,yes,45,No,NA,B2,+N,sb3,spb2,Ames 10248,GA209,2,4,10.9166666666667
4321,JY,2019,Havelock,282+N-N,yes,45,No,NA,B2,+N,sb3,spb2,PI 587144,Mo24W,2,4,17.84
4323,JY,2019,Havelock,282+N-N,yes,45,No,NA,B2,+N,sb3,spb2,Ames 12729,NC222,2,4,7.66666666666667
4325,JY,2019,Havelock,282+N-N,yes,45,No,NA,B2,+N,sb3,spb2,Ames 27155,NC318,2,4,12.2333333333333
4327,JY,2019,Havelock,282+N-N,yes,45,No,NA,B2,+N,sb3,spb2,Check,Check,2,4,18.85
4329,JY,2019,Havelock,282+N-N,yes,45,No,NA,B2,+N,sb3,spb3,PI 506247,Tzi9,2,4,15.2166666666667
4331,JY,2019,Havelock,282+N-N,yes,45,No,NA,B2,+N,sb3,spb3,Ames 27189,SC55,2,4,9.5875
4333,JY,2019,Havelock,282+N-N,yes,45,No,NA,B2,+N,sb3,spb3,Check,Check,2,4,18.85
4335,JY,2019,Havelock,282+N-N,yes,45,No,NA,B2,+N,sb3,spb3,PI 257506,F2,2,4,12.5
4337,JY,2019,Havelock,282+N-N,yes,45,No,NA,B2,+N,sb3,spb3,Ames 22748,H100,2,4,12.4333333333333
4339,JY,2019,Havelock,282+N-N,yes,45,No,NA,B2,+N,sb3,spb3,PI 506255,Tzi25,2,4,13.6166666666667
4341,JY,2019,Havelock,282+N-N,yes,45,No,NA,B2,+N,sb3,spb3,Ames 27129,KUI2021,2,4,13.4666666666667
4343,JY,2019,Havelock,282+N-N,yes,45,No,NA,B2,+N,sb4,spb1,Ames 23405,A239,2,4,13.1666666666667
4345,JY,2019,Havelock,282+N-N,yes,45,No,NA,B2,+N,sb4,spb1,PI 587141,A654,2,4,13.3714285714286
4347,JY,2019,Havelock,282+N-N,yes,45,No,NA,B2,+N,sb4,spb1,Ames 22443,A188,2,4,10.5285714285714
4349,JY,2019,Havelock,282+N-N,yes,45,No,NA,B2,+N,sb4,spb1,PI 587139,A619,2,4,NA
4351,JY,2019,Havelock,282+N-N,yes,45,No,NA,B2,+N,sb4,spb1,PI 608774,B75,2,4,12.3333333333333
4353,JY,2019,Havelock,282+N-N,yes,45,No,NA,B2,+N,sb4,spb1,Ames 27068,CH9,2,4,NA
4355,JY,2019,Havelock,282+N-N,yes,45,No,NA,B2,+N,sb4,spb1,PI 587143,A682,2,4,16.4857142857143
4357,JY,2019,Havelock,282+N-N,yes,45,No,NA,B2,+N,sb4,spb2,PI 686057,I29,2,4,9.7
4359,JY,2019,Havelock,282+N-N,yes,45,No,NA,B2,+N,sb4,spb2,Ames 27104,CMV3,2,4,11.8833333333333
4361,JY,2019,Havelock,282+N-N,yes,45,No,NA,B2,+N,sb4,spb2,Ames 27106,CO125,2,4,9.84285714285714
4363,JY,2019,Havelock,282+N-N,yes,45,No,NA,B2,+N,sb4,spb2,PI 587127,H105W,2,4,13.0666666666667
4365,JY,2019,Havelock,282+N-N,yes,45,No,NA,B2,+N,sb4,spb2,Ames 24752,MS1334,2,4,14.7333333333333
4367,JY,2019,Havelock,282+N-N,yes,45,No,NA,B2,+N,sb4,spb2,PI 686063,IDS91,2,4,12.1833333333333
4369,JY,2019,Havelock,282+N-N,yes,45,No,NA,B2,+N,sb4,spb2,NSL 30867,M14,2,4,16.0285714285714
4371,JY,2019,Havelock,282+N-N,yes,45,No,NA,B2,+N,sb4,spb3,Ames 19326,R168,2,4,11.4666666666667
4373,JY,2019,Havelock,282+N-N,yes,45,No,NA,B2,+N,sb4,spb3,Ames 27150,NC308,2,4,13.2428571428571
4375,JY,2019,Havelock,282+N-N,yes,45,No,NA,B2,+N,sb4,spb3,PI 550490,ND246,2,4,12.8142857142857
4377,JY,2019,Havelock,282+N-N,yes,45,No,NA,B2,+N,sb4,spb3,Ames 28186,P39,2,4,NA
4379,JY,2019,Havelock,282+N-N,yes,45,No,NA,B2,+N,sb4,spb3,Ames 19330,W182B,2,4,14.75
4381,JY,2019,Havelock,282+N-N,yes,45,No,NA,B2,+N,sb4,spb3,Ames 27162,NC332,2,4,12.95
4383,JY,2019,Havelock,282+N-N,yes,45,No,NA,B2,+N,sb4,spb3,PI 587154,W153R,2,4,12.6
4401,JY,2019,Havelock,282+N-N,yes,45,No,NA,B2,+N,sb3,spb1,Check,Check,2,4,14.2571428571429
4403,JY,2019,Havelock,282+N-N,yes,45,No,NA,B2,+N,sb3,spb1,Check,Check,2,4,15.35
4405,JY,2019,Havelock,282+N-N,yes,45,No,NA,B2,+N,sb3,spb1,Ames 27101,CML333,2,4,6.65
4407,JY,2019,Havelock,282+N-N,yes,45,No,NA,B2,+N,sb3,spb1,Check,Check,2,4,17.35
4409,JY,2019,Havelock,282+N-N,yes,45,No,NA,B2,+N,sb3,spb1,Check,Check,2,4,17.3833333333333
4411,JY,2019,Havelock,282+N-N,yes,45,No,NA,B2,+N,sb3,spb1,Ames 27086,CML218,2,4,11.8166666666667
4413,JY,2019,Havelock,282+N-N,yes,45,No,NA,B2,+N,sb3,spb1,Check,Check,2,4,19.1
4415,JY,2019,Havelock,282+N-N,yes,45,No,NA,B2,+N,sb3,spb2,Ames 27169,NC346,2,4,10.7
4417,JY,2019,Havelock,282+N-N,yes,45,No,NA,B2,+N,sb3,spb2,Ames 28184,CML69,2,4,17.3833333333333
4419,JY,2019,Havelock,282+N-N,yes,45,No,NA,B2,+N,sb3,spb2,Ames 27110,E2558W,2,4,11.2
4421,JY,2019,Havelock,282+N-N,yes,45,No,NA,B2,+N,sb3,spb2,Ames 27165,NC338,2,4,14.7
4423,JY,2019,Havelock,282+N-N,yes,45,No,NA,B2,+N,sb3,spb2,NSL 30038,K4,2,4,14.0333333333333
4425,JY,2019,Havelock,282+N-N,yes,45,No,NA,B2,+N,sb3,spb2,NSL 22893,F44,2,4,10.05
4427,JY,2019,Havelock,282+N-N,yes,45,No,NA,B2,+N,sb3,spb2,Ames 27166,NC340,2,4,15.8833333333333
4429,JY,2019,Havelock,282+N-N,yes,45,No,NA,B2,+N,sb3,spb3,PI 558520,Mo1W,2,4,10.4714285714286
4431,JY,2019,Havelock,282+N-N,yes,45,No,NA,B2,+N,sb3,spb3,Ames 26808,Ill.Hy,2,4,12.1166666666667
4433,JY,2019,Havelock,282+N-N,yes,45,No,NA,B2,+N,sb3,spb3,Check,Check,2,4,17.8
4435,JY,2019,Havelock,282+N-N,yes,45,No,NA,B2,+N,sb3,spb3,Ames 27131,Ky226,2,4,10.15
4437,JY,2019,Havelock,282+N-N,yes,45,No,NA,B2,+N,sb3,spb3,Ames 27179,NC366,2,4,12.4166666666667
4439,JY,2019,Havelock,282+N-N,yes,45,No,NA,B2,+N,sb3,spb3,PI 606330,DE2,2,4,10.7428571428571
4441,JY,2019,Havelock,282+N-N,yes,45,No,NA,B2,+N,sb3,spb3,PI 506253,Tzi18,2,4,13.8833333333333
4443,JY,2019,Havelock,282+N-N,yes,45,No,NA,B2,+N,sb4,spb1,PI 587124,CM105,2,4,14.3875
4445,JY,2019,Havelock,282+N-N,yes,45,No,NA,B2,+N,sb4,spb1,PI 550440,B64,2,4,14.0571428571429
4447,JY,2019,Havelock,282+N-N,yes,45,No,NA,B2,+N,sb4,spb1,PI 594046,B103,2,4,14.7
4449,JY,2019,Havelock,282+N-N,yes,45,No,NA,B2,+N,sb4,spb1,Ames 27067,C49A,2,4,9.83333333333333
4451,JY,2019,Havelock,282+N-N,yes,45,No,NA,B2,+N,sb4,spb1,Check,Check,2,4,18.7666666666667
4453,JY,2019,Havelock,282+N-N,yes,45,No,NA,B2,+N,sb4,spb1,PI 607521,A661,2,4,10.25
4455,JY,2019,Havelock,282+N-N,yes,45,No,NA,B2,+N,sb4,spb1,Ames 19313,C123,2,4,NA
4457,JY,2019,Havelock,282+N-N,yes,45,No,NA,B2,+N,sb4,spb2,Ames 24734,MS153,2,4,11.375
4459,JY,2019,Havelock,282+N-N,yes,45,No,NA,B2,+N,sb4,spb2,Check,Check,2,4,19.1833333333333
4461,JY,2019,Havelock,282+N-N,yes,45,No,NA,B2,+N,sb4,spb2,Ames 20190,CM37,2,4,8.425
4463,JY,2019,Havelock,282+N-N,yes,45,No,NA,B2,+N,sb4,spb2,PI 583352,Mo47,2,4,12.1
4465,JY,2019,Havelock,282+N-N,yes,45,No,NA,B2,+N,sb4,spb2,Ames 27135,MEF156-55-2,2,4,13.25
4467,JY,2019,Havelock,282+N-N,yes,45,No,NA,B2,+N,sb4,spb2,Ames 27105,CO106,2,4,12.6333333333333
4469,JY,2019,Havelock,282+N-N,yes,45,No,NA,B2,+N,sb4,spb2,Ames 28364,IA2132,2,4,11.9142857142857
4471,JY,2019,Havelock,282+N-N,yes,45,No,NA,B2,+N,sb4,spb3,Ames 19288,Oh43,2,4,16.0625
4473,JY,2019,Havelock,282+N-N,yes,45,No,NA,B2,+N,sb4,spb3,Check,Check,2,4,16.1166666666667
4475,JY,2019,Havelock,282+N-N,yes,45,No,NA,B2,+N,sb4,spb3,Ames 27161,NC330,2,4,15.85
4477,JY,2019,Havelock,282+N-N,yes,45,No,NA,B2,+N,sb4,spb3,Ames 27163,NC334,2,4,12.8666666666667
4479,JY,2019,Havelock,282+N-N,yes,45,No,NA,B2,+N,sb4,spb3,PI 587145,NC268,2,4,11.7666666666667
4481,JY,2019,Havelock,282+N-N,yes,45,No,NA,B2,+N,sb4,spb3,Ames 27154,NC316,2,4,16.1
4483,JY,2019,Havelock,282+N-N,yes,45,No,NA,B2,+N,sb4,spb3,Ames 19016,Va59,2,4,15.96
4501,JY,2019,Havelock,282+N-N,yes,45,No,NA,B2,+N,sb3,spb1,Check,Check,2,4,16.6833333333333
4503,JY,2019,Havelock,282+N-N,yes,45,No,NA,B2,+N,sb3,spb1,Ames 27095,CML321,2,4,14.35
4505,JY,2019,Havelock,282+N-N,yes,45,No,NA,B2,+N,sb3,spb1,Check,Check,2,4,17.8
4507,JY,2019,Havelock,282+N-N,yes,45,No,NA,B2,+N,sb3,spb1,PI 406112,A214N,2,4,15.4833333333333
4509,JY,2019,Havelock,282+N-N,yes,45,No,NA,B2,+N,sb3,spb1,Check,Check,2,4,17.3666666666667
4511,JY,2019,Havelock,282+N-N,yes,45,No,NA,B2,+N,sb3,spb1,Ames 27096,CML322,2,4,14.2714285714286
4513,JY,2019,Havelock,282+N-N,yes,45,No,NA,B2,+N,sb3,spb1,PI 587130,4722,2,4,10.65
4515,JY,2019,Havelock,282+N-N,yes,45,No,NA,B2,+N,sb3,spb2,Ames 27144,NC296,2,4,11.1666666666667
4517,JY,2019,Havelock,282+N-N,yes,45,No,NA,B2,+N,sb3,spb2,Check,Check,2,4,19.3166666666667
4519,JY,2019,Havelock,282+N-N,yes,45,No,NA,B2,+N,sb3,spb2,Ames 27121,K64,2,4,11.2
4521,JY,2019,Havelock,282+N-N,yes,45,No,NA,B2,+N,sb3,spb2,PI 531084,NC258,2,4,12.85
4523,JY,2019,Havelock,282+N-N,yes,45,No,NA,B2,+N,sb3,spb2,Ames 27134,M162W,2,4,13.0285714285714
4525,JY,2019,Havelock,282+N-N,yes,45,No,NA,B2,+N,sb3,spb2,PI 550558,DE811,2,4,10.6333333333333
4527,JY,2019,Havelock,282+N-N,yes,45,No,NA,B2,+N,sb3,spb2,Ames 27156,NC320,2,4,12.2
4529,JY,2019,Havelock,282+N-N,yes,45,No,NA,B2,+N,sb3,spb3,PI 506246,Tzi8,2,4,9.78333333333333
4531,JY,2019,Havelock,282+N-N,yes,45,No,NA,B2,+N,sb3,spb3,PI 540745,Tzi11,2,4,11.175
4533,JY,2019,Havelock,282+N-N,yes,45,No,NA,B2,+N,sb3,spb3,PI 587147,Pa91,2,4,12.8
4535,JY,2019,Havelock,282+N-N,yes,45,No,NA,B2,+N,sb3,spb3,Ames 27119,Il101T,2,4,10.9166666666667
4537,JY,2019,Havelock,282+N-N,yes,45,No,NA,B2,+N,sb3,spb3,PI 550522,T232,2,4,11.2833333333333
4539,JY,2019,Havelock,282+N-N,yes,45,No,NA,B2,+N,sb3,spb3,Check,Check,2,4,19.3333333333333
4541,JY,2019,Havelock,282+N-N,yes,45,No,NA,B2,+N,sb3,spb3,Check,Check,2,4,18.4
4543,JY,2019,Havelock,282+N-N,yes,45,No,NA,B2,+N,sb4,spb1,NSL 81599,A659,2,4,12.7333333333333
4545,JY,2019,Havelock,282+N-N,yes,45,No,NA,B2,+N,sb4,spb1,Ames 19316,CM174,2,4,15.3714285714286
4547,JY,2019,Havelock,282+N-N,yes,45,No,NA,B2,+N,sb4,spb1,Ames 23450,A556,2,4,11.4
4549,JY,2019,Havelock,282+N-N,yes,45,No,NA,B2,+N,sb4,spb1,PI 587138,A554,2,4,9.73333333333333
4551,JY,2019,Havelock,282+N-N,yes,45,No,NA,B2,+N,sb4,spb1,Ames 19308,A634,2,4,12.8428571428571
4553,JY,2019,Havelock,282+N-N,yes,45,No,NA,B2,+N,sb4,spb1,PI 550483,B76,2,4,13.4166666666667
4555,JY,2019,Havelock,282+N-N,yes,45,No,NA,B2,+N,sb4,spb1,Ames 19311,A641,2,4,14.8666666666667
4557,JY,2019,Havelock,282+N-N,yes,45,No,NA,B2,+N,sb4,spb2,Check,Check,2,4,19.5666666666667
4559,JY,2019,Havelock,282+N-N,yes,45,No,NA,B2,+N,sb4,spb2,Ames 27070,CM7,2,4,9.32857142857143
4561,JY,2019,Havelock,282+N-N,yes,45,No,NA,B2,+N,sb4,spb2,PI 587129,H99,2,4,13.05
4563,JY,2019,Havelock,282+N-N,yes,45,No,NA,B2,+N,sb4,spb2,Ames 20140,Mt42,2,4,13.06
4565,JY,2019,Havelock,282+N-N,yes,45,No,NA,B2,+N,sb4,spb2,Ames 27111,EP1,2,4,8.94285714285714
4567,JY,2019,Havelock,282+N-N,yes,45,No,NA,B2,+N,sb4,spb2,PI 257507,F7,2,4,11.4
4569,JY,2019,Havelock,282+N-N,yes,45,No,NA,B2,+N,sb4,spb2,Ames 27107,CO255,2,4,11.7857142857143
4571,JY,2019,Havelock,282+N-N,yes,45,No,NA,B2,+N,sb4,spb3,Check,Check,2,4,18.1166666666667
4573,JY,2019,Havelock,282+N-N,yes,45,No,NA,B2,+N,sb4,spb3,PI 550566,N192,2,4,16.3714285714286
4575,JY,2019,Havelock,282+N-N,yes,45,No,NA,B2,+N,sb4,spb3,Ames 27152,NC312,2,4,14.55
4577,JY,2019,Havelock,282+N-N,yes,45,No,NA,B2,+N,sb4,spb3,Ames 27142,NC292,2,4,11.3142857142857
4579,JY,2019,Havelock,282+N-N,yes,45,No,NA,B2,+N,sb4,spb3,PI 524969,SD44,2,4,11.2625
4581,JY,2019,Havelock,282+N-N,yes,45,No,NA,B2,+N,sb4,spb3,Check,Check,2,4,19.4666666666667
4583,JY,2019,Havelock,282+N-N,yes,45,No,NA,B2,+N,sb4,spb3,PI 531085,NC262,2,4,11.4333333333333
