row,I,year,field,experiment,pheno,K,DNA,field_note,block,nitrogen,sb,spb,Pedigree,Genotype,Rep,quadrant,Weight.of.20.seeds
1001,JY,2019,Havelock,282+N-N,yes,45,No,NA,B1,+N,sb1,spb1,Ames 19311,A641,1,1,NA
1003,JY,2019,Havelock,282+N-N,yes,45,No,NA,B1,+N,sb1,spb1,PI 550483,B76,1,1,6.4
1005,JY,2019,Havelock,282+N-N,yes,45,No,NA,B1,+N,sb1,spb1,PI 587141,A654,1,1,NA
1007,JY,2019,Havelock,282+N-N,yes,45,No,NA,B1,+N,sb1,spb1,Ames 23405,A239,1,1,5.5
1009,JY,2019,Havelock,282+N-N,yes,45,No,NA,B1,+N,sb1,spb1,PI 587143,A682,1,1,6
1011,JY,2019,Havelock,282+N-N,yes,45,No,NA,B1,+N,sb1,spb1,Ames 19313,C123,1,1,NA
1013,JY,2019,Havelock,282+N-N,yes,45,No,NA,B1,+N,sb1,spb1,PI 587138,A554,1,1,4.8
1015,JY,2019,Havelock,282+N-N,yes,45,No,NA,B1,+N,sb1,spb2,Ames 27111,EP1,1,1,NA
1017,JY,2019,Havelock,282+N-N,yes,45,No,NA,B1,+N,sb1,spb2,Check,Check,1,1,6.6
1019,JY,2019,Havelock,282+N-N,yes,45,No,NA,B1,+N,sb1,spb2,PI 257507,F7,1,1,3.1
1021,JY,2019,Havelock,282+N-N,yes,45,No,NA,B1,+N,sb1,spb2,PI 686057,I29,1,1,4.1
1023,JY,2019,Havelock,282+N-N,yes,45,No,NA,B1,+N,sb1,spb2,Ames 27105,CO106,1,1,NA
1025,JY,2019,Havelock,282+N-N,yes,45,No,NA,B1,+N,sb1,spb2,Ames 24734,MS153,1,1,NA
1027,JY,2019,Havelock,282+N-N,yes,45,No,NA,B1,+N,sb1,spb2,Ames 20140,Mt42,1,1,4
1029,JY,2019,Havelock,282+N-N,yes,45,No,NA,B1,+N,sb1,spb3,PI 531085,NC262,1,1,5.7
1031,JY,2019,Havelock,282+N-N,yes,45,No,NA,B1,+N,sb1,spb3,PI 550566,N192,1,1,NA
1033,JY,2019,Havelock,282+N-N,yes,45,No,NA,B1,+N,sb1,spb3,Ames 19016,Va59,1,1,5.7
1035,JY,2019,Havelock,282+N-N,yes,45,No,NA,B1,+N,sb1,spb3,Ames 27142,NC292,1,1,NA
1037,JY,2019,Havelock,282+N-N,yes,45,No,NA,B1,+N,sb1,spb3,PI 524969,SD44,1,1,NA
1039,JY,2019,Havelock,282+N-N,yes,45,No,NA,B1,+N,sb1,spb3,Ames 19330,W182B,1,1,3.5
1041,JY,2019,Havelock,282+N-N,yes,45,No,NA,B1,+N,sb1,spb3,Check,Check,1,1,6.4
1043,JY,2019,Havelock,282+N-N,yes,45,No,NA,B1,+N,sb2,spb1,Ames 21512,CI31A,1,1,4.5
1045,JY,2019,Havelock,282+N-N,yes,45,No,NA,B1,+N,sb2,spb1,PI 606329,DE1,1,1,NA
1047,JY,2019,Havelock,282+N-N,yes,45,No,NA,B1,+N,sb2,spb1,Check,Check,1,1,NA
1049,JY,2019,Havelock,282+N-N,yes,45,No,NA,B1,+N,sb2,spb1,Ames 19309,A635,1,1,3.9
1051,JY,2019,Havelock,282+N-N,yes,45,No,NA,B1,+N,sb2,spb1,Check,Check,1,1,6.5
1053,JY,2019,Havelock,282+N-N,yes,45,No,NA,B1,+N,sb2,spb1,Ames 19284,C103,1,1,NA
1055,JY,2019,Havelock,282+N-N,yes,45,No,NA,B1,+N,sb2,spb1,Ames 27112,F2834T,1,1,6.6
1057,JY,2019,Havelock,282+N-N,yes,45,No,NA,B1,+N,sb2,spb2,Check,Check,1,1,6.4
1059,JY,2019,Havelock,282+N-N,yes,45,No,NA,B1,+N,sb2,spb2,Ames 27260,Ki44,1,1,NA
1061,JY,2019,Havelock,282+N-N,yes,45,No,NA,B1,+N,sb2,spb2,Ames 27141,NC290A,1,1,NA
1063,JY,2019,Havelock,282+N-N,yes,45,No,NA,B1,+N,sb2,spb2,PI 520774,NC264,1,1,4.6
1065,JY,2019,Havelock,282+N-N,yes,45,No,NA,B1,+N,sb2,spb2,Check,Check,1,1,5.7
1067,JY,2019,Havelock,282+N-N,yes,45,No,NA,B1,+N,sb2,spb2,Ames 27172,NC352,1,1,5.3
1069,JY,2019,Havelock,282+N-N,yes,45,No,NA,B1,+N,sb2,spb2,Ames 27147,NC302,1,1,6.5
1071,JY,2019,Havelock,282+N-N,yes,45,No,NA,B1,+N,sb2,spb3,NSL 30053,W22,1,1,NA
1073,JY,2019,Havelock,282+N-N,yes,45,No,NA,B1,+N,sb2,spb3,Check,Check,1,1,5.9
1075,JY,2019,Havelock,282+N-N,yes,45,No,NA,B1,+N,sb2,spb3,Check,Check,1,1,5.2
1077,JY,2019,Havelock,282+N-N,yes,45,No,NA,B1,+N,sb2,spb3,PI 587152,W64A,1,1,3.5
1079,JY,2019,Havelock,282+N-N,yes,45,No,NA,B1,+N,sb2,spb3,Check,Check,1,1,NA
1081,JY,2019,Havelock,282+N-N,yes,45,No,NA,B1,+N,sb2,spb3,Ames 27181,NC370,1,1,4.7
1083,JY,2019,Havelock,282+N-N,yes,45,No,NA,B1,+N,sb2,spb3,PI 686065,SA24,1,1,2.8
1101,JY,2019,Havelock,282+N-N,yes,45,No,NA,B1,+N,sb1,spb1,Ames 19316,CM174,1,1,3.9
1103,JY,2019,Havelock,282+N-N,yes,45,No,NA,B1,+N,sb1,spb1,PI 608774,B75,1,1,6.8
1105,JY,2019,Havelock,282+N-N,yes,45,No,NA,B1,+N,sb1,spb1,Ames 22443,A188,1,1,5.7
1107,JY,2019,Havelock,282+N-N,yes,45,No,NA,B1,+N,sb1,spb1,PI 594046,B103,1,1,5.1
1109,JY,2019,Havelock,282+N-N,yes,45,No,NA,B1,+N,sb1,spb1,Check,Check,1,1,5.6
1111,JY,2019,Havelock,282+N-N,yes,45,No,NA,B1,+N,sb1,spb1,PI 587139,A619,1,1,NA
1113,JY,2019,Havelock,282+N-N,yes,45,No,NA,B1,+N,sb1,spb1,Ames 27067,C49A,1,1,NA
1115,JY,2019,Havelock,282+N-N,yes,45,No,NA,B1,+N,sb1,spb2,Ames 27135,MEF156-55-2,1,1,NA
1117,JY,2019,Havelock,282+N-N,yes,45,No,NA,B1,+N,sb1,spb2,Ames 20190,CM37,1,1,NA
1119,JY,2019,Havelock,282+N-N,yes,45,No,NA,B1,+N,sb1,spb2,PI 587135,Ia5125,1,1,NA
1121,JY,2019,Havelock,282+N-N,yes,45,No,NA,B1,+N,sb1,spb2,Ames 27104,CMV3,1,1,NA
1123,JY,2019,Havelock,282+N-N,yes,45,No,NA,B1,+N,sb1,spb2,PI 686063,IDS91,1,1,NA
1125,JY,2019,Havelock,282+N-N,yes,45,No,NA,B1,+N,sb1,spb2,Ames 27107,CO255,1,1,3.9
1127,JY,2019,Havelock,282+N-N,yes,45,No,NA,B1,+N,sb1,spb2,Ames 27070,CM7,1,1,NA
1129,JY,2019,Havelock,282+N-N,yes,45,No,NA,B1,+N,sb1,spb3,Ames 27154,NC316,1,1,NA
1131,JY,2019,Havelock,282+N-N,yes,45,No,NA,B1,+N,sb1,spb3,Check,Check,1,1,7
1133,JY,2019,Havelock,282+N-N,yes,45,No,NA,B1,+N,sb1,spb3,PI 587154,W153R,1,1,5.3
1135,JY,2019,Havelock,282+N-N,yes,45,No,NA,B1,+N,sb1,spb3,Ames 27162,NC332,1,1,4.3
1137,JY,2019,Havelock,282+N-N,yes,45,No,NA,B1,+N,sb1,spb3,Ames 19288,Oh43,1,1,5.2
1139,JY,2019,Havelock,282+N-N,yes,45,No,NA,B1,+N,sb1,spb3,Check,Check,1,1,6.3
1141,JY,2019,Havelock,282+N-N,yes,45,No,NA,B1,+N,sb1,spb3,Ames 19326,R168,1,1,NA
1143,JY,2019,Havelock,282+N-N,yes,45,No,NA,B1,+N,sb2,spb1,Ames 27087,CML220,1,1,6.8
1145,JY,2019,Havelock,282+N-N,yes,45,No,NA,B1,+N,sb2,spb1,PI 608766,B79,1,1,5
1147,JY,2019,Havelock,282+N-N,yes,45,No,NA,B1,+N,sb2,spb1,PI 587131,HP301,1,1,NA
1149,JY,2019,Havelock,282+N-N,yes,45,No,NA,B1,+N,sb2,spb1,Ames 27120,Il677a,1,1,NA
1151,JY,2019,Havelock,282+N-N,yes,45,No,NA,B1,+N,sb2,spb1,Ames 27083,CML154Q,1,1,4.6
1153,JY,2019,Havelock,282+N-N,yes,45,No,NA,B1,+N,sb2,spb1,PI 594047,B104,1,1,5.2
1155,JY,2019,Havelock,282+N-N,yes,45,No,NA,B1,+N,sb2,spb1,Ames 19319,H95,1,1,3.9
1157,JY,2019,Havelock,282+N-N,yes,45,No,NA,B1,+N,sb2,spb2,Ames 12731,NC230,1,1,NA
1159,JY,2019,Havelock,282+N-N,yes,45,No,NA,B1,+N,sb2,spb2,Ames 12734,NC236,1,1,NA
1161,JY,2019,Havelock,282+N-N,yes,45,No,NA,B1,+N,sb2,spb2,Ames 27137,N6,1,1,5
1163,JY,2019,Havelock,282+N-N,yes,45,No,NA,B1,+N,sb2,spb2,Ames 28366,N7A,1,1,NA
1165,JY,2019,Havelock,282+N-N,yes,45,No,NA,B1,+N,sb2,spb2,Ames 27164,NC336,1,1,6
1167,JY,2019,Havelock,282+N-N,yes,45,No,NA,B1,+N,sb2,spb2,Ames 27158,NC324,1,1,NA
1169,JY,2019,Havelock,282+N-N,yes,45,No,NA,B1,+N,sb2,spb2,Ames 27175,NC358,1,1,4.4
1171,JY,2019,Havelock,282+N-N,yes,45,No,NA,B1,+N,sb2,spb3,Ames 27184,Pa762,1,1,5.5
1173,JY,2019,Havelock,282+N-N,yes,45,No,NA,B1,+N,sb2,spb3,Ames 19323,Oh7B,1,1,NA
1175,JY,2019,Havelock,282+N-N,yes,45,No,NA,B1,+N,sb2,spb3,PI 587151,Va102,1,1,5.2
1177,JY,2019,Havelock,282+N-N,yes,45,No,NA,B1,+N,sb2,spb3,Ames 8399,W117HT,1,1,NA
1179,JY,2019,Havelock,282+N-N,yes,45,No,NA,B1,+N,sb2,spb3,PI 573098,Oh603,1,1,NA
1181,JY,2019,Havelock,282+N-N,yes,45,No,NA,B1,+N,sb2,spb3,Ames 27183,Oh43E,1,1,NA
1183,JY,2019,Havelock,282+N-N,yes,45,No,NA,B1,+N,sb2,spb3,Ames 27185,Pa875,1,1,NA
1201,JY,2019,Havelock,282+N-N,yes,45,No,NA,B1,+N,sb1,spb1,PI 607521,A661,1,1,5
1203,JY,2019,Havelock,282+N-N,yes,45,No,NA,B1,+N,sb1,spb1,Ames 19308,A634,1,1,5.7
1205,JY,2019,Havelock,282+N-N,yes,45,No,NA,B1,+N,sb1,spb1,PI 587124,CM105,1,1,4.8
1207,JY,2019,Havelock,282+N-N,yes,45,No,NA,B1,+N,sb1,spb1,NSL 81599,A659,1,1,6.2
1209,JY,2019,Havelock,282+N-N,yes,45,No,NA,B1,+N,sb1,spb1,Ames 27068,CH9,1,1,5.5
1211,JY,2019,Havelock,282+N-N,yes,45,No,NA,B1,+N,sb1,spb1,PI 550440,B64,1,1,4.7
1213,JY,2019,Havelock,282+N-N,yes,45,No,NA,B1,+N,sb1,spb1,Ames 23450,A556,1,1,NA
1215,JY,2019,Havelock,282+N-N,yes,45,No,NA,B1,+N,sb1,spb2,NSL 30867,M14,1,1,4.2
1217,JY,2019,Havelock,282+N-N,yes,45,No,NA,B1,+N,sb1,spb2,Ames 28364,IA2132,1,1,4.3
1219,JY,2019,Havelock,282+N-N,yes,45,No,NA,B1,+N,sb1,spb2,PI 587127,H105W,1,1,NA
1221,JY,2019,Havelock,282+N-N,yes,45,No,NA,B1,+N,sb1,spb2,PI 587129,H99,1,1,5.4
1223,JY,2019,Havelock,282+N-N,yes,45,No,NA,B1,+N,sb1,spb2,Ames 24752,MS1334,1,1,NA
1225,JY,2019,Havelock,282+N-N,yes,45,No,NA,B1,+N,sb1,spb2,PI 583352,Mo47,1,1,4.5
1227,JY,2019,Havelock,282+N-N,yes,45,No,NA,B1,+N,sb1,spb2,Ames 27106,CO125,1,1,NA
1229,JY,2019,Havelock,282+N-N,yes,45,No,NA,B1,+N,sb1,spb3,Ames 27161,NC330,1,1,NA
1231,JY,2019,Havelock,282+N-N,yes,45,No,NA,B1,+N,sb1,spb3,Ames 27163,NC334,1,1,4.4
1233,JY,2019,Havelock,282+N-N,yes,45,No,NA,B1,+N,sb1,spb3,Ames 28186,P39,1,1,NA
1235,JY,2019,Havelock,282+N-N,yes,45,No,NA,B1,+N,sb1,spb3,Ames 27152,NC312,1,1,6
1237,JY,2019,Havelock,282+N-N,yes,45,No,NA,B1,+N,sb1,spb3,Ames 27150,NC308,1,1,5.4
1239,JY,2019,Havelock,282+N-N,yes,45,No,NA,B1,+N,sb1,spb3,PI 587145,NC268,1,1,NA
1241,JY,2019,Havelock,282+N-N,yes,45,No,NA,B1,+N,sb1,spb3,PI 550490,ND246,1,1,NA
1243,JY,2019,Havelock,282+N-N,yes,45,No,NA,B1,+N,sb2,spb1,Ames 27097,CML323,1,1,4.8
1245,JY,2019,Havelock,282+N-N,yes,45,No,NA,B1,+N,sb2,spb1,Ames 26138,CI187-2,1,1,NA
1247,JY,2019,Havelock,282+N-N,yes,45,No,NA,B1,+N,sb2,spb1,Ames 22440,CI90C,1,1,NA
1249,JY,2019,Havelock,282+N-N,yes,45,No,NA,B1,+N,sb2,spb1,PI 594048,B105,1,1,4.9
1251,JY,2019,Havelock,282+N-N,yes,45,No,NA,B1,+N,sb2,spb1,Ames 22754,K55,1,1,4.4
1253,JY,2019,Havelock,282+N-N,yes,45,No,NA,B1,+N,sb2,spb1,PI 550472,B57,1,1,NA
1255,JY,2019,Havelock,282+N-N,yes,45,No,NA,B1,+N,sb2,spb1,PI 587128,H84,1,1,6.2
1257,JY,2019,Havelock,282+N-N,yes,45,No,NA,B1,+N,sb2,spb2,PI 543916,Mp339,1,1,NA
1259,JY,2019,Havelock,282+N-N,yes,45,No,NA,B1,+N,sb2,spb2,Ames 12732,NC232,1,1,5.1
1261,JY,2019,Havelock,282+N-N,yes,45,No,NA,B1,+N,sb2,spb2,Ames 27124,Ki11,1,1,5.1
1263,JY,2019,Havelock,282+N-N,yes,45,No,NA,B1,+N,sb2,spb2,PI 583351,Mo46,1,1,5.3
1265,JY,2019,Havelock,282+N-N,yes,45,No,NA,B1,+N,sb2,spb2,Ames 27174,NC356,1,1,4.3
1267,JY,2019,Havelock,282+N-N,yes,45,No,NA,B1,+N,sb2,spb2,Ames 27138,N28Ht,1,1,4.1
1269,JY,2019,Havelock,282+N-N,yes,45,No,NA,B1,+N,sb2,spb2,PI 550555,NC250,1,1,NA
1271,JY,2019,Havelock,282+N-N,yes,45,No,NA,B1,+N,sb2,spb3,PI 587150,Va35,1,1,6
1273,JY,2019,Havelock,282+N-N,yes,45,No,NA,B1,+N,sb2,spb3,Ames 27194,W401,1,1,3.7
1275,JY,2019,Havelock,282+N-N,yes,45,No,NA,B1,+N,sb2,spb3,PI 686066,SG18,1,1,2.8
1277,JY,2019,Havelock,282+N-N,yes,45,No,NA,B1,+N,sb2,spb3,Ames 27190,T234,1,1,5.1
1279,JY,2019,Havelock,282+N-N,yes,45,No,NA,B1,+N,sb2,spb3,Ames 19000,VaW6,1,1,NA
1281,JY,2019,Havelock,282+N-N,yes,45,No,NA,B1,+N,sb2,spb3,NSL 53094,SC357,1,1,NA
1283,JY,2019,Havelock,282+N-N,yes,45,No,NA,B1,+N,sb2,spb3,Ames 27182,NC372,1,1,4.6
1301,JY,2019,Havelock,282+N-N,yes,45,No,NA,B1,+N,sb3,spb1,Ames 26604,38-11,1,1,4.3
1303,JY,2019,Havelock,282+N-N,yes,45,No,NA,B1,+N,sb3,spb1,Ames 27085,CML158Q,1,1,3.8
1305,JY,2019,Havelock,282+N-N,yes,45,No,NA,B1,+N,sb3,spb1,Ames 27082,CML108,1,1,4.3
1307,JY,2019,Havelock,282+N-N,yes,45,No,NA,B1,+N,sb3,spb1,Check,Check,1,1,5.3
1309,JY,2019,Havelock,282+N-N,yes,45,No,NA,B1,+N,sb3,spb1,Check,Check,1,1,4.6
1311,JY,2019,Havelock,282+N-N,yes,45,No,NA,B1,+N,sb3,spb1,Check,Check,1,1,4.2
1313,JY,2019,Havelock,282+N-N,yes,45,No,NA,B1,+N,sb3,spb1,PI 595542,CML254,1,1,NA
1315,JY,2019,Havelock,282+N-N,yes,45,No,NA,B1,+N,sb3,spb2,Ames 27165,NC338,1,1,5.8
1317,JY,2019,Havelock,282+N-N,yes,45,No,NA,B1,+N,sb3,spb2,Ames 27169,NC346,1,1,NA
1319,JY,2019,Havelock,282+N-N,yes,45,No,NA,B1,+N,sb3,spb2,Ames 27170,NC348,1,1,5.6
1321,JY,2019,Havelock,282+N-N,yes,45,No,NA,B1,+N,sb3,spb2,Ames 27110,E2558W,1,1,5.3
1323,JY,2019,Havelock,282+N-N,yes,45,No,NA,B1,+N,sb3,spb2,Check,Check,1,1,7.3
1325,JY,2019,Havelock,282+N-N,yes,45,No,NA,B1,+N,sb3,spb2,Ames 27156,NC320,1,1,4.1
1327,JY,2019,Havelock,282+N-N,yes,45,No,NA,B1,+N,sb3,spb2,PI 550558,DE811,1,1,NA
1329,JY,2019,Havelock,282+N-N,yes,45,No,NA,B1,+N,sb3,spb3,Ames 27129,KUI2021,1,1,3.3
1331,JY,2019,Havelock,282+N-N,yes,45,No,NA,B1,+N,sb3,spb3,Check,Check,1,1,6.4
1333,JY,2019,Havelock,282+N-N,yes,45,No,NA,B1,+N,sb3,spb3,PI 506255,Tzi25,1,1,4.1
1335,JY,2019,Havelock,282+N-N,yes,45,No,NA,B1,+N,sb3,spb3,Check,Check,1,1,5.4
1337,JY,2019,Havelock,282+N-N,yes,45,No,NA,B1,+N,sb3,spb3,PI 506246,Tzi8,1,1,6
1339,JY,2019,Havelock,282+N-N,yes,45,No,NA,B1,+N,sb3,spb3,Ames 26808,Ill.Hy,1,1,6.7
1341,JY,2019,Havelock,282+N-N,yes,45,No,NA,B1,+N,sb3,spb3,PI 587147,Pa91,1,1,5.1
1343,JY,2019,Havelock,282+N-N,yes,45,No,NA,B1,+N,sb4,spb1,PI 587142,A679,1,1,5
1345,JY,2019,Havelock,282+N-N,yes,45,No,NA,B1,+N,sb4,spb1,PI 550469,B46,1,1,NA
1347,JY,2019,Havelock,282+N-N,yes,45,No,NA,B1,+N,sb4,spb1,Ames 27114,H91,1,1,NA
1349,JY,2019,Havelock,282+N-N,yes,45,No,NA,B1,+N,sb4,spb1,PI 550461,B14A,1,1,NA
1351,JY,2019,Havelock,282+N-N,yes,45,No,NA,B1,+N,sb4,spb1,Ames 23503,A680,1,1,4.9
1353,JY,2019,Havelock,282+N-N,yes,45,No,NA,B1,+N,sb4,spb1,PI 550473,B73,1,1,4.1
1355,JY,2019,Havelock,282+N-N,yes,45,No,NA,B1,+N,sb4,spb1,NSL 30904,4226,1,1,3.9
1357,JY,2019,Havelock,282+N-N,yes,45,No,NA,B1,+N,sb4,spb2,Check,Check,1,1,4.8
1359,JY,2019,Havelock,282+N-N,yes,45,No,NA,B1,+N,sb4,spb2,Ames 27143,NC294,1,1,3.9
1361,JY,2019,Havelock,282+N-N,yes,45,No,NA,B1,+N,sb4,spb2,Ames 27140,NC260,1,1,NA
1363,JY,2019,Havelock,282+N-N,yes,45,No,NA,B1,+N,sb4,spb2,Ames 27177,NC362,1,1,5.1
1365,JY,2019,Havelock,282+N-N,yes,45,No,NA,B1,+N,sb4,spb2,PI 517974,Pa880,1,1,4.6
1367,JY,2019,Havelock,282+N-N,yes,45,No,NA,B1,+N,sb4,spb2,NSL 30894,R177,1,1,NA
1369,JY,2019,Havelock,282+N-N,yes,45,No,NA,B1,+N,sb4,spb2,PI 558532,Mo17,1,1,6.6
1371,JY,2019,Havelock,282+N-N,yes,45,No,NA,B1,+N,sb4,spb3,CIze 44,CI44,1,1,NA
1373,JY,2019,Havelock,282+N-N,yes,45,No,NA,B1,+N,sb4,spb3,Check,Check,1,1,7.2
1375,JY,2019,Havelock,282+N-N,yes,45,No,NA,B1,+N,sb4,spb3,Ames 31536,A214NGoodman-Buckler,1,1,5.5
1377,JY,2019,Havelock,282+N-N,yes,45,No,NA,B1,+N,sb4,spb3,PI 587125,CO109,1,1,NA
1379,JY,2019,Havelock,282+N-N,yes,45,No,NA,B1,+N,sb4,spb3,Ames 31535,38-11Goodman-Buckler,1,1,4.4
1381,JY,2019,Havelock,282+N-N,yes,45,No,NA,B1,+N,sb4,spb3,Ames 28290,C49,1,1,NA
1383,JY,2019,Havelock,282+N-N,yes,45,No,NA,B1,+N,sb4,spb3,PI 550518,T8,1,1,NA
1401,JY,2019,Havelock,282+N-N,yes,45,No,NA,B1,+N,sb3,spb1,Ames 27094,CML314,1,1,NA
1403,JY,2019,Havelock,282+N-N,yes,45,No,NA,B1,+N,sb3,spb1,Check,Check,1,1,5.4
1405,JY,2019,Havelock,282+N-N,yes,45,No,NA,B1,+N,sb3,spb1,Ames 27086,CML218,1,1,4
1407,JY,2019,Havelock,282+N-N,yes,45,No,NA,B1,+N,sb3,spb1,Ames 27081,CML103,1,1,3.5
1409,JY,2019,Havelock,282+N-N,yes,45,No,NA,B1,+N,sb3,spb1,Check,Check,1,1,5.3
1411,JY,2019,Havelock,282+N-N,yes,45,No,NA,B1,+N,sb3,spb1,Ames 27091,CML261,1,1,NA
1413,JY,2019,Havelock,282+N-N,yes,45,No,NA,B1,+N,sb3,spb1,PI 587130,4722,1,1,2.8
1415,JY,2019,Havelock,282+N-N,yes,45,No,NA,B1,+N,sb3,spb2,Ames 27134,M162W,1,1,6.1
1417,JY,2019,Havelock,282+N-N,yes,45,No,NA,B1,+N,sb3,spb2,Ames 27133,M37W,1,1,5.2
1419,JY,2019,Havelock,282+N-N,yes,45,No,NA,B1,+N,sb3,spb2,Ames 27155,NC318,1,1,3.9
1421,JY,2019,Havelock,282+N-N,yes,45,No,NA,B1,+N,sb3,spb2,Ames 10248,GA209,1,1,NA
1423,JY,2019,Havelock,282+N-N,yes,45,No,NA,B1,+N,sb3,spb2,Ames 28184,CML69,1,1,NA
1425,JY,2019,Havelock,282+N-N,yes,45,No,NA,B1,+N,sb3,spb2,PI 531084,NC258,1,1,4.7
1427,JY,2019,Havelock,282+N-N,yes,45,No,NA,B1,+N,sb3,spb2,NSL 22893,F44,1,1,3.6
1429,JY,2019,Havelock,282+N-N,yes,45,No,NA,B1,+N,sb3,spb3,Ames 27189,SC55,1,1,4.5
1431,JY,2019,Havelock,282+N-N,yes,45,No,NA,B1,+N,sb3,spb3,PI 257506,F2,1,1,NA
1433,JY,2019,Havelock,282+N-N,yes,45,No,NA,B1,+N,sb3,spb3,Ames 27119,Il101T,1,1,NA
1435,JY,2019,Havelock,282+N-N,yes,45,No,NA,B1,+N,sb3,spb3,PI 606330,DE2,1,1,5.2
1437,JY,2019,Havelock,282+N-N,yes,45,No,NA,B1,+N,sb3,spb3,Ames 22763,Tx601,1,1,NA
1439,JY,2019,Havelock,282+N-N,yes,45,No,NA,B1,+N,sb3,spb3,Check,Check,1,1,5.4
1441,JY,2019,Havelock,282+N-N,yes,45,No,NA,B1,+N,sb3,spb3,PI 550522,T232,1,1,NA
1443,JY,2019,Havelock,282+N-N,yes,45,No,NA,B1,+N,sb4,spb1,PI 564682,B97,1,1,6.2
1445,JY,2019,Havelock,282+N-N,yes,45,No,NA,B1,+N,sb4,spb1,Ames 26769,B2,1,1,NA
1447,JY,2019,Havelock,282+N-N,yes,45,No,NA,B1,+N,sb4,spb1,PI 608765,B77,1,1,5
1449,JY,2019,Havelock,282+N-N,yes,45,No,NA,B1,+N,sb4,spb1,Ames 26116,CI3A,1,1,3.8
1451,JY,2019,Havelock,282+N-N,yes,45,No,NA,B1,+N,sb4,spb1,PI 550467,B37,1,1,5.2
1453,JY,2019,Havelock,282+N-N,yes,45,No,NA,B1,+N,sb4,spb1,Ames 19314,CI64,1,1,5.8
1455,JY,2019,Havelock,282+N-N,yes,45,No,NA,B1,+N,sb4,spb1,PI 597927,B109,1,1,4.7
1457,JY,2019,Havelock,282+N-N,yes,45,No,NA,B1,+N,sb4,spb2,Ames 27167,NC342,1,1,5.2
1459,JY,2019,Havelock,282+N-N,yes,45,No,NA,B1,+N,sb4,spb2,NSL 65873,L317,1,1,4.7
1461,JY,2019,Havelock,282+N-N,yes,45,No,NA,B1,+N,sb4,spb2,Ames 28939,Mo44,1,1,NA
1463,JY,2019,Havelock,282+N-N,yes,45,No,NA,B1,+N,sb4,spb2,PI 583350,Mo45,1,1,3.9
1465,JY,2019,Havelock,282+N-N,yes,45,No,NA,B1,+N,sb4,spb2,Ames 27180,NC368,1,1,6.8
1467,JY,2019,Havelock,282+N-N,yes,45,No,NA,B1,+N,sb4,spb2,NSL 28966,Oh40B,1,1,5.5
1469,JY,2019,Havelock,282+N-N,yes,45,No,NA,B1,+N,sb4,spb2,Ames 27151,NC310,1,1,3.1
1471,JY,2019,Havelock,282+N-N,yes,45,No,NA,B1,+N,sb4,spb3,Ames 19293,Wf9,1,1,NA
1473,JY,2019,Havelock,282+N-N,yes,45,No,NA,B1,+N,sb4,spb3,PI 587132,Sg1533,1,1,2.6
1475,JY,2019,Havelock,282+N-N,yes,45,No,NA,B1,+N,sb4,spb3,Ames 26771,33-16,1,1,5.8
1477,JY,2019,Havelock,282+N-N,yes,45,No,NA,B1,+N,sb4,spb3,PI 592734,R229,1,1,4.3
1479,JY,2019,Havelock,282+N-N,yes,45,No,NA,B1,+N,sb4,spb3,Ames 27196,Yu796_NS,1,1,5.6
1481,JY,2019,Havelock,282+N-N,yes,45,No,NA,B1,+N,sb4,spb3,Ames 27193,Va85,1,1,NA
1483,JY,2019,Havelock,282+N-N,yes,45,No,NA,B1,+N,sb4,spb3,Check,Check,1,1,5.1
1501,JY,2019,Havelock,282+N-N,yes,45,No,NA,B1,+N,sb3,spb1,PI 595550,CML277,1,1,5.8
1503,JY,2019,Havelock,282+N-N,yes,45,No,NA,B1,+N,sb3,spb1,PI 406112,A214N,1,1,6
1505,JY,2019,Havelock,282+N-N,yes,45,No,NA,B1,+N,sb3,spb1,PI 550465,B68,1,1,NA
1507,JY,2019,Havelock,282+N-N,yes,45,No,NA,B1,+N,sb3,spb1,Ames 27096,CML322,1,1,3.9
1509,JY,2019,Havelock,282+N-N,yes,45,No,NA,B1,+N,sb3,spb1,Ames 27101,CML333,1,1,NA
1511,JY,2019,Havelock,282+N-N,yes,45,No,NA,B1,+N,sb3,spb1,Ames 27072,CML10,1,1,4.6
1513,JY,2019,Havelock,282+N-N,yes,45,No,NA,B1,+N,sb3,spb1,PI 595561,CML52,1,1,NA
1515,JY,2019,Havelock,282+N-N,yes,45,No,NA,B1,+N,sb3,spb2,PI 587144,Mo24W,1,1,NA
1517,JY,2019,Havelock,282+N-N,yes,45,No,NA,B1,+N,sb3,spb2,Check,Check,1,1,6.3
1519,JY,2019,Havelock,282+N-N,yes,45,No,NA,B1,+N,sb3,spb2,Ames 12729,NC222,1,1,NA
1521,JY,2019,Havelock,282+N-N,yes,45,No,NA,B1,+N,sb3,spb2,Ames 27144,NC296,1,1,4.4
1523,JY,2019,Havelock,282+N-N,yes,45,No,NA,B1,+N,sb3,spb2,NSL 30038,K4,1,1,5
1525,JY,2019,Havelock,282+N-N,yes,45,No,NA,B1,+N,sb3,spb2,Check,Check,1,1,6.4
1527,JY,2019,Havelock,282+N-N,yes,45,No,NA,B1,+N,sb3,spb2,Ames 27121,K64,1,1,5.6
1529,JY,2019,Havelock,282+N-N,yes,45,No,NA,B1,+N,sb3,spb3,PI 506248,Tzi10,1,1,NA
1531,JY,2019,Havelock,282+N-N,yes,45,No,NA,B1,+N,sb3,spb3,Ames 27179,NC366,1,1,5.2
1533,JY,2019,Havelock,282+N-N,yes,45,No,NA,B1,+N,sb3,spb3,PI 540745,Tzi11,1,1,NA
1535,JY,2019,Havelock,282+N-N,yes,45,No,NA,B1,+N,sb3,spb3,Ames 27131,Ky226,1,1,4.2
1537,JY,2019,Havelock,282+N-N,yes,45,No,NA,B1,+N,sb3,spb3,PI 558520,Mo1W,1,1,4.7
1539,JY,2019,Havelock,282+N-N,yes,45,No,NA,B1,+N,sb3,spb3,Ames 22748,H100,1,1,NA
1541,JY,2019,Havelock,282+N-N,yes,45,No,NA,B1,+N,sb3,spb3,PI 506253,Tzi18,1,1,5.1
1543,JY,2019,Havelock,282+N-N,yes,45,No,NA,B1,+N,sb4,spb1,Ames 27065,B73Htrhm,1,1,NA
1545,JY,2019,Havelock,282+N-N,yes,45,No,NA,B1,+N,sb4,spb1,Ames 27069,CH701-30,1,1,NA
1547,JY,2019,Havelock,282+N-N,yes,45,No,NA,B1,+N,sb4,spb1,PI 686059,IDS28,1,1,NA
1549,JY,2019,Havelock,282+N-N,yes,45,No,NA,B1,+N,sb4,spb1,Check,Check,1,1,5.8
1551,JY,2019,Havelock,282+N-N,yes,45,No,NA,B1,+N,sb4,spb1,PI 608767,B84,1,1,NA
1553,JY,2019,Havelock,282+N-N,yes,45,No,NA,B1,+N,sb4,spb1,PI 587140,A632,1,1,3.8
1555,JY,2019,Havelock,282+N-N,yes,45,No,NA,B1,+N,sb4,spb1,Ames 27066,B164,1,1,4.7
1557,JY,2019,Havelock,282+N-N,yes,45,No,NA,B1,+N,sb4,spb2,Ames 27149,NC306,1,1,5.5
1559,JY,2019,Havelock,282+N-N,yes,45,No,NA,B1,+N,sb4,spb2,NSL 65874,Os420,1,1,NA
1561,JY,2019,Havelock,282+N-N,yes,45,No,NA,B1,+N,sb4,spb2,Ames 27178,NC364,1,1,4.2
1563,JY,2019,Havelock,282+N-N,yes,45,No,NA,B1,+N,sb4,spb2,Ames 27160,NC328,1,1,3.8
1565,JY,2019,Havelock,282+N-N,yes,45,No,NA,B1,+N,sb4,spb2,Ames 27159,NC326,1,1,NA
1567,JY,2019,Havelock,282+N-N,yes,45,No,NA,B1,+N,sb4,spb2,Ames 27118,Il14H,1,1,NA
1569,JY,2019,Havelock,282+N-N,yes,45,No,NA,B1,+N,sb4,spb2,Ames 27168,NC344,1,1,4.2
1571,JY,2019,Havelock,282+N-N,yes,45,No,NA,B1,+N,sb4,spb3,PI 587149,Va26,1,1,4.4
1573,JY,2019,Havelock,282+N-N,yes,45,No,NA,B1,+N,sb4,spb3,Ames 19328,Va22,1,1,3.9
1575,JY,2019,Havelock,282+N-N,yes,45,No,NA,B1,+N,sb4,spb3,Ames 31534,CI90CGoodman-Buckler,1,1,3.2
1577,JY,2019,Havelock,282+N-N,yes,45,No,NA,B1,+N,sb4,spb3,PI 606768,SD40,1,1,4.9
1579,JY,2019,Havelock,282+N-N,yes,45,No,NA,B1,+N,sb4,spb3,Ames 28367,CI7Goodman-Buckler,1,1,5.2
1581,JY,2019,Havelock,282+N-N,yes,45,No,NA,B1,+N,sb4,spb3,Ames 27187,R4,1,1,2.8
1583,JY,2019,Havelock,282+N-N,yes,45,No,NA,B1,+N,sb4,spb3,Ames 24989,Va99,1,1,4.3
4001,JY,2019,Havelock,282+N-N,yes,45,No,NA,B2,+N,sb1,spb1,PI 550467,B37,2,4,5.4
4003,JY,2019,Havelock,282+N-N,yes,45,No,NA,B2,+N,sb1,spb1,PI 550461,B14A,2,4,NA
4005,JY,2019,Havelock,282+N-N,yes,45,No,NA,B2,+N,sb1,spb1,NSL 30904,4226,2,4,4.4
4007,JY,2019,Havelock,282+N-N,yes,45,No,NA,B2,+N,sb1,spb1,PI 564682,B97,2,4,6.6
4009,JY,2019,Havelock,282+N-N,yes,45,No,NA,B2,+N,sb1,spb1,PI 550473,B73,2,4,NA
4011,JY,2019,Havelock,282+N-N,yes,45,No,NA,B2,+N,sb1,spb1,PI 587142,A679,2,4,4.2
4013,JY,2019,Havelock,282+N-N,yes,45,No,NA,B2,+N,sb1,spb1,Check,Check,2,4,5.8
4015,JY,2019,Havelock,282+N-N,yes,45,No,NA,B2,+N,sb1,spb2,Ames 27177,NC362,2,4,3.5
4017,JY,2019,Havelock,282+N-N,yes,45,No,NA,B2,+N,sb1,spb2,Ames 27167,NC342,2,4,5.2
4019,JY,2019,Havelock,282+N-N,yes,45,No,NA,B2,+N,sb1,spb2,Ames 27178,NC364,2,4,4.4
4021,JY,2019,Havelock,282+N-N,yes,45,No,NA,B2,+N,sb1,spb2,Ames 27143,NC294,2,4,4.3
4023,JY,2019,Havelock,282+N-N,yes,45,No,NA,B2,+N,sb1,spb2,Check,Check,2,4,6.3
4025,JY,2019,Havelock,282+N-N,yes,45,No,NA,B2,+N,sb1,spb2,Ames 27140,NC260,2,4,NA
4027,JY,2019,Havelock,282+N-N,yes,45,No,NA,B2,+N,sb1,spb2,Ames 27160,NC328,2,4,4.4
4029,JY,2019,Havelock,282+N-N,yes,45,No,NA,B2,+N,sb1,spb3,Ames 19328,Va22,2,4,3.9
4031,JY,2019,Havelock,282+N-N,yes,45,No,NA,B2,+N,sb1,spb3,Ames 19293,Wf9,2,4,4.4
4033,JY,2019,Havelock,282+N-N,yes,45,No,NA,B2,+N,sb1,spb3,Ames 31534,CI90CGoodman-Buckler,2,4,3.2
4035,JY,2019,Havelock,282+N-N,yes,45,No,NA,B2,+N,sb1,spb3,Ames 27196,Yu796_NS,2,4,4.3
4037,JY,2019,Havelock,282+N-N,yes,45,No,NA,B2,+N,sb1,spb3,PI 550518,T8,2,4,NA
4039,JY,2019,Havelock,282+N-N,yes,45,No,NA,B2,+N,sb1,spb3,Ames 26771,33-16,2,4,NA
4041,JY,2019,Havelock,282+N-N,yes,45,No,NA,B2,+N,sb1,spb3,PI 587149,Va26,2,4,NA
4043,JY,2019,Havelock,282+N-N,yes,45,No,NA,B2,+N,sb2,spb1,Ames 27097,CML323,2,4,3.4
4045,JY,2019,Havelock,282+N-N,yes,45,No,NA,B2,+N,sb2,spb1,Ames 19319,H95,2,4,NA
4047,JY,2019,Havelock,282+N-N,yes,45,No,NA,B2,+N,sb2,spb1,PI 608766,B79,2,4,5.5
4049,JY,2019,Havelock,282+N-N,yes,45,No,NA,B2,+N,sb2,spb1,PI 606329,DE1,2,4,NA
4051,JY,2019,Havelock,282+N-N,yes,45,No,NA,B2,+N,sb2,spb1,Ames 27112,F2834T,2,4,NA
4053,JY,2019,Havelock,282+N-N,yes,45,No,NA,B2,+N,sb2,spb1,Ames 19309,A635,2,4,NA
4055,JY,2019,Havelock,282+N-N,yes,45,No,NA,B2,+N,sb2,spb1,PI 594048,B105,2,4,4.7
4057,JY,2019,Havelock,282+N-N,yes,45,No,NA,B2,+N,sb2,spb2,Ames 27138,N28Ht,2,4,NA
4059,JY,2019,Havelock,282+N-N,yes,45,No,NA,B2,+N,sb2,spb2,Ames 27158,NC324,2,4,5.4
4061,JY,2019,Havelock,282+N-N,yes,45,No,NA,B2,+N,sb2,spb2,PI 520774,NC264,2,4,NA
4063,JY,2019,Havelock,282+N-N,yes,45,No,NA,B2,+N,sb2,spb2,Ames 27175,NC358,2,4,NA
4065,JY,2019,Havelock,282+N-N,yes,45,No,NA,B2,+N,sb2,spb2,Check,Check,2,4,NA
4067,JY,2019,Havelock,282+N-N,yes,45,No,NA,B2,+N,sb2,spb2,PI 583351,Mo46,2,4,NA
4069,JY,2019,Havelock,282+N-N,yes,45,No,NA,B2,+N,sb2,spb2,Ames 27141,NC290A,2,4,NA
4071,JY,2019,Havelock,282+N-N,yes,45,No,NA,B2,+N,sb2,spb3,Ames 27190,T234,2,4,NA
4073,JY,2019,Havelock,282+N-N,yes,45,No,NA,B2,+N,sb2,spb3,Ames 8399,W117HT,2,4,NA
4075,JY,2019,Havelock,282+N-N,yes,45,No,NA,B2,+N,sb2,spb3,PI 587151,Va102,2,4,NA
4077,JY,2019,Havelock,282+N-N,yes,45,No,NA,B2,+N,sb2,spb3,PI 686066,SG18,2,4,2.3
4079,JY,2019,Havelock,282+N-N,yes,45,No,NA,B2,+N,sb2,spb3,Ames 19000,VaW6,2,4,NA
4081,JY,2019,Havelock,282+N-N,yes,45,No,NA,B2,+N,sb2,spb3,PI 573098,Oh603,2,4,NA
4083,JY,2019,Havelock,282+N-N,yes,45,No,NA,B2,+N,sb2,spb3,PI 587150,Va35,2,4,NA
4101,JY,2019,Havelock,282+N-N,yes,45,No,NA,B2,+N,sb1,spb1,PI 608765,B77,2,4,NA
4103,JY,2019,Havelock,282+N-N,yes,45,No,NA,B2,+N,sb1,spb1,Ames 23503,A680,2,4,4.8
4105,JY,2019,Havelock,282+N-N,yes,45,No,NA,B2,+N,sb1,spb1,Check,Check,2,4,6.6
4107,JY,2019,Havelock,282+N-N,yes,45,No,NA,B2,+N,sb1,spb1,PI 686059,IDS28,2,4,NA
4109,JY,2019,Havelock,282+N-N,yes,45,No,NA,B2,+N,sb1,spb1,PI 550469,B46,2,4,5.9
4111,JY,2019,Havelock,282+N-N,yes,45,No,NA,B2,+N,sb1,spb1,Ames 27114,H91,2,4,NA
4113,JY,2019,Havelock,282+N-N,yes,45,No,NA,B2,+N,sb1,spb1,PI 597927,B109,2,4,5.8
4115,JY,2019,Havelock,282+N-N,yes,45,No,NA,B2,+N,sb1,spb2,Ames 27151,NC310,2,4,NA
4117,JY,2019,Havelock,282+N-N,yes,45,No,NA,B2,+N,sb1,spb2,NSL 30894,R177,2,4,5.3
4119,JY,2019,Havelock,282+N-N,yes,45,No,NA,B2,+N,sb1,spb2,Ames 27118,Il14H,2,4,NA
4121,JY,2019,Havelock,282+N-N,yes,45,No,NA,B2,+N,sb1,spb2,NSL 65873,L317,2,4,NA
4123,JY,2019,Havelock,282+N-N,yes,45,No,NA,B2,+N,sb1,spb2,Ames 27149,NC306,2,4,5.3
4125,JY,2019,Havelock,282+N-N,yes,45,No,NA,B2,+N,sb1,spb2,NSL 65874,Os420,2,4,4.9
4127,JY,2019,Havelock,282+N-N,yes,45,No,NA,B2,+N,sb1,spb2,PI 583350,Mo45,2,4,3.3
4129,JY,2019,Havelock,282+N-N,yes,45,No,NA,B2,+N,sb1,spb3,Ames 27187,R4,2,4,NA
4131,JY,2019,Havelock,282+N-N,yes,45,No,NA,B2,+N,sb1,spb3,PI 606768,SD40,2,4,4.9
4133,JY,2019,Havelock,282+N-N,yes,45,No,NA,B2,+N,sb1,spb3,Check,Check,2,4,6.1
4135,JY,2019,Havelock,282+N-N,yes,45,No,NA,B2,+N,sb1,spb3,PI 592734,R229,2,4,NA
4137,JY,2019,Havelock,282+N-N,yes,45,No,NA,B2,+N,sb1,spb3,PI 587125,CO109,2,4,NA
4139,JY,2019,Havelock,282+N-N,yes,45,No,NA,B2,+N,sb1,spb3,Ames 28290,C49,2,4,NA
4141,JY,2019,Havelock,282+N-N,yes,45,No,NA,B2,+N,sb1,spb3,Ames 27193,Va85,2,4,5.9
4143,JY,2019,Havelock,282+N-N,yes,45,No,NA,B2,+N,sb2,spb1,Ames 26138,CI187-2,2,4,NA
4145,JY,2019,Havelock,282+N-N,yes,45,No,NA,B2,+N,sb2,spb1,Ames 27087,CML220,2,4,6.9
4147,JY,2019,Havelock,282+N-N,yes,45,No,NA,B2,+N,sb2,spb1,Ames 27083,CML154Q,2,4,4.7
4149,JY,2019,Havelock,282+N-N,yes,45,No,NA,B2,+N,sb2,spb1,Ames 19284,C103,2,4,5.6
4151,JY,2019,Havelock,282+N-N,yes,45,No,NA,B2,+N,sb2,spb1,Ames 22754,K55,2,4,5
4153,JY,2019,Havelock,282+N-N,yes,45,No,NA,B2,+N,sb2,spb1,PI 587131,HP301,2,4,NA
4155,JY,2019,Havelock,282+N-N,yes,45,No,NA,B2,+N,sb2,spb1,Check,Check,2,4,6.7
4157,JY,2019,Havelock,282+N-N,yes,45,No,NA,B2,+N,sb2,spb2,Ames 27172,NC352,2,4,6.7
4159,JY,2019,Havelock,282+N-N,yes,45,No,NA,B2,+N,sb2,spb2,Ames 27137,N6,2,4,NA
4161,JY,2019,Havelock,282+N-N,yes,45,No,NA,B2,+N,sb2,spb2,Ames 12732,NC232,2,4,NA
4163,JY,2019,Havelock,282+N-N,yes,45,No,NA,B2,+N,sb2,spb2,Ames 27260,Ki44,2,4,NA
4165,JY,2019,Havelock,282+N-N,yes,45,No,NA,B2,+N,sb2,spb2,Ames 27174,NC356,2,4,NA
4167,JY,2019,Havelock,282+N-N,yes,45,No,NA,B2,+N,sb2,spb2,Ames 27261,NC298,2,4,6.6
4169,JY,2019,Havelock,282+N-N,yes,45,No,NA,B2,+N,sb2,spb2,Ames 27164,NC336,2,4,NA
4171,JY,2019,Havelock,282+N-N,yes,45,No,NA,B2,+N,sb2,spb3,Ames 27176,NC360,2,4,5
4173,JY,2019,Havelock,282+N-N,yes,45,No,NA,B2,+N,sb2,spb3,Ames 27182,NC372,2,4,4.4
4175,JY,2019,Havelock,282+N-N,yes,45,No,NA,B2,+N,sb2,spb3,Check,Check,2,4,5.9
4177,JY,2019,Havelock,282+N-N,yes,45,No,NA,B2,+N,sb2,spb3,PI 686065,SA24,2,4,NA
4179,JY,2019,Havelock,282+N-N,yes,45,No,NA,B2,+N,sb2,spb3,PI 587152,W64A,2,4,4.1
4181,JY,2019,Havelock,282+N-N,yes,45,No,NA,B2,+N,sb2,spb3,Ames 27194,W401,2,4,NA
4183,JY,2019,Havelock,282+N-N,yes,45,No,NA,B2,+N,sb2,spb3,Ames 27183,Oh43E,2,4,5.9
4201,JY,2019,Havelock,282+N-N,yes,45,No,NA,B2,+N,sb1,spb1,Ames 27065,B73Htrhm,2,4,NA
4203,JY,2019,Havelock,282+N-N,yes,45,No,NA,B2,+N,sb1,spb1,Ames 27069,CH701-30,2,4,5.3
4205,JY,2019,Havelock,282+N-N,yes,45,No,NA,B2,+N,sb1,spb1,PI 608767,B84,2,4,NA
4207,JY,2019,Havelock,282+N-N,yes,45,No,NA,B2,+N,sb1,spb1,Check,Check,2,4,NA
4209,JY,2019,Havelock,282+N-N,yes,45,No,NA,B2,+N,sb1,spb1,Ames 27066,B164,2,4,NA
4211,JY,2019,Havelock,282+N-N,yes,45,No,NA,B2,+N,sb1,spb1,Ames 26769,B2,2,4,NA
4213,JY,2019,Havelock,282+N-N,yes,45,No,NA,B2,+N,sb1,spb1,PI 587140,A632,2,4,NA
4215,JY,2019,Havelock,282+N-N,yes,45,No,NA,B2,+N,sb1,spb2,PI 517974,Pa880,2,4,NA
4217,JY,2019,Havelock,282+N-N,yes,45,No,NA,B2,+N,sb1,spb2,NSL 28966,Oh40B,2,4,5.3
4219,JY,2019,Havelock,282+N-N,yes,45,No,NA,B2,+N,sb1,spb2,Ames 28939,Mo44,2,4,5.4
4221,JY,2019,Havelock,282+N-N,yes,45,No,NA,B2,+N,sb1,spb2,Ames 27180,NC368,2,4,6.9
4223,JY,2019,Havelock,282+N-N,yes,45,No,NA,B2,+N,sb1,spb2,Ames 27159,NC326,2,4,3.8
4225,JY,2019,Havelock,282+N-N,yes,45,No,NA,B2,+N,sb1,spb2,PI 558532,Mo17,2,4,7.1
4227,JY,2019,Havelock,282+N-N,yes,45,No,NA,B2,+N,sb1,spb2,Ames 27168,NC344,2,4,4.6
4229,JY,2019,Havelock,282+N-N,yes,45,No,NA,B2,+N,sb1,spb3,Ames 31536,A214NGoodman-Buckler,2,4,7.2
4231,JY,2019,Havelock,282+N-N,yes,45,No,NA,B2,+N,sb1,spb3,CIze 44,CI44,2,4,NA
4233,JY,2019,Havelock,282+N-N,yes,45,No,NA,B2,+N,sb1,spb3,Ames 28367,CI7Goodman-Buckler,2,4,5.5
4235,JY,2019,Havelock,282+N-N,yes,45,No,NA,B2,+N,sb1,spb3,PI 587132,Sg1533,2,4,NA
4237,JY,2019,Havelock,282+N-N,yes,45,No,NA,B2,+N,sb1,spb3,Ames 24989,Va99,2,4,4.7
4239,JY,2019,Havelock,282+N-N,yes,45,No,NA,B2,+N,sb1,spb3,Check,Check,2,4,4.9
4241,JY,2019,Havelock,282+N-N,yes,45,No,NA,B2,+N,sb1,spb3,Ames 31535,38-11Goodman-Buckler,2,4,4.5
4243,JY,2019,Havelock,282+N-N,yes,45,No,NA,B2,+N,sb2,spb1,PI 550472,B57,2,4,5.7
4245,JY,2019,Havelock,282+N-N,yes,45,No,NA,B2,+N,sb2,spb1,Check,Check,2,4,6.6
4247,JY,2019,Havelock,282+N-N,yes,45,No,NA,B2,+N,sb2,spb1,Ames 22440,CI90C,2,4,NA
4249,JY,2019,Havelock,282+N-N,yes,45,No,NA,B2,+N,sb2,spb1,Ames 21512,CI31A,2,4,NA
4251,JY,2019,Havelock,282+N-N,yes,45,No,NA,B2,+N,sb2,spb1,PI 594047,B104,2,4,NA
4253,JY,2019,Havelock,282+N-N,yes,45,No,NA,B2,+N,sb2,spb1,PI 587128,H84,2,4,NA
4255,JY,2019,Havelock,282+N-N,yes,45,No,NA,B2,+N,sb2,spb1,Check,Check,2,4,NA
4257,JY,2019,Havelock,282+N-N,yes,45,No,NA,B2,+N,sb2,spb2,Ames 28366,N7A,2,4,NA
4259,JY,2019,Havelock,282+N-N,yes,45,No,NA,B2,+N,sb2,spb2,PI 550555,NC250,2,4,NA
4261,JY,2019,Havelock,282+N-N,yes,45,No,NA,B2,+N,sb2,spb2,PI 543916,Mp339,2,4,NA
4263,JY,2019,Havelock,282+N-N,yes,45,No,NA,B2,+N,sb2,spb2,Ames 27124,Ki11,2,4,NA
4265,JY,2019,Havelock,282+N-N,yes,45,No,NA,B2,+N,sb2,spb2,Ames 12731,NC230,2,4,NA
4267,JY,2019,Havelock,282+N-N,yes,45,No,NA,B2,+N,sb2,spb2,Check,Check,2,4,6.6
4269,JY,2019,Havelock,282+N-N,yes,45,No,NA,B2,+N,sb2,spb2,Ames 27147,NC302,2,4,4.4
4271,JY,2019,Havelock,282+N-N,yes,45,No,NA,B2,+N,sb2,spb3,NSL 53094,SC357,2,4,NA
4273,JY,2019,Havelock,282+N-N,yes,45,No,NA,B2,+N,sb2,spb3,Check,Check,2,4,6.1
4275,JY,2019,Havelock,282+N-N,yes,45,No,NA,B2,+N,sb2,spb3,Ames 27184,Pa762,2,4,5.5
4277,JY,2019,Havelock,282+N-N,yes,45,No,NA,B2,+N,sb2,spb3,Ames 27185,Pa875,2,4,NA
4279,JY,2019,Havelock,282+N-N,yes,45,No,NA,B2,+N,sb2,spb3,Ames 27181,NC370,2,4,4.8
4281,JY,2019,Havelock,282+N-N,yes,45,No,NA,B2,+N,sb2,spb3,NSL 30053,W22,2,4,NA
4283,JY,2019,Havelock,282+N-N,yes,45,No,NA,B2,+N,sb2,spb3,Ames 19323,Oh7B,2,4,NA
4301,JY,2019,Havelock,282+N-N,yes,45,No,NA,B2,+N,sb3,spb1,Check,Check,2,4,4.5
4303,JY,2019,Havelock,282+N-N,yes,45,No,NA,B2,+N,sb3,spb1,Check,Check,2,4,4.6
4305,JY,2019,Havelock,282+N-N,yes,45,No,NA,B2,+N,sb3,spb1,Ames 26604,38-11,2,4,4.5
4307,JY,2019,Havelock,282+N-N,yes,45,No,NA,B2,+N,sb3,spb1,Check,Check,2,4,6.4
4309,JY,2019,Havelock,282+N-N,yes,45,No,NA,B2,+N,sb3,spb1,Ames 27081,CML103,2,4,7.3
4311,JY,2019,Havelock,282+N-N,yes,45,No,NA,B2,+N,sb3,spb1,Ames 27085,CML158Q,2,4,NA
4313,JY,2019,Havelock,282+N-N,yes,45,No,NA,B2,+N,sb3,spb1,PI 550465,B68,2,4,4.4
4315,JY,2019,Havelock,282+N-N,yes,45,No,NA,B2,+N,sb3,spb2,Ames 27133,M37W,2,4,5.5
4317,JY,2019,Havelock,282+N-N,yes,45,No,NA,B2,+N,sb3,spb2,Check,Check,2,4,NA
4319,JY,2019,Havelock,282+N-N,yes,45,No,NA,B2,+N,sb3,spb2,Ames 10248,GA209,2,4,5.2
4321,JY,2019,Havelock,282+N-N,yes,45,No,NA,B2,+N,sb3,spb2,PI 587144,Mo24W,2,4,NA
4323,JY,2019,Havelock,282+N-N,yes,45,No,NA,B2,+N,sb3,spb2,Ames 12729,NC222,2,4,NA
4325,JY,2019,Havelock,282+N-N,yes,45,No,NA,B2,+N,sb3,spb2,Ames 27155,NC318,2,4,4.1
4327,JY,2019,Havelock,282+N-N,yes,45,No,NA,B2,+N,sb3,spb2,Check,Check,2,4,5.8
4329,JY,2019,Havelock,282+N-N,yes,45,No,NA,B2,+N,sb3,spb3,PI 506247,Tzi9,2,4,4.7
4331,JY,2019,Havelock,282+N-N,yes,45,No,NA,B2,+N,sb3,spb3,Ames 27189,SC55,2,4,4.1
4333,JY,2019,Havelock,282+N-N,yes,45,No,NA,B2,+N,sb3,spb3,Check,Check,2,4,6.2
4335,JY,2019,Havelock,282+N-N,yes,45,No,NA,B2,+N,sb3,spb3,PI 257506,F2,2,4,NA
4337,JY,2019,Havelock,282+N-N,yes,45,No,NA,B2,+N,sb3,spb3,Ames 22748,H100,2,4,NA
4339,JY,2019,Havelock,282+N-N,yes,45,No,NA,B2,+N,sb3,spb3,PI 506255,Tzi25,2,4,5.2
4341,JY,2019,Havelock,282+N-N,yes,45,No,NA,B2,+N,sb3,spb3,Ames 27129,KUI2021,2,4,NA
4343,JY,2019,Havelock,282+N-N,yes,45,No,NA,B2,+N,sb4,spb1,Ames 23405,A239,2,4,7
4345,JY,2019,Havelock,282+N-N,yes,45,No,NA,B2,+N,sb4,spb1,PI 587141,A654,2,4,NA
4347,JY,2019,Havelock,282+N-N,yes,45,No,NA,B2,+N,sb4,spb1,Ames 22443,A188,2,4,NA
4349,JY,2019,Havelock,282+N-N,yes,45,No,NA,B2,+N,sb4,spb1,PI 587139,A619,2,4,NA
4351,JY,2019,Havelock,282+N-N,yes,45,No,NA,B2,+N,sb4,spb1,PI 608774,B75,2,4,5.9
4353,JY,2019,Havelock,282+N-N,yes,45,No,NA,B2,+N,sb4,spb1,Ames 27068,CH9,2,4,6.2
4355,JY,2019,Havelock,282+N-N,yes,45,No,NA,B2,+N,sb4,spb1,PI 587143,A682,2,4,6.1
4357,JY,2019,Havelock,282+N-N,yes,45,No,NA,B2,+N,sb4,spb2,PI 686057,I29,2,4,NA
4359,JY,2019,Havelock,282+N-N,yes,45,No,NA,B2,+N,sb4,spb2,Ames 27104,CMV3,2,4,3.5
4361,JY,2019,Havelock,282+N-N,yes,45,No,NA,B2,+N,sb4,spb2,Ames 27106,CO125,2,4,NA
4363,JY,2019,Havelock,282+N-N,yes,45,No,NA,B2,+N,sb4,spb2,PI 587127,H105W,2,4,NA
4365,JY,2019,Havelock,282+N-N,yes,45,No,NA,B2,+N,sb4,spb2,Ames 24752,MS1334,2,4,3.1
4367,JY,2019,Havelock,282+N-N,yes,45,No,NA,B2,+N,sb4,spb2,PI 686063,IDS91,2,4,2.5
4369,JY,2019,Havelock,282+N-N,yes,45,No,NA,B2,+N,sb4,spb2,NSL 30867,M14,2,4,4.9
4371,JY,2019,Havelock,282+N-N,yes,45,No,NA,B2,+N,sb4,spb3,Ames 19326,R168,2,4,2.1
4373,JY,2019,Havelock,282+N-N,yes,45,No,NA,B2,+N,sb4,spb3,Ames 27150,NC308,2,4,6.1
4375,JY,2019,Havelock,282+N-N,yes,45,No,NA,B2,+N,sb4,spb3,PI 550490,ND246,2,4,2.9
4377,JY,2019,Havelock,282+N-N,yes,45,No,NA,B2,+N,sb4,spb3,Ames 28186,P39,2,4,NA
4379,JY,2019,Havelock,282+N-N,yes,45,No,NA,B2,+N,sb4,spb3,Ames 19330,W182B,2,4,3.3
4381,JY,2019,Havelock,282+N-N,yes,45,No,NA,B2,+N,sb4,spb3,Ames 27162,NC332,2,4,NA
4383,JY,2019,Havelock,282+N-N,yes,45,No,NA,B2,+N,sb4,spb3,PI 587154,W153R,2,4,NA
4401,JY,2019,Havelock,282+N-N,yes,45,No,NA,B2,+N,sb3,spb1,Check,Check,2,4,5.3
4403,JY,2019,Havelock,282+N-N,yes,45,No,NA,B2,+N,sb3,spb1,Check,Check,2,4,4.8
4405,JY,2019,Havelock,282+N-N,yes,45,No,NA,B2,+N,sb3,spb1,Ames 27101,CML333,2,4,NA
4407,JY,2019,Havelock,282+N-N,yes,45,No,NA,B2,+N,sb3,spb1,Check,Check,2,4,6.3
4409,JY,2019,Havelock,282+N-N,yes,45,No,NA,B2,+N,sb3,spb1,Check,Check,2,4,5.4
4411,JY,2019,Havelock,282+N-N,yes,45,No,NA,B2,+N,sb3,spb1,Ames 27086,CML218,2,4,4.9
4413,JY,2019,Havelock,282+N-N,yes,45,No,NA,B2,+N,sb3,spb1,Check,Check,2,4,5.8
4415,JY,2019,Havelock,282+N-N,yes,45,No,NA,B2,+N,sb3,spb2,Ames 27169,NC346,2,4,6.1
4417,JY,2019,Havelock,282+N-N,yes,45,No,NA,B2,+N,sb3,spb2,Ames 28184,CML69,2,4,5.1
4419,JY,2019,Havelock,282+N-N,yes,45,No,NA,B2,+N,sb3,spb2,Ames 27110,E2558W,2,4,NA
4421,JY,2019,Havelock,282+N-N,yes,45,No,NA,B2,+N,sb3,spb2,Ames 27165,NC338,2,4,5.8
4423,JY,2019,Havelock,282+N-N,yes,45,No,NA,B2,+N,sb3,spb2,NSL 30038,K4,2,4,3.9
4425,JY,2019,Havelock,282+N-N,yes,45,No,NA,B2,+N,sb3,spb2,NSL 22893,F44,2,4,NA
4427,JY,2019,Havelock,282+N-N,yes,45,No,NA,B2,+N,sb3,spb2,Ames 27166,NC340,2,4,7.2
4429,JY,2019,Havelock,282+N-N,yes,45,No,NA,B2,+N,sb3,spb3,PI 558520,Mo1W,2,4,3.8
4431,JY,2019,Havelock,282+N-N,yes,45,No,NA,B2,+N,sb3,spb3,Ames 26808,Ill.Hy,2,4,6.7
4433,JY,2019,Havelock,282+N-N,yes,45,No,NA,B2,+N,sb3,spb3,Check,Check,2,4,6
4435,JY,2019,Havelock,282+N-N,yes,45,No,NA,B2,+N,sb3,spb3,Ames 27131,Ky226,2,4,4.6
4437,JY,2019,Havelock,282+N-N,yes,45,No,NA,B2,+N,sb3,spb3,Ames 27179,NC366,2,4,5.8
4439,JY,2019,Havelock,282+N-N,yes,45,No,NA,B2,+N,sb3,spb3,PI 606330,DE2,2,4,6.1
4441,JY,2019,Havelock,282+N-N,yes,45,No,NA,B2,+N,sb3,spb3,PI 506253,Tzi18,2,4,5
4443,JY,2019,Havelock,282+N-N,yes,45,No,NA,B2,+N,sb4,spb1,PI 587124,CM105,2,4,4.6
4445,JY,2019,Havelock,282+N-N,yes,45,No,NA,B2,+N,sb4,spb1,PI 550440,B64,2,4,4.1
4447,JY,2019,Havelock,282+N-N,yes,45,No,NA,B2,+N,sb4,spb1,PI 594046,B103,2,4,5
4449,JY,2019,Havelock,282+N-N,yes,45,No,NA,B2,+N,sb4,spb1,Ames 27067,C49A,2,4,NA
4451,JY,2019,Havelock,282+N-N,yes,45,No,NA,B2,+N,sb4,spb1,Check,Check,2,4,6.4
4453,JY,2019,Havelock,282+N-N,yes,45,No,NA,B2,+N,sb4,spb1,PI 607521,A661,2,4,4.4
4455,JY,2019,Havelock,282+N-N,yes,45,No,NA,B2,+N,sb4,spb1,Ames 19313,C123,2,4,NA
4457,JY,2019,Havelock,282+N-N,yes,45,No,NA,B2,+N,sb4,spb2,Ames 24734,MS153,2,4,5.8
4459,JY,2019,Havelock,282+N-N,yes,45,No,NA,B2,+N,sb4,spb2,Check,Check,2,4,6.8
4461,JY,2019,Havelock,282+N-N,yes,45,No,NA,B2,+N,sb4,spb2,Ames 20190,CM37,2,4,4.2
4463,JY,2019,Havelock,282+N-N,yes,45,No,NA,B2,+N,sb4,spb2,PI 583352,Mo47,2,4,4
4465,JY,2019,Havelock,282+N-N,yes,45,No,NA,B2,+N,sb4,spb2,Ames 27135,MEF156-55-2,2,4,NA
4467,JY,2019,Havelock,282+N-N,yes,45,No,NA,B2,+N,sb4,spb2,Ames 27105,CO106,2,4,NA
4469,JY,2019,Havelock,282+N-N,yes,45,No,NA,B2,+N,sb4,spb2,Ames 28364,IA2132,2,4,3.9
4471,JY,2019,Havelock,282+N-N,yes,45,No,NA,B2,+N,sb4,spb3,Ames 19288,Oh43,2,4,3.9
4473,JY,2019,Havelock,282+N-N,yes,45,No,NA,B2,+N,sb4,spb3,Check,Check,2,4,6.8
4475,JY,2019,Havelock,282+N-N,yes,45,No,NA,B2,+N,sb4,spb3,Ames 27161,NC330,2,4,3.9
4477,JY,2019,Havelock,282+N-N,yes,45,No,NA,B2,+N,sb4,spb3,Ames 27163,NC334,2,4,4.1
4479,JY,2019,Havelock,282+N-N,yes,45,No,NA,B2,+N,sb4,spb3,PI 587145,NC268,2,4,NA
4481,JY,2019,Havelock,282+N-N,yes,45,No,NA,B2,+N,sb4,spb3,Ames 27154,NC316,2,4,3.8
4483,JY,2019,Havelock,282+N-N,yes,45,No,NA,B2,+N,sb4,spb3,Ames 19016,Va59,2,4,NA
4501,JY,2019,Havelock,282+N-N,yes,45,No,NA,B2,+N,sb3,spb1,Check,Check,2,4,5.5
4503,JY,2019,Havelock,282+N-N,yes,45,No,NA,B2,+N,sb3,spb1,Ames 27095,CML321,2,4,NA
4505,JY,2019,Havelock,282+N-N,yes,45,No,NA,B2,+N,sb3,spb1,Check,Check,2,4,NA
4507,JY,2019,Havelock,282+N-N,yes,45,No,NA,B2,+N,sb3,spb1,PI 406112,A214N,2,4,NA
4509,JY,2019,Havelock,282+N-N,yes,45,No,NA,B2,+N,sb3,spb1,Check,Check,2,4,NA
4511,JY,2019,Havelock,282+N-N,yes,45,No,NA,B2,+N,sb3,spb1,Ames 27096,CML322,2,4,3
4513,JY,2019,Havelock,282+N-N,yes,45,No,NA,B2,+N,sb3,spb1,PI 587130,4722,2,4,3.5
4515,JY,2019,Havelock,282+N-N,yes,45,No,NA,B2,+N,sb3,spb2,Ames 27144,NC296,2,4,NA
4517,JY,2019,Havelock,282+N-N,yes,45,No,NA,B2,+N,sb3,spb2,Check,Check,2,4,NA
4519,JY,2019,Havelock,282+N-N,yes,45,No,NA,B2,+N,sb3,spb2,Ames 27121,K64,2,4,NA
4521,JY,2019,Havelock,282+N-N,yes,45,No,NA,B2,+N,sb3,spb2,PI 531084,NC258,2,4,5.1
4523,JY,2019,Havelock,282+N-N,yes,45,No,NA,B2,+N,sb3,spb2,Ames 27134,M162W,2,4,NA
4525,JY,2019,Havelock,282+N-N,yes,45,No,NA,B2,+N,sb3,spb2,PI 550558,DE811,2,4,NA
4527,JY,2019,Havelock,282+N-N,yes,45,No,NA,B2,+N,sb3,spb2,Ames 27156,NC320,2,4,NA
4529,JY,2019,Havelock,282+N-N,yes,45,No,NA,B2,+N,sb3,spb3,PI 506246,Tzi8,2,4,NA
4531,JY,2019,Havelock,282+N-N,yes,45,No,NA,B2,+N,sb3,spb3,PI 540745,Tzi11,2,4,NA
4533,JY,2019,Havelock,282+N-N,yes,45,No,NA,B2,+N,sb3,spb3,PI 587147,Pa91,2,4,NA
4535,JY,2019,Havelock,282+N-N,yes,45,No,NA,B2,+N,sb3,spb3,Ames 27119,Il101T,2,4,NA
4537,JY,2019,Havelock,282+N-N,yes,45,No,NA,B2,+N,sb3,spb3,PI 550522,T232,2,4,7.9
4539,JY,2019,Havelock,282+N-N,yes,45,No,NA,B2,+N,sb3,spb3,Check,Check,2,4,6.6
4541,JY,2019,Havelock,282+N-N,yes,45,No,NA,B2,+N,sb3,spb3,Check,Check,2,4,NA
4543,JY,2019,Havelock,282+N-N,yes,45,No,NA,B2,+N,sb4,spb1,NSL 81599,A659,2,4,NA
4545,JY,2019,Havelock,282+N-N,yes,45,No,NA,B2,+N,sb4,spb1,Ames 19316,CM174,2,4,NA
4547,JY,2019,Havelock,282+N-N,yes,45,No,NA,B2,+N,sb4,spb1,Ames 23450,A556,2,4,5.6
4549,JY,2019,Havelock,282+N-N,yes,45,No,NA,B2,+N,sb4,spb1,PI 587138,A554,2,4,4.6
4551,JY,2019,Havelock,282+N-N,yes,45,No,NA,B2,+N,sb4,spb1,Ames 19308,A634,2,4,5.3
4553,JY,2019,Havelock,282+N-N,yes,45,No,NA,B2,+N,sb4,spb1,PI 550483,B76,2,4,NA
4555,JY,2019,Havelock,282+N-N,yes,45,No,NA,B2,+N,sb4,spb1,Ames 19311,A641,2,4,NA
4557,JY,2019,Havelock,282+N-N,yes,45,No,NA,B2,+N,sb4,spb2,Check,Check,2,4,6.4
4559,JY,2019,Havelock,282+N-N,yes,45,No,NA,B2,+N,sb4,spb2,Ames 27070,CM7,2,4,NA
4561,JY,2019,Havelock,282+N-N,yes,45,No,NA,B2,+N,sb4,spb2,PI 587129,H99,2,4,4.9
4563,JY,2019,Havelock,282+N-N,yes,45,No,NA,B2,+N,sb4,spb2,Ames 20140,Mt42,2,4,NA
4565,JY,2019,Havelock,282+N-N,yes,45,No,NA,B2,+N,sb4,spb2,Ames 27111,EP1,2,4,NA
4567,JY,2019,Havelock,282+N-N,yes,45,No,NA,B2,+N,sb4,spb2,PI 257507,F7,2,4,2.8
4569,JY,2019,Havelock,282+N-N,yes,45,No,NA,B2,+N,sb4,spb2,Ames 27107,CO255,2,4,NA
4571,JY,2019,Havelock,282+N-N,yes,45,No,NA,B2,+N,sb4,spb3,Check,Check,2,4,6.7
4573,JY,2019,Havelock,282+N-N,yes,45,No,NA,B2,+N,sb4,spb3,PI 550566,N192,2,4,5.4
4575,JY,2019,Havelock,282+N-N,yes,45,No,NA,B2,+N,sb4,spb3,Ames 27152,NC312,2,4,NA
4577,JY,2019,Havelock,282+N-N,yes,45,No,NA,B2,+N,sb4,spb3,Ames 27142,NC292,2,4,NA
4579,JY,2019,Havelock,282+N-N,yes,45,No,NA,B2,+N,sb4,spb3,PI 524969,SD44,2,4,5.6
4581,JY,2019,Havelock,282+N-N,yes,45,No,NA,B2,+N,sb4,spb3,Check,Check,2,4,6.1
4583,JY,2019,Havelock,282+N-N,yes,45,No,NA,B2,+N,sb4,spb3,PI 531085,NC262,2,4,3.9
