row,I,year,Pedigree,Genotype,field,experiment,pheno,K,DNA,field_note,block,nitrogen,sb,spb,Rep,quadrant,Average.cob.weight
1001,JY,2018,Ames 27093,CML311,Havelock,282+N-N,yes,35,No,NA,B1,+N,sb1,spb1,1,1,NA
1003,JY,2018,PI 406112,A214N,Havelock,282+N-N,yes,35,No,NA,B1,+N,sb1,spb1,1,1,NA
1005,JY,2018,PI 595565,CML287,Havelock,282+N-N,yes,35,No,NA,B1,+N,sb1,spb1,1,1,7.9
1007,JY,2018,Ames 27094,CML314,Havelock,282+N-N,yes,35,No,NA,B1,+N,sb1,spb1,1,1,12.6
1009,JY,2018,Ames 27102,CML341,Havelock,282+N-N,yes,35,No,NA,B1,+N,sb1,spb1,1,1,NA
1011,NA,NA,NA,NA,NA,NA,NA,NA,NA,NA,B1,+N,sb1,spb1,1,1,5.166666667
1013,JY,2018,check,NA,Havelock,282+N-N,yes,35,No,NA,B1,+N,sb1,spb1,1,1,NA
1015,JY,2018,Ames 27088,CML228,Havelock,282+N-N,yes,35,No,NA,B1,+N,sb1,spb1,1,1,NA
1017,JY,2018,Ames 10248,GA209,Havelock,282+N-N,yes,35,No,NA,B1,+N,sb1,spb2,1,1,NA
1019,JY,2018,Ames 27144,NC296,Havelock,282+N-N,yes,35,No,NA,B1,+N,sb1,spb2,1,1,NA
1021,JY,2018,Ames 27080,CML92,Havelock,282+N-N,yes,35,No,NA,B1,+N,sb1,spb2,1,1,NA
1023,JY,2018,PI 587144,Mo24W,Havelock,282+N-N,yes,35,No,NA,B1,+N,sb1,spb2,1,1,19.9
1025,JY,2018,check,NA,Havelock,282+N-N,yes,35,No,NA,B1,+N,sb1,spb2,1,1,20.9
1027,NA,NA,NA,NA,NA,NA,NA,NA,NA,NA,B1,+N,sb1,spb2,1,1,13.75
1029,JY,2018,Ames 27079,CML91,Havelock,282+N-N,yes,35,No,NA,B1,+N,sb1,spb2,1,1,8.75
1031,NA,NA,NA,NA,NA,NA,NA,NA,NA,NA,B1,+N,sb1,spb2,1,1,10.675
1033,JY,2018,Ames 27189,SC55,Havelock,282+N-N,yes,35,No,NA,B1,+N,sb1,spb3,1,1,8.3
1035,JY,2018,PI 506255,Tzi25,Havelock,282+N-N,yes,35,No,NA,B1,+N,sb1,spb3,1,1,16.9
1037,JY,2018,PI 506248,Tzi10,Havelock,282+N-N,yes,35,No,NA,B1,+N,sb1,spb3,1,1,NA
1039,JY,2018,PI 506253,Tzi18,Havelock,282+N-N,yes,35,No,NA,B1,+N,sb1,spb3,1,1,22.5
1041,JY,2018,Ames 26808,Ill.Hy,Havelock,282+N-N,yes,35,No,NA,B1,+N,sb1,spb3,1,1,7.2
1043,JY,2018,Ames 27166,NC340,Havelock,282+N-N,yes,35,No,NA,B1,+N,sb1,spb3,1,1,13.7
1045,JY,2018,PI 587136,Ky228,Havelock,282+N-N,yes,35,No,NA,B1,+N,sb1,spb3,1,1,4.2
1047,JY,2018,check,NA,Havelock,282+N-N,yes,35,No,NA,B1,+N,sb1,spb3,1,1,19.8
1049,JY,2018,PI 587140,A632,Havelock,282+N-N,yes,35,No,NA,B1,+N,sb2,spb1,1,1,9.066666667
1051,JY,2018,PI 587143,A682,Havelock,282+N-N,yes,35,No,NA,B1,+N,sb2,spb1,1,1,16
1053,JY,2018,PI 594046,B103,Havelock,282+N-N,yes,35,No,NA,B1,+N,sb2,spb1,1,1,NA
1055,JY,2018,Ames 19309,A635,Havelock,282+N-N,yes,35,No,NA,B1,+N,sb2,spb1,1,1,7.6
1057,JY,2018,PI 607521,A661,Havelock,282+N-N,yes,35,No,NA,B1,+N,sb2,spb1,1,1,20.825
1059,JY,2018,Ames 27068,CH9,Havelock,282+N-N,yes,35,No,NA,B1,+N,sb2,spb1,1,1,17
1061,JY,2018,PI 587141,A654,Havelock,282+N-N,yes,35,No,NA,B1,+N,sb2,spb1,1,1,NA
1063,JY,2018,PI 550440,B64,Havelock,282+N-N,yes,35,No,NA,B1,+N,sb2,spb1,1,1,8.966666667
1065,JY,2018,check,NA,Havelock,282+N-N,yes,35,No,NA,B1,+N,sb2,spb2,1,1,19.5
1067,JY,2018,Ames 27111,EP1,Havelock,282+N-N,yes,35,No,NA,B1,+N,sb2,spb2,1,1,10.1
1069,JY,2018,check,NA,Havelock,282+N-N,yes,35,No,NA,B1,+N,sb2,spb2,1,1,22.6
1071,JY,2018,Ames 19316,CM174,Havelock,282+N-N,yes,35,No,NA,B1,+N,sb2,spb2,1,1,13.82
1073,JY,2018,PI 587124,CM105,Havelock,282+N-N,yes,35,No,NA,B1,+N,sb2,spb2,1,1,45.5
1075,JY,2018,Ames 27135,MEF156-55-2,Havelock,282+N-N,yes,35,No,NA,B1,+N,sb2,spb2,1,1,NA
1077,JY,2018,Ames 27105,CO106,Havelock,282+N-N,yes,35,No,NA,B1,+N,sb2,spb2,1,1,12.33333333
1079,JY,2018,Ames 27070,CM7,Havelock,282+N-N,yes,35,No,NA,B1,+N,sb2,spb2,1,1,25.84
1081,JY,2018,Ames 27161,NC330,Havelock,282+N-N,yes,35,No,NA,B1,+N,sb2,spb3,1,1,NA
1083,JY,2018,PI 550490,ND246,Havelock,282+N-N,yes,35,No,NA,B1,+N,sb2,spb3,1,1,8.62
1085,JY,2018,Ames 19326,R168,Havelock,282+N-N,yes,35,No,NA,B1,+N,sb2,spb3,1,1,11.53333333
1087,JY,2018,Ames 27196,Yu796_NS,Havelock,282+N-N,yes,35,No,NA,B1,+N,sb2,spb3,1,1,NA
1089,JY,2018,Ames 19330,W182B,Havelock,282+N-N,yes,35,No,NA,B1,+N,sb2,spb3,1,1,13.26
1091,NA,NA,NA,NA,NA,NA,NA,NA,NA,NA,B1,+N,sb2,spb3,1,1,11.625
1093,JY,2018,PI 531085,NC262,Havelock,282+N-N,yes,35,No,NA,B1,+N,sb2,spb3,1,1,7.45
1095,NA,NA,NA,NA,NA,NA,NA,NA,NA,NA,B1,+N,sb2,spb3,1,1,18.1
1101,JY,2018,Ames 27085,CML158Q,Havelock,282+N-N,yes,35,No,NA,B1,+N,sb1,spb1,1,1,NA
1103,JY,2018,Ames 27071,CML5,Havelock,282+N-N,yes,35,No,NA,B1,+N,sb1,spb1,1,1,NA
1105,JY,2018,PI 595542,CML254,Havelock,282+N-N,yes,35,No,NA,B1,+N,sb1,spb1,1,1,NA
1107,JY,2018,Ames 27072,CML10,Havelock,282+N-N,yes,35,No,NA,B1,+N,sb1,spb1,1,1,NA
1109,JY,2018,check,NA,Havelock,282+N-N,yes,35,No,NA,B1,+N,sb1,spb1,1,1,13.4
1111,NA,NA,NA,NA,NA,NA,NA,NA,NA,NA,B1,+N,sb1,spb1,1,1,NA
1113,JY,2018,Ames 27095,CML321,Havelock,282+N-N,yes,35,No,NA,B1,+N,sb1,spb1,1,1,NA
1115,NA,NA,NA,NA,NA,NA,NA,NA,NA,NA,B1,+N,sb1,spb1,1,1,21.83333333
1117,NA,NA,NA,NA,NA,NA,NA,NA,NA,NA,B1,+N,sb1,spb2,1,1,NA
1119,JY,2018,NSL 30038,K4,Havelock,282+N-N,yes,35,No,NA,B1,+N,sb1,spb2,1,1,NA
1121,JY,2018,Ames 27155,NC318,Havelock,282+N-N,yes,35,No,NA,B1,+N,sb1,spb2,1,1,4.7
1123,JY,2018,NSL 22893,F44,Havelock,282+N-N,yes,35,No,NA,B1,+N,sb1,spb2,1,1,7.25
1125,JY,2018,Ames 27078,CML61,Havelock,282+N-N,yes,35,No,NA,B1,+N,sb1,spb2,1,1,NA
1127,JY,2018,Ames 28184,CML69,Havelock,282+N-N,yes,35,No,NA,B1,+N,sb1,spb2,1,1,NA
1129,JY,2018,check,NA,Havelock,282+N-N,yes,35,No,NA,B1,+N,sb1,spb2,1,1,17.85
1131,JY,2018,Ames 27156,NC320,Havelock,282+N-N,yes,35,No,NA,B1,+N,sb1,spb2,1,1,8.525
1133,JY,2018,PI 550522,T232,Havelock,282+N-N,yes,35,No,NA,B1,+N,sb1,spb3,1,1,19.6
1135,JY,2018,PI 506246,Tzi8,Havelock,282+N-N,yes,35,No,NA,B1,+N,sb1,spb3,1,1,NA
1137,JY,2018,Ames 27169,NC346,Havelock,282+N-N,yes,35,No,NA,B1,+N,sb1,spb3,1,1,NA
1139,JY,2018,PI 587145,NC268,Havelock,282+N-N,yes,35,No,NA,B1,+N,sb1,spb3,1,1,NA
1141,NA,NA,NA,NA,NA,NA,NA,NA,NA,NA,B1,+N,sb1,spb3,1,1,14.9
1143,JY,2018,PI 587137,Ms71,Havelock,282+N-N,yes,35,No,NA,B1,+N,sb1,spb3,1,1,11.7
1145,JY,2018,Ames 22763,Tx601,Havelock,282+N-N,yes,35,No,NA,B1,+N,sb1,spb3,1,1,NA
1147,NA,NA,NA,NA,NA,NA,NA,NA,NA,NA,B1,+N,sb1,spb3,1,1,14.25
1149,JY,2018,Ames 19308,A634,Havelock,282+N-N,yes,35,No,NA,B1,+N,sb2,spb1,1,1,7.333333333
1151,JY,2018,NSL 81599,A659,Havelock,282+N-N,yes,35,No,NA,B1,+N,sb2,spb1,1,1,17.025
1153,JY,2018,Ames 23405,A239,Havelock,282+N-N,yes,35,No,NA,B1,+N,sb2,spb1,1,1,11.66
1155,NA,NA,NA,NA,NA,NA,NA,NA,NA,NA,B1,+N,sb2,spb1,1,1,NA
1157,NA,NA,NA,NA,NA,NA,NA,NA,NA,NA,B1,+N,sb2,spb1,1,1,12.46666667
1159,JY,2018,Ames 23450,A556,Havelock,282+N-N,yes,35,No,NA,B1,+N,sb2,spb1,1,1,10.53333333
1161,JY,2018,PI 587139,A619,Havelock,282+N-N,yes,35,No,NA,B1,+N,sb2,spb1,1,1,6.833333333
1163,JY,2018,check,NA,Havelock,282+N-N,yes,35,No,NA,B1,+N,sb2,spb1,1,1,20.3
1165,NA,NA,NA,NA,NA,NA,NA,NA,NA,NA,B1,+N,sb2,spb2,1,1,NA
1167,JY,2018,PI 583352,Mo47,Havelock,282+N-N,yes,35,No,NA,B1,+N,sb2,spb2,1,1,8.975
1169,NA,NA,NA,NA,NA,NA,NA,NA,NA,NA,B1,+N,sb2,spb2,1,1,64.775
1171,JY,2018,PI 550566,N192,Havelock,282+N-N,yes,35,No,NA,B1,+N,sb2,spb2,1,1,14.1
1173,JY,2018,Ames 24734,MS153,Havelock,282+N-N,yes,35,No,NA,B1,+N,sb2,spb2,1,1,12.03333333
1175,JY,2018,Ames 27104,CMV3,Havelock,282+N-N,yes,35,No,NA,B1,+N,sb2,spb2,1,1,6.46
1177,JY,2018,Ames 20190,CM37,Havelock,282+N-N,yes,35,No,NA,B1,+N,sb2,spb2,1,1,9.175
1179,NA,NA,NA,NA,NA,NA,NA,NA,NA,NA,B1,+N,sb2,spb2,1,1,13.43333333
1181,JY,2018,Ames 27152,NC312,Havelock,282+N-N,yes,35,No,NA,B1,+N,sb2,spb3,1,1,16
1183,JY,2018,PI 524969,SD44,Havelock,282+N-N,yes,35,No,NA,B1,+N,sb2,spb3,1,1,19.275
1185,JY,2018,check,NA,Havelock,282+N-N,yes,35,No,NA,B1,+N,sb2,spb3,1,1,NA
1187,JY,2018,Ames 27150,NC308,Havelock,282+N-N,yes,35,No,NA,B1,+N,sb2,spb3,1,1,7.633333333
1189,JY,2018,check,NA,Havelock,282+N-N,yes,35,No,NA,B1,+N,sb2,spb3,1,1,24.1
1191,NA,NA,NA,NA,NA,NA,NA,NA,NA,NA,B1,+N,sb2,spb3,1,1,NA
1193,JY,2018,Ames 27183,Oh43E,Havelock,282+N-N,yes,35,No,NA,B1,+N,sb2,spb3,1,1,9.566666667
1195,JY,2018,PI 587154,W153R,Havelock,282+N-N,yes,35,No,NA,B1,+N,sb2,spb3,1,1,14.75
1201,JY,2018,Ames 27101,CML333,Havelock,282+N-N,yes,35,No,NA,B1,+N,sb1,spb1,1,1,NA
1203,JY,2018,Ames 27086,CML218,Havelock,282+N-N,yes,35,No,NA,B1,+N,sb1,spb1,1,1,NA
1205,JY,2018,Ames 27082,CML108,Havelock,282+N-N,yes,35,No,NA,B1,+N,sb1,spb1,1,1,NA
1207,JY,2018,PI 595550,CML277,Havelock,282+N-N,yes,35,No,NA,B1,+N,sb1,spb1,1,1,NA
1209,JY,2018,Ames 27090,CML258,Havelock,282+N-N,yes,35,No,NA,B1,+N,sb1,spb1,1,1,NA
1211,JY,2018,Ames 27074,CML14,Havelock,282+N-N,yes,35,No,NA,B1,+N,sb1,spb1,1,1,NA
1213,JY,2018,Ames 26604,38-11,Havelock,282+N-N,yes,35,No,NA,B1,+N,sb1,spb1,1,1,14.8
1215,JY,2018,Ames 27091,CML261,Havelock,282+N-N,yes,35,No,NA,B1,+N,sb1,spb1,1,1,NA
1217,JY,2018,Ames 27110,E2558W,Havelock,282+N-N,yes,35,No,NA,B1,+N,sb1,spb2,1,1,NA
1219,JY,2018,PI 595561,CML52,Havelock,282+N-N,yes,35,No,NA,B1,+N,sb1,spb2,1,1,NA
1221,JY,2018,Ames 27108,D940Y,Havelock,282+N-N,yes,35,No,NA,B1,+N,sb1,spb2,1,1,NA
1223,JY,2018,Ames 27121,K64,Havelock,282+N-N,yes,35,No,NA,B1,+N,sb1,spb2,1,1,16.46666667
1225,JY,2018,Ames 27113,GT112,Havelock,282+N-N,yes,35,No,NA,B1,+N,sb1,spb2,1,1,NA
1227,JY,2018,Ames 27139,NC33,Havelock,282+N-N,yes,35,No,NA,B1,+N,sb1,spb2,1,1,NA
1229,JY,2018,NSL 22894,F6,Havelock,282+N-N,yes,35,No,NA,B1,+N,sb1,spb2,1,1,NA
1231,JY,2018,Ames 12729,NC222,Havelock,282+N-N,yes,35,No,NA,B1,+N,sb1,spb2,1,1,6
1233,NA,NA,NA,NA,NA,NA,NA,NA,NA,NA,B1,+N,sb1,spb3,1,1,6.966666667
1235,JY,2018,PI 558520,Mo1W,Havelock,282+N-N,yes,35,No,NA,B1,+N,sb1,spb3,1,1,6.033333333
1237,JY,2018,PI 587147,Pa91,Havelock,282+N-N,yes,35,No,NA,B1,+N,sb1,spb3,1,1,11
1239,JY,2018,Ames 27136,Mo.G,Havelock,282+N-N,yes,35,No,NA,B1,+N,sb1,spb3,1,1,23.3
1241,JY,2018,PI 540745,Tzi11,Havelock,282+N-N,yes,35,No,NA,B1,+N,sb1,spb3,1,1,NA
1243,JY,2018,check,NA,Havelock,282+N-N,yes,35,No,NA,B1,+N,sb1,spb3,1,1,NA
1245,JY,2018,PI 506247,Tzi9,Havelock,282+N-N,yes,35,No,NA,B1,+N,sb1,spb3,1,1,12.56666667
1247,JY,2018,Ames 27179,NC366,Havelock,282+N-N,yes,35,No,NA,B1,+N,sb1,spb3,1,1,10.8
1249,JY,2018,PI 587138,A554,Havelock,282+N-N,yes,35,No,NA,B1,+N,sb2,spb1,1,1,9.475
1251,NA,NA,NA,NA,NA,NA,NA,NA,NA,NA,B1,+N,sb2,spb1,1,1,NA
1253,JY,2018,Ames 19313,C123,Havelock,282+N-N,yes,35,No,NA,B1,+N,sb2,spb1,1,1,13.7
1255,JY,2018,Ames 22443,A188,Havelock,282+N-N,yes,35,No,NA,B1,+N,sb2,spb1,1,1,8
1257,JY,2018,PI 608774,B75,Havelock,282+N-N,yes,35,No,NA,B1,+N,sb2,spb1,1,1,-0.7
1259,JY,2018,Ames 27067,C49A,Havelock,282+N-N,yes,35,No,NA,B1,+N,sb2,spb1,1,1,12.6
1261,JY,2018,PI 550483,B76,Havelock,282+N-N,yes,35,No,NA,B1,+N,sb2,spb1,1,1,11
1263,JY,2018,check,NA,Havelock,282+N-N,yes,35,No,NA,B1,+N,sb2,spb1,1,1,29.83333333
1265,JY,2018,PI 587129,H99,Havelock,282+N-N,yes,35,No,NA,B1,+N,sb2,spb2,1,1,6.3
1267,JY,2018,NSL 30867,M14,Havelock,282+N-N,yes,35,No,NA,B1,+N,sb2,spb2,1,1,4.9
1269,JY,2018,Ames 20140,Mt42,Havelock,282+N-N,yes,35,No,NA,B1,+N,sb2,spb2,1,1,10.2
1271,JY,2018,Ames 27107,CO255,Havelock,282+N-N,yes,35,No,NA,B1,+N,sb2,spb2,1,1,NA
1273,JY,2018,PI 257507,F7,Havelock,282+N-N,yes,35,No,NA,B1,+N,sb2,spb2,1,1,5.325
1275,JY,2018,PI 587127,H105W,Havelock,282+N-N,yes,35,No,NA,B1,+N,sb2,spb2,1,1,NA
1277,JY,2018,Ames 27106,CO125,Havelock,282+N-N,yes,35,No,NA,B1,+N,sb2,spb2,1,1,NA
1279,JY,2018,Ames 24752,MS1334,Havelock,282+N-N,yes,35,No,NA,B1,+N,sb2,spb2,1,1,14.2
1281,JY,2018,PI 587150,Va35,Havelock,282+N-N,yes,35,No,NA,B1,+N,sb2,spb3,1,1,NA
1283,JY,2018,Ames 19016,Va59,Havelock,282+N-N,yes,35,No,NA,B1,+N,sb2,spb3,1,1,4.6
1285,JY,2018,Ames 27142,NC292,Havelock,282+N-N,yes,35,No,NA,B1,+N,sb2,spb3,1,1,NA
1287,JY,2018,Ames 19288,Oh43,Havelock,282+N-N,yes,35,No,NA,B1,+N,sb2,spb3,1,1,12.5
1289,JY,2018,Ames 27162,NC332,Havelock,282+N-N,yes,35,No,NA,B1,+N,sb2,spb3,1,1,5.125
1291,JY,2018,Ames 27154,NC316,Havelock,282+N-N,yes,35,No,NA,B1,+N,sb2,spb3,1,1,8.8
1293,JY,2018,Ames 27137,N6,Havelock,282+N-N,yes,35,No,NA,B1,+N,sb2,spb3,1,1,10.9
1295,JY,2018,Ames 19000,VaW6,Havelock,282+N-N,yes,35,No,NA,B1,+N,sb2,spb3,1,1,14.325
1301,JY,2018,PI 550465,B68,Havelock,282+N-N,yes,35,No,NA,B1,+N,sb3,spb1,1,1,NA
1303,JY,2018,Ames 27069,CH701-30,Havelock,282+N-N,yes,35,No,NA,B1,+N,sb3,spb1,1,1,NA
1305,JY,2018,PI 550473,B73,Havelock,282+N-N,yes,35,No,NA,B1,+N,sb3,spb1,1,1,7.85
1307,NA,NA,NA,NA,NA,NA,NA,NA,NA,NA,B1,+N,sb3,spb1,1,1,8.65
1309,JY,2018,PI 550469,B46,Havelock,282+N-N,yes,35,No,NA,B1,+N,sb3,spb1,1,1,14.7
1311,JY,2018,Ames 26116,CI3A,Havelock,282+N-N,yes,35,No,NA,B1,+N,sb3,spb1,1,1,NA
1313,JY,2018,PI 550454,B52,Havelock,282+N-N,yes,35,No,NA,B1,+N,sb3,spb1,1,1,7.3
1315,JY,2018,PI 550467,B37,Havelock,282+N-N,yes,35,No,NA,B1,+N,sb3,spb1,1,1,7.3
1317,NA,NA,NA,NA,NA,NA,NA,NA,NA,NA,B1,+N,sb3,spb2,1,1,8
1319,JY,2018,Ames 27170,NC348,Havelock,282+N-N,yes,35,No,NA,B1,+N,sb3,spb2,1,1,8.166666667
1321,JY,2018,PI 550558,DE811,Havelock,282+N-N,yes,35,No,NA,B1,+N,sb3,spb2,1,1,15.83333333
1323,JY,2018,PI 558532,Mo17,Havelock,282+N-N,yes,35,No,NA,B1,+N,sb3,spb2,1,1,7.1
1325,JY,2018,NSL 65873,L317,Havelock,282+N-N,yes,35,No,NA,B1,+N,sb3,spb2,1,1,NA
1327,JY,2018,Ames 27081,CML103,Havelock,282+N-N,yes,35,No,NA,B1,+N,sb3,spb2,1,1,7.325
1329,JY,2018,Ames 27149,NC306,Havelock,282+N-N,yes,35,No,NA,B1,+N,sb3,spb2,1,1,NA
1331,JY,2018,check,NA,Havelock,282+N-N,yes,35,No,NA,B1,+N,sb3,spb2,1,1,27
1333,NA,NA,NA,NA,NA,NA,NA,NA,NA,NA,B1,+N,sb3,spb3,1,1,8.1
1335,JY,2018,check,NA,Havelock,282+N-N,yes,35,No,NA,B1,+N,sb3,spb3,1,1,22.26666667
1337,JY,2018,PI 606330,DE2,Havelock,282+N-N,yes,35,No,NA,B1,+N,sb3,spb3,1,1,18.8
1339,JY,2018,Ames 19328,Va22,Havelock,282+N-N,yes,35,No,NA,B1,+N,sb3,spb3,1,1,NA
1341,JY,2018,check,NA,Havelock,282+N-N,yes,35,No,NA,B1,+N,sb3,spb3,1,1,NA
1343,JY,2018,PI 606768,SD40,Havelock,282+N-N,yes,35,No,NA,B1,+N,sb3,spb3,1,1,5.475
1345,JY,2018,Ames 24989,Va99,Havelock,282+N-N,yes,35,No,NA,B1,+N,sb3,spb3,1,1,10.175
1347,JY,2018,PI 257506,F2,Havelock,282+N-N,yes,35,No,NA,B1,+N,sb3,spb3,1,1,9.166666667
1349,JY,2018,Ames 27120,Il677a,Havelock,282+N-N,yes,35,No,NA,B1,+N,sb4,spb1,1,1,13.4
1351,JY,2018,Ames 27112,F2834T,Havelock,282+N-N,yes,35,No,NA,B1,+N,sb4,spb1,1,1,NA
1353,JY,2018,PI 606329,DE1,Havelock,282+N-N,yes,35,No,NA,B1,+N,sb4,spb1,1,1,14.8
1355,JY,2018,PI 594048,B105,Havelock,282+N-N,yes,35,No,NA,B1,+N,sb4,spb1,1,1,NA
1357,JY,2018,PI 608766,B79,Havelock,282+N-N,yes,35,No,NA,B1,+N,sb4,spb1,1,1,14
1359,JY,2018,Ames 27097,CML323,Havelock,282+N-N,yes,35,No,NA,B1,+N,sb4,spb1,1,1,NA
1361,JY,2018,Ames 27087,CML220,Havelock,282+N-N,yes,35,No,NA,B1,+N,sb4,spb1,1,1,13.2
1363,JY,2018,check,NA,Havelock,282+N-N,yes,35,No,NA,B1,+N,sb4,spb1,1,1,16.85
1365,JY,2018,Ames 12734,NC236,Havelock,282+N-N,yes,35,No,NA,B1,+N,sb4,spb2,1,1,10.63333333
1367,JY,2018,Ames 27165,NC338,Havelock,282+N-N,yes,35,No,NA,B1,+N,sb4,spb2,1,1,5.4
1369,JY,2018,Ames 27171,NC350,Havelock,282+N-N,yes,35,No,NA,B1,+N,sb4,spb2,1,1,7.066666667
1371,JY,2018,check,NA,Havelock,282+N-N,yes,35,No,NA,B1,+N,sb4,spb2,1,1,24.325
1373,JY,2018,Ames 27148,NC304,Havelock,282+N-N,yes,35,No,NA,B1,+N,sb4,spb2,1,1,NA
1375,JY,2018,PI 583351,Mo46,Havelock,282+N-N,yes,35,No,NA,B1,+N,sb4,spb2,1,1,6.5
1377,JY,2018,Ames 12735,NC238,Havelock,282+N-N,yes,35,No,NA,B1,+N,sb4,spb2,1,1,NA
1379,JY,2018,PI 550555,NC250,Havelock,282+N-N,yes,35,No,NA,B1,+N,sb4,spb2,1,1,11.16666667
1381,NA,NA,NA,NA,NA,NA,NA,NA,NA,NA,B1,+N,sb4,spb3,1,1,8.22
1383,JY,2018,PI 587151,Va102,Havelock,282+N-N,yes,35,No,NA,B1,+N,sb4,spb3,1,1,6.033333333
1385,JY,2018,Ames 27163,NC334,Havelock,282+N-N,yes,35,No,NA,B1,+N,sb4,spb3,1,1,5.35
1387,JY,2018,Ames 27172,NC352,Havelock,282+N-N,yes,35,No,NA,B1,+N,sb4,spb3,1,1,12.7
1389,JY,2018,PI 573098,Oh603,Havelock,282+N-N,yes,35,No,NA,B1,+N,sb4,spb3,1,1,NA
1391,JY,2018,Ames 27184,Pa762,Havelock,282+N-N,yes,35,No,NA,B1,+N,sb4,spb3,1,1,9.7
1393,JY,2018,NSL 53094,SC357,Havelock,282+N-N,yes,35,No,NA,B1,+N,sb4,spb3,1,1,15.2
1395,JY,2018,check,NA,Havelock,282+N-N,yes,35,No,NA,B1,+N,sb4,spb3,1,1,25.73333333
1401,NA,NA,NA,NA,NA,NA,NA,NA,NA,NA,B1,+N,sb3,spb1,1,1,10.48
1403,JY,2018,check,NA,Havelock,282+N-N,yes,35,No,NA,B1,+N,sb3,spb1,1,1,17.56666667
1405,JY,2018,Ames 27065,B73Htrhm,Havelock,282+N-N,yes,35,No,NA,B1,+N,sb3,spb1,1,1,NA
1407,JY,2018,PI 587142,A679,Havelock,282+N-N,yes,35,No,NA,B1,+N,sb3,spb1,1,1,11.625
1409,JY,2018,PI 608765,B77,Havelock,282+N-N,yes,35,No,NA,B1,+N,sb3,spb1,1,1,8.033333333
1411,JY,2018,Ames 23503,A680,Havelock,282+N-N,yes,35,No,NA,B1,+N,sb3,spb1,1,1,NA
1413,JY,2018,PI 550461,B14A,Havelock,282+N-N,yes,35,No,NA,B1,+N,sb3,spb1,1,1,12.05
1415,NA,NA,NA,NA,NA,NA,NA,NA,NA,NA,B1,+N,sb3,spb1,1,1,12.13333333
1417,JY,2018,Ames 27114,H91,Havelock,282+N-N,yes,35,No,NA,B1,+N,sb3,spb2,1,1,7.15
1419,JY,2018,PI 531084,NC258,Havelock,282+N-N,yes,35,No,NA,B1,+N,sb3,spb2,1,1,18.4
1421,NA,NA,NA,NA,NA,NA,NA,NA,NA,NA,B1,+N,sb3,spb2,1,1,8.625
1423,JY,2018,check,NA,Havelock,282+N-N,yes,35,No,NA,B1,+N,sb3,spb2,1,1,NA
1425,JY,2018,Ames 27118,Il14H,Havelock,282+N-N,yes,35,No,NA,B1,+N,sb3,spb2,1,1,10.16666667
1427,NA,NA,NA,NA,NA,NA,NA,NA,NA,NA,B1,+N,sb3,spb2,1,1,NA
1429,JY,2018,Ames 27167,NC342,Havelock,282+N-N,yes,35,No,NA,B1,+N,sb3,spb2,1,1,16.78
1431,JY,2018,Ames 27140,NC260,Havelock,282+N-N,yes,35,No,NA,B1,+N,sb3,spb2,1,1,14.93333333
1433,JY,2018,NSL 28966,Oh40B,Havelock,282+N-N,yes,35,No,NA,B1,+N,sb3,spb3,1,1,13
1435,JY,2018,Ames 28290,C49,Havelock,282+N-N,yes,35,No,NA,B1,+N,sb3,spb3,1,1,10.73333333
1437,NA,NA,NA,NA,NA,NA,NA,NA,NA,NA,B1,+N,sb3,spb3,1,1,7
1439,JY,2018,NSL 65874,Os420,Havelock,282+N-N,yes,35,No,NA,B1,+N,sb3,spb3,1,1,NA
1441,JY,2018,Ames 26771,33-16,Havelock,282+N-N,yes,35,No,NA,B1,+N,sb3,spb3,1,1,NA
1443,JY,2018,PI 587125,CO109,Havelock,282+N-N,yes,35,No,NA,B1,+N,sb3,spb3,1,1,6.933333333
1445,JY,2018,Ames 27180,NC368,Havelock,282+N-N,yes,35,No,NA,B1,+N,sb3,spb3,1,1,10.7
1447,JY,2018,PI 592734,R229,Havelock,282+N-N,yes,35,No,NA,B1,+N,sb3,spb3,1,1,NA
1449,JY,2018,Ames 22440,CI90C,Havelock,282+N-N,yes,35,No,NA,B1,+N,sb4,spb1,1,1,NA
1451,JY,2018,Ames 27064,A441-5,Havelock,282+N-N,yes,35,No,NA,B1,+N,sb4,spb1,1,1,NA
1453,JY,2018,PI 587148,CI66,Havelock,282+N-N,yes,35,No,NA,B1,+N,sb4,spb1,1,1,NA
1455,JY,2018,Ames 19319,H95,Havelock,282+N-N,yes,35,No,NA,B1,+N,sb4,spb1,1,1,NA
1457,JY,2018,PI 550472,B57,Havelock,282+N-N,yes,35,No,NA,B1,+N,sb4,spb1,1,1,13.3
1459,JY,2018,Ames 27089,CML238,Havelock,282+N-N,yes,35,No,NA,B1,+N,sb4,spb1,1,1,NA
1461,NA,NA,NA,NA,NA,NA,NA,NA,NA,NA,B1,+N,sb4,spb1,1,1,13.76666667
1463,JY,2018,PI 594047,B104,Havelock,282+N-N,yes,35,No,NA,B1,+N,sb4,spb1,1,1,13.56
1465,NA,NA,NA,NA,NA,NA,NA,NA,NA,NA,B1,+N,sb4,spb2,1,1,17.68
1467,JY,2018,Ames 22754,K55,Havelock,282+N-N,yes,35,No,NA,B1,+N,sb4,spb2,1,1,17.96666667
1469,JY,2018,Ames 27261,NC298,Havelock,282+N-N,yes,35,No,NA,B1,+N,sb4,spb2,1,1,5.55
1471,NA,NA,NA,NA,NA,NA,NA,NA,NA,NA,B1,+N,sb4,spb2,1,1,9
1473,JY,2018,Ames 12731,NC230,Havelock,282+N-N,yes,35,No,NA,B1,+N,sb4,spb2,1,1,8.3
1475,JY,2018,Ames 27138,N28Ht,Havelock,282+N-N,yes,35,No,NA,B1,+N,sb4,spb2,1,1,14.66666667
1477,JY,2018,PI 520774,NC264,Havelock,282+N-N,yes,35,No,NA,B1,+N,sb4,spb2,1,1,9.525
1479,JY,2018,Ames 27147,NC302,Havelock,282+N-N,yes,35,No,NA,B1,+N,sb4,spb2,1,1,NA
1481,JY,2018,Ames 27194,W401,Havelock,282+N-N,yes,35,No,NA,B1,+N,sb4,spb3,1,1,10.03333333
1483,JY,2018,NSL 30053,W22,Havelock,282+N-N,yes,35,No,NA,B1,+N,sb4,spb3,1,1,7.6
1485,JY,2018,Ames 27182,NC372,Havelock,282+N-N,yes,35,No,NA,B1,+N,sb4,spb3,1,1,10.75
1487,NA,NA,NA,NA,NA,NA,NA,NA,NA,NA,B1,+N,sb4,spb3,1,1,2.75
1489,JY,2018,Ames 27174,NC356,Havelock,282+N-N,yes,35,No,NA,B1,+N,sb4,spb3,1,1,NA
1491,JY,2018,Ames 27175,NC358,Havelock,282+N-N,yes,35,No,NA,B1,+N,sb4,spb3,1,1,11.66666667
1493,JY,2018,Ames 27190,T234,Havelock,282+N-N,yes,35,No,NA,B1,+N,sb4,spb3,1,1,NA
1495,JY,2018,check,NA,Havelock,282+N-N,yes,35,No,NA,B1,+N,sb4,spb3,1,1,28.13333333
1501,JY,2018,NSL 30904,4226,Havelock,282+N-N,yes,35,No,NA,B1,+N,sb3,spb1,1,1,13.3
1503,JY,2018,Ames 27066,B164,Havelock,282+N-N,yes,35,No,NA,B1,+N,sb3,spb1,1,1,30.66666667
1505,JY,2018,Ames 19314,CI64,Havelock,282+N-N,yes,35,No,NA,B1,+N,sb3,spb1,1,1,9.38
1507,JY,2018,check,NA,Havelock,282+N-N,yes,35,No,NA,B1,+N,sb3,spb1,1,1,NA
1509,JY,2018,PI 564682,B97,Havelock,282+N-N,yes,35,No,NA,B1,+N,sb3,spb1,1,1,11.975
1511,JY,2018,PI 608767,B84,Havelock,282+N-N,yes,35,No,NA,B1,+N,sb3,spb1,1,1,13.25
1513,JY,2018,PI 597927,B109,Havelock,282+N-N,yes,35,No,NA,B1,+N,sb3,spb1,1,1,12.05
1515,JY,2018,PI 587130,4722,Havelock,282+N-N,yes,35,No,NA,B1,+N,sb3,spb1,1,1,17.23333333
1517,JY,2018,Ames 27151,NC310,Havelock,282+N-N,yes,35,No,NA,B1,+N,sb3,spb2,1,1,13.1
1519,JY,2018,Ames 27160,NC328,Havelock,282+N-N,yes,35,No,NA,B1,+N,sb3,spb2,1,1,12.53333333
1521,JY,2018,Ames 28939,Mo44,Havelock,282+N-N,yes,35,No,NA,B1,+N,sb3,spb2,1,1,16.9
1523,JY,2018,Ames 27143,NC294,Havelock,282+N-N,yes,35,No,NA,B1,+N,sb3,spb2,1,1,8.933333333
1525,JY,2018,Ames 27168,NC344,Havelock,282+N-N,yes,35,No,NA,B1,+N,sb3,spb2,1,1,NA
1527,JY,2018,Ames 27133,M37W,Havelock,282+N-N,yes,35,No,NA,B1,+N,sb3,spb2,1,1,9.125
1529,JY,2018,Ames 27159,NC326,Havelock,282+N-N,yes,35,No,NA,B1,+N,sb3,spb2,1,1,20.13333333
1531,JY,2018,PI 583350,Mo45,Havelock,282+N-N,yes,35,No,NA,B1,+N,sb3,spb2,1,1,13.975
1533,JY,2018,Ames 27178,NC364,Havelock,282+N-N,yes,35,No,NA,B1,+N,sb3,spb3,1,1,14.43333333
1535,JY,2018,PI 517974,Pa880,Havelock,282+N-N,yes,35,No,NA,B1,+N,sb3,spb3,1,1,NA
1537,JY,2018,PI 550518,T8,Havelock,282+N-N,yes,35,No,NA,B1,+N,sb3,spb3,1,1,11.96666667
1539,NA,NA,NA,NA,NA,NA,NA,NA,NA,NA,B1,+N,sb3,spb3,1,1,18.775
1541,JY,2018,NSL 30894,R177,Havelock,282+N-N,yes,35,No,NA,B1,+N,sb3,spb3,1,1,17.05
1543,JY,2018,PI 587149,Va26,Havelock,282+N-N,yes,35,No,NA,B1,+N,sb3,spb3,1,1,NA
1545,JY,2018,Ames 19293,Wf9,Havelock,282+N-N,yes,35,No,NA,B1,+N,sb3,spb3,1,1,8.86
1547,JY,2018,Ames 22748,H100,Havelock,282+N-N,yes,35,No,NA,B1,+N,sb3,spb3,1,1,40.5
1549,NA,NA,NA,NA,NA,NA,NA,NA,NA,NA,B1,+N,sb4,spb1,1,1,9.56
1551,JY,2018,PI 587131,HP301,Havelock,282+N-N,yes,35,No,NA,B1,+N,sb4,spb1,1,1,9.533333333
1553,JY,2018,Ames 19284,C103,Havelock,282+N-N,yes,35,No,NA,B1,+N,sb4,spb1,1,1,19.85
1555,JY,2018,PI 587128,H84,Havelock,282+N-N,yes,35,No,NA,B1,+N,sb4,spb1,1,1,16.9
1557,JY,2018,check,NA,Havelock,282+N-N,yes,35,No,NA,B1,+N,sb4,spb1,1,1,21.75
1559,JY,2018,Ames 27100,CML332,Havelock,282+N-N,yes,35,No,NA,B1,+N,sb4,spb1,1,1,NA
1561,NA,NA,NA,NA,NA,NA,NA,NA,NA,NA,B1,+N,sb4,spb1,1,1,18.98
1563,JY,2018,Ames 27116,I137TN,Havelock,282+N-N,yes,35,No,NA,B1,+N,sb4,spb1,1,1,16.65
1565,JY,2018,Ames 27164,NC336,Havelock,282+N-N,yes,35,No,NA,B1,+N,sb4,spb2,1,1,NA
1567,JY,2018,Ames 27158,NC324,Havelock,282+N-N,yes,35,No,NA,B1,+N,sb4,spb2,1,1,NA
1569,JY,2018,Ames 27124,Ki11,Havelock,282+N-N,yes,35,No,NA,B1,+N,sb4,spb2,1,1,NA
1571,JY,2018,PI 543916,Mp339,Havelock,282+N-N,yes,35,No,NA,B1,+N,sb4,spb2,1,1,NA
1573,JY,2018,Ames 27134,M162W,Havelock,282+N-N,yes,35,No,NA,B1,+N,sb4,spb2,1,1,NA
1575,NA,NA,NA,NA,NA,NA,NA,NA,NA,NA,B1,+N,sb4,spb2,1,1,11.76666667
1577,JY,2018,check,NA,Havelock,282+N-N,yes,35,No,NA,B1,+N,sb4,spb2,1,1,NA
1579,JY,2018,Ames 27141,NC290A,Havelock,282+N-N,yes,35,No,NA,B1,+N,sb4,spb2,1,1,12.53333333
1581,JY,2018,Ames 19323,Oh7B,Havelock,282+N-N,yes,35,No,NA,B1,+N,sb4,spb3,1,1,NA
1583,JY,2018,Ames 27181,NC370,Havelock,282+N-N,yes,35,No,NA,B1,+N,sb4,spb3,1,1,25.5
1585,JY,2018,Ames 27173,NC354,Havelock,282+N-N,yes,35,No,NA,B1,+N,sb4,spb3,1,1,NA
1587,JY,2018,PI 587152,W64A,Havelock,282+N-N,yes,35,No,NA,B1,+N,sb4,spb3,1,1,14.76666667
1589,JY,2018,Ames 27193,Va85,Havelock,282+N-N,yes,35,No,NA,B1,+N,sb4,spb3,1,1,19.4
1591,JY,2018,Ames 27177,NC362,Havelock,282+N-N,yes,35,No,NA,B1,+N,sb4,spb3,1,1,11.7
1593,JY,2018,Ames 27185,Pa875,Havelock,282+N-N,yes,35,No,NA,B1,+N,sb4,spb3,1,1,5
1595,JY,2018,Ames 27176,NC360,Havelock,282+N-N,yes,35,No,NA,B1,+N,sb4,spb3,1,1,8.325
4001,NA,NA,NA,NA,NA,NA,NA,NA,NA,NA,B2,+N,sb1,spb1,2,4,5.733333333
4003,JY,2018,check,NA,Havelock,282+N-N,yes,35,No,NA,B2,+N,sb1,spb1,2,4,15.06666667
4005,JY,2018,Ames 27100,CML332,Havelock,282+N-N,yes,35,No,NA,B2,+N,sb1,spb1,2,4,NA
4007,JY,2018,PI 587148,CI66,Havelock,282+N-N,yes,35,No,NA,B2,+N,sb1,spb1,2,4,8.933333333
4009,JY,2018,Ames 19284,C103,Havelock,282+N-N,yes,35,No,NA,B2,+N,sb1,spb1,2,4,13.55
4011,JY,2018,Ames 22440,CI90C,Havelock,282+N-N,yes,35,No,NA,B2,+N,sb1,spb1,2,4,NA
4013,JY,2018,Ames 27087,CML220,Havelock,282+N-N,yes,35,No,NA,B2,+N,sb1,spb1,2,4,10.08
4015,JY,2018,PI 608766,B79,Havelock,282+N-N,yes,35,No,NA,B2,+N,sb1,spb1,2,4,6.18
4017,NA,NA,NA,NA,NA,NA,NA,NA,NA,NA,B2,+N,sb1,spb2,2,4,10.2
4019,JY,2018,Ames 27148,NC304,Havelock,282+N-N,yes,35,No,NA,B2,+N,sb1,spb2,2,4,7.6
4021,JY,2018,PI 520774,NC264,Havelock,282+N-N,yes,35,No,NA,B2,+N,sb1,spb2,2,4,11.85
4023,JY,2018,Ames 12735,NC238,Havelock,282+N-N,yes,35,No,NA,B2,+N,sb1,spb2,2,4,15.53333333
4025,JY,2018,Ames 27124,Ki11,Havelock,282+N-N,yes,35,No,NA,B2,+N,sb1,spb2,2,4,NA
4027,JY,2018,Ames 27141,NC290A,Havelock,282+N-N,yes,35,No,NA,B2,+N,sb1,spb2,2,4,10.12857143
4029,JY,2018,Ames 12731,NC230,Havelock,282+N-N,yes,35,No,NA,B2,+N,sb1,spb2,2,4,4.166666667
4031,JY,2018,Ames 27164,NC336,Havelock,282+N-N,yes,35,No,NA,B2,+N,sb1,spb2,2,4,11.2
4033,JY,2018,Ames 27173,NC354,Havelock,282+N-N,yes,35,No,NA,B2,+N,sb1,spb3,2,4,10.375
4035,JY,2018,Ames 27190,T234,Havelock,282+N-N,yes,35,No,NA,B2,+N,sb1,spb3,2,4,22.7
4037,JY,2018,PI 587151,Va102,Havelock,282+N-N,yes,35,No,NA,B2,+N,sb1,spb3,2,4,10.13333333
4039,JY,2018,NSL 53094,SC357,Havelock,282+N-N,yes,35,No,NA,B2,+N,sb1,spb3,2,4,51.06666667
4041,JY,2018,Ames 27194,W401,Havelock,282+N-N,yes,35,No,NA,B2,+N,sb1,spb3,2,4,5.8
4043,JY,2018,check,NA,Havelock,282+N-N,yes,35,No,NA,B2,+N,sb1,spb3,2,4,27.8
4045,JY,2018,PI 573098,Oh603,Havelock,282+N-N,yes,35,No,NA,B2,+N,sb1,spb3,2,4,25.475
4047,JY,2018,Ames 27163,NC334,Havelock,282+N-N,yes,35,No,NA,B2,+N,sb1,spb3,2,4,20.21666667
4049,JY,2018,PI 595565,CML287,Havelock,282+N-N,yes,35,No,NA,B2,+N,sb2,spb1,2,4,NA
4051,JY,2018,Ames 27090,CML258,Havelock,282+N-N,yes,35,No,NA,B2,+N,sb2,spb1,2,4,NA
4053,JY,2018,Ames 27095,CML321,Havelock,282+N-N,yes,35,No,NA,B2,+N,sb2,spb1,2,4,NA
4055,NA,NA,NA,NA,NA,NA,NA,NA,NA,NA,B2,+N,sb2,spb1,2,4,15.875
4057,JY,2018,Ames 27091,CML261,Havelock,282+N-N,yes,35,No,NA,B2,+N,sb2,spb1,2,4,NA
4059,JY,2018,PI 595542,CML254,Havelock,282+N-N,yes,35,No,NA,B2,+N,sb2,spb1,2,4,NA
4061,JY,2018,PI 406112,A214N,Havelock,282+N-N,yes,35,No,NA,B2,+N,sb2,spb1,2,4,8.4
4063,JY,2018,Ames 27085,CML158Q,Havelock,282+N-N,yes,35,No,NA,B2,+N,sb2,spb1,2,4,11.95
4065,JY,2018,Ames 27121,K64,Havelock,282+N-N,yes,35,No,NA,B2,+N,sb2,spb2,2,4,19.675
4067,JY,2018,check,NA,Havelock,282+N-N,yes,35,No,NA,B2,+N,sb2,spb2,2,4,20.76666667
4069,NA,NA,NA,NA,NA,NA,NA,NA,NA,NA,B2,+N,sb2,spb2,2,4,22.24
4071,NA,NA,NA,NA,NA,NA,NA,NA,NA,NA,B2,+N,sb2,spb2,2,4,15.78333333
4073,JY,2018,PI 595561,CML52,Havelock,282+N-N,yes,35,No,NA,B2,+N,sb2,spb2,2,4,9.542857143
4075,JY,2018,Ames 27139,NC33,Havelock,282+N-N,yes,35,No,NA,B2,+N,sb2,spb2,2,4,NA
4077,JY,2018,NSL 22893,F44,Havelock,282+N-N,yes,35,No,NA,B2,+N,sb2,spb2,2,4,7.316666667
4079,JY,2018,Ames 27113,GT112,Havelock,282+N-N,yes,35,No,NA,B2,+N,sb2,spb2,2,4,13.5
4081,JY,2018,PI 550522,T232,Havelock,282+N-N,yes,35,No,NA,B2,+N,sb2,spb3,2,4,11.28
4083,JY,2018,PI 506247,Tzi9,Havelock,282+N-N,yes,35,No,NA,B2,+N,sb2,spb3,2,4,53
4085,JY,2018,check,NA,Havelock,282+N-N,yes,35,No,NA,B2,+N,sb2,spb3,2,4,21.1
4087,NA,NA,NA,NA,NA,NA,NA,NA,NA,NA,B2,+N,sb2,spb3,2,4,38.7
4089,JY,2018,PI 506253,Tzi18,Havelock,282+N-N,yes,35,No,NA,B2,+N,sb2,spb3,2,4,60.96666667
4091,JY,2018,Ames 22763,Tx601,Havelock,282+N-N,yes,35,No,NA,B2,+N,sb2,spb3,2,4,NA
4093,JY,2018,Ames 27136,Mo.G,Havelock,282+N-N,yes,35,No,NA,B2,+N,sb2,spb3,2,4,12.525
4095,NA,NA,NA,NA,NA,NA,NA,NA,NA,NA,B2,+N,sb2,spb3,2,4,13.325
4101,NA,NA,NA,NA,NA,NA,NA,NA,NA,NA,B2,+N,sb1,spb1,2,4,11.9
4103,JY,2018,PI 594047,B104,Havelock,282+N-N,yes,35,No,NA,B2,+N,sb1,spb1,2,4,13.775
4105,NA,NA,NA,NA,NA,NA,NA,NA,NA,NA,B2,+N,sb1,spb1,2,4,9.5
4107,JY,2018,PI 587131,HP301,Havelock,282+N-N,yes,35,No,NA,B2,+N,sb1,spb1,2,4,6.025
4109,JY,2018,Ames 19319,H95,Havelock,282+N-N,yes,35,No,NA,B2,+N,sb1,spb1,2,4,7.24
4111,JY,2018,Ames 27089,CML238,Havelock,282+N-N,yes,35,No,NA,B2,+N,sb1,spb1,2,4,NA
4113,JY,2018,Ames 27120,Il677a,Havelock,282+N-N,yes,35,No,NA,B2,+N,sb1,spb1,2,4,7.22
4115,JY,2018,PI 606329,DE1,Havelock,282+N-N,yes,35,No,NA,B2,+N,sb1,spb1,2,4,11.175
4117,JY,2018,Ames 27158,NC324,Havelock,282+N-N,yes,35,No,NA,B2,+N,sb1,spb2,2,4,10.7
4119,JY,2018,Ames 27134,M162W,Havelock,282+N-N,yes,35,No,NA,B2,+N,sb1,spb2,2,4,15.65
4121,JY,2018,Ames 27171,NC350,Havelock,282+N-N,yes,35,No,NA,B2,+N,sb1,spb2,2,4,6.525
4123,JY,2018,check,NA,Havelock,282+N-N,yes,35,No,NA,B2,+N,sb1,spb2,2,4,NA
4125,JY,2018,Ames 27261,NC298,Havelock,282+N-N,yes,35,No,NA,B2,+N,sb1,spb2,2,4,5.633333333
4127,JY,2018,Ames 12734,NC236,Havelock,282+N-N,yes,35,No,NA,B2,+N,sb1,spb2,2,4,6.08
4129,JY,2018,Ames 27165,NC338,Havelock,282+N-N,yes,35,No,NA,B2,+N,sb1,spb2,2,4,NA
4131,JY,2018,Ames 27138,N28Ht,Havelock,282+N-N,yes,35,No,NA,B2,+N,sb1,spb2,2,4,17.96666667
4133,JY,2018,Ames 19323,Oh7B,Havelock,282+N-N,yes,35,No,NA,B2,+N,sb1,spb3,2,4,36.8
4135,JY,2018,Ames 27185,Pa875,Havelock,282+N-N,yes,35,No,NA,B2,+N,sb1,spb3,2,4,8.2
4137,NA,NA,NA,NA,NA,NA,NA,NA,NA,NA,B2,+N,sb1,spb3,2,4,11.8
4139,JY,2018,Ames 27177,NC362,Havelock,282+N-N,yes,35,No,NA,B2,+N,sb1,spb3,2,4,15.23333333
4141,JY,2018,Ames 27182,NC372,Havelock,282+N-N,yes,35,No,NA,B2,+N,sb1,spb3,2,4,14.53333333
4143,JY,2018,Ames 27176,NC360,Havelock,282+N-N,yes,35,No,NA,B2,+N,sb1,spb3,2,4,9.033333333
4145,JY,2018,NSL 30053,W22,Havelock,282+N-N,yes,35,No,NA,B2,+N,sb1,spb3,2,4,11.66666667
4147,JY,2018,Ames 27174,NC356,Havelock,282+N-N,yes,35,No,NA,B2,+N,sb1,spb3,2,4,6.966666667
4149,NA,NA,NA,NA,NA,NA,NA,NA,NA,NA,B2,+N,sb2,spb1,2,4,9.8
4151,JY,2018,Ames 27101,CML333,Havelock,282+N-N,yes,35,No,NA,B2,+N,sb2,spb1,2,4,12.53333333
4153,JY,2018,Ames 27072,CML10,Havelock,282+N-N,yes,35,No,NA,B2,+N,sb2,spb1,2,4,NA
4155,JY,2018,Ames 27094,CML314,Havelock,282+N-N,yes,35,No,NA,B2,+N,sb2,spb1,2,4,NA
4157,JY,2018,check,NA,Havelock,282+N-N,yes,35,No,NA,B2,+N,sb2,spb1,2,4,19.13333333
4159,JY,2018,PI 595550,CML277,Havelock,282+N-N,yes,35,No,NA,B2,+N,sb2,spb1,2,4,5.1
4161,JY,2018,Ames 27093,CML311,Havelock,282+N-N,yes,35,No,NA,B2,+N,sb2,spb1,2,4,NA
4163,JY,2018,Ames 27086,CML218,Havelock,282+N-N,yes,35,No,NA,B2,+N,sb2,spb1,2,4,8.966666667
4165,JY,2018,PI 587144,Mo24W,Havelock,282+N-N,yes,35,No,NA,B2,+N,sb2,spb2,2,4,30.86666667
4167,JY,2018,Ames 27155,NC318,Havelock,282+N-N,yes,35,No,NA,B2,+N,sb2,spb2,2,4,9.375
4169,JY,2018,Ames 27108,D940Y,Havelock,282+N-N,yes,35,No,NA,B2,+N,sb2,spb2,2,4,NA
4171,JY,2018,NSL 22894,F6,Havelock,282+N-N,yes,35,No,NA,B2,+N,sb2,spb2,2,4,13.13333333
4173,NA,NA,NA,NA,NA,NA,NA,NA,NA,NA,B2,+N,sb2,spb2,2,4,13.06666667
4175,JY,2018,Ames 28184,CML69,Havelock,282+N-N,yes,35,No,NA,B2,+N,sb2,spb2,2,4,NA
4177,JY,2018,Ames 27144,NC296,Havelock,282+N-N,yes,35,No,NA,B2,+N,sb2,spb2,2,4,8.366666667
4179,JY,2018,Ames 27079,CML91,Havelock,282+N-N,yes,35,No,NA,B2,+N,sb2,spb2,2,4,12.5
4181,NA,NA,NA,NA,NA,NA,NA,NA,NA,NA,B2,+N,sb2,spb3,2,4,14.96666667
4183,JY,2018,Ames 27189,SC55,Havelock,282+N-N,yes,35,No,NA,B2,+N,sb2,spb3,2,4,13.9
4185,JY,2018,Ames 26808,Ill.Hy,Havelock,282+N-N,yes,35,No,NA,B2,+N,sb2,spb3,2,4,9.64
4187,JY,2018,Ames 27169,NC346,Havelock,282+N-N,yes,35,No,NA,B2,+N,sb2,spb3,2,4,12.8
4189,JY,2018,PI 540745,Tzi11,Havelock,282+N-N,yes,35,No,NA,B2,+N,sb2,spb3,2,4,10.65
4191,JY,2018,check,NA,Havelock,282+N-N,yes,35,No,NA,B2,+N,sb2,spb3,2,4,20.7
4193,JY,2018,PI 506248,Tzi10,Havelock,282+N-N,yes,35,No,NA,B2,+N,sb2,spb3,2,4,NA
4195,JY,2018,PI 587147,Pa91,Havelock,282+N-N,yes,35,No,NA,B2,+N,sb2,spb3,2,4,10.36666667
4201,JY,2018,Ames 27064,A441-5,Havelock,282+N-N,yes,35,No,NA,B2,+N,sb1,spb1,2,4,NA
4203,JY,2018,PI 594048,B105,Havelock,282+N-N,yes,35,No,NA,B2,+N,sb1,spb1,2,4,15.7
4205,JY,2018,PI 587128,H84,Havelock,282+N-N,yes,35,No,NA,B2,+N,sb1,spb1,2,4,10.38
4207,JY,2018,Ames 27112,F2834T,Havelock,282+N-N,yes,35,No,NA,B2,+N,sb1,spb1,2,4,NA
4209,JY,2018,check,NA,Havelock,282+N-N,yes,35,No,NA,B2,+N,sb1,spb1,2,4,18.76666667
4211,JY,2018,Ames 27097,CML323,Havelock,282+N-N,yes,35,No,NA,B2,+N,sb1,spb1,2,4,11.56666667
4213,JY,2018,Ames 27116,I137TN,Havelock,282+N-N,yes,35,No,NA,B2,+N,sb1,spb1,2,4,NA
4215,JY,2018,PI 550472,B57,Havelock,282+N-N,yes,35,No,NA,B2,+N,sb1,spb1,2,4,11.3
4217,JY,2018,Ames 22754,K55,Havelock,282+N-N,yes,35,No,NA,B2,+N,sb1,spb2,2,4,14.8
4219,JY,2018,Ames 27147,NC302,Havelock,282+N-N,yes,35,No,NA,B2,+N,sb1,spb2,2,4,18.7
4221,JY,2018,PI 550555,NC250,Havelock,282+N-N,yes,35,No,NA,B2,+N,sb1,spb2,2,4,14.125
4223,JY,2018,PI 583351,Mo46,Havelock,282+N-N,yes,35,No,NA,B2,+N,sb1,spb2,2,4,10.55
4225,NA,NA,NA,NA,NA,NA,NA,NA,NA,NA,B2,+N,sb1,spb2,2,4,11.425
4227,NA,NA,NA,NA,NA,NA,NA,NA,NA,NA,B2,+N,sb1,spb2,2,4,27.22
4229,JY,2018,PI 543916,Mp339,Havelock,282+N-N,yes,35,No,NA,B2,+N,sb1,spb2,2,4,17.275
4231,JY,2018,check,NA,Havelock,282+N-N,yes,35,No,NA,B2,+N,sb1,spb2,2,4,22.56666667
4233,JY,2018,Ames 27172,NC352,Havelock,282+N-N,yes,35,No,NA,B2,+N,sb1,spb3,2,4,12.4
4235,JY,2018,Ames 27184,Pa762,Havelock,282+N-N,yes,35,No,NA,B2,+N,sb1,spb3,2,4,6.64
4237,JY,2018,check,NA,Havelock,282+N-N,yes,35,No,NA,B2,+N,sb1,spb3,2,4,19.46666667
4239,JY,2018,Ames 27193,Va85,Havelock,282+N-N,yes,35,No,NA,B2,+N,sb1,spb3,2,4,14.275
4241,JY,2018,Ames 27175,NC358,Havelock,282+N-N,yes,35,No,NA,B2,+N,sb1,spb3,2,4,11.06
4243,NA,NA,NA,NA,NA,NA,NA,NA,NA,NA,B2,+N,sb1,spb3,2,4,15.03333333
4245,JY,2018,PI 587152,W64A,Havelock,282+N-N,yes,35,No,NA,B2,+N,sb1,spb3,2,4,13.56666667
4247,JY,2018,Ames 27181,NC370,Havelock,282+N-N,yes,35,No,NA,B2,+N,sb1,spb3,2,4,NA
4249,JY,2018,check,NA,Havelock,282+N-N,yes,35,No,NA,B2,+N,sb2,spb1,2,4,20.3
4251,JY,2018,Ames 27102,CML341,Havelock,282+N-N,yes,35,No,NA,B2,+N,sb2,spb1,2,4,NA
4253,JY,2018,Ames 27082,CML108,Havelock,282+N-N,yes,35,No,NA,B2,+N,sb2,spb1,2,4,20.175
4255,JY,2018,Ames 27071,CML5,Havelock,282+N-N,yes,35,No,NA,B2,+N,sb2,spb1,2,4,NA
4257,JY,2018,Ames 27074,CML14,Havelock,282+N-N,yes,35,No,NA,B2,+N,sb2,spb1,2,4,NA
4259,JY,2018,Ames 26604,38-11,Havelock,282+N-N,yes,35,No,NA,B2,+N,sb2,spb1,2,4,23.725
4261,JY,2018,Ames 27088,CML228,Havelock,282+N-N,yes,35,No,NA,B2,+N,sb2,spb1,2,4,NA
4263,NA,NA,NA,NA,NA,NA,NA,NA,NA,NA,B2,+N,sb2,spb1,2,4,15
4265,JY,2018,Ames 27156,NC320,Havelock,282+N-N,yes,35,No,NA,B2,+N,sb2,spb2,2,4,9.175
4267,JY,2018,Ames 12729,NC222,Havelock,282+N-N,yes,35,No,NA,B2,+N,sb2,spb2,2,4,6.233333333
4269,JY,2018,Ames 27080,CML92,Havelock,282+N-N,yes,35,No,NA,B2,+N,sb2,spb2,2,4,11.03333333
4271,JY,2018,check,NA,Havelock,282+N-N,yes,35,No,NA,B2,+N,sb2,spb2,2,4,NA
4273,JY,2018,Ames 27110,E2558W,Havelock,282+N-N,yes,35,No,NA,B2,+N,sb2,spb2,2,4,10.68
4275,JY,2018,Ames 10248,GA209,Havelock,282+N-N,yes,35,No,NA,B2,+N,sb2,spb2,2,4,6.775
4277,JY,2018,NSL 30038,K4,Havelock,282+N-N,yes,35,No,NA,B2,+N,sb2,spb2,2,4,13.525
4279,JY,2018,Ames 27078,CML61,Havelock,282+N-N,yes,35,No,NA,B2,+N,sb2,spb2,2,4,NA
4281,JY,2018,Ames 27179,NC366,Havelock,282+N-N,yes,35,No,NA,B2,+N,sb2,spb3,2,4,17.3
4283,JY,2018,PI 587145,NC268,Havelock,282+N-N,yes,35,No,NA,B2,+N,sb2,spb3,2,4,6.25
4285,JY,2018,PI 506255,Tzi25,Havelock,282+N-N,yes,35,No,NA,B2,+N,sb2,spb3,2,4,15.84
4287,JY,2018,PI 558520,Mo1W,Havelock,282+N-N,yes,35,No,NA,B2,+N,sb2,spb3,2,4,13.15
4289,JY,2018,PI 587136,Ky228,Havelock,282+N-N,yes,35,No,NA,B2,+N,sb2,spb3,2,4,9.9
4291,JY,2018,PI 587137,Ms71,Havelock,282+N-N,yes,35,No,NA,B2,+N,sb2,spb3,2,4,NA
4293,JY,2018,PI 506246,Tzi8,Havelock,282+N-N,yes,35,No,NA,B2,+N,sb2,spb3,2,4,NA
4295,JY,2018,Ames 27166,NC340,Havelock,282+N-N,yes,35,No,NA,B2,+N,sb2,spb3,2,4,16.63333333
4301,JY,2018,Ames 27067,C49A,Havelock,282+N-N,yes,35,No,NA,B2,+N,sb3,spb1,2,4,14.5
4303,JY,2018,Ames 22443,A188,Havelock,282+N-N,yes,35,No,NA,B2,+N,sb3,spb1,2,4,5.9
4305,JY,2018,PI 587140,A632,Havelock,282+N-N,yes,35,No,NA,B2,+N,sb3,spb1,2,4,13.85
4307,JY,2018,NSL 81599,A659,Havelock,282+N-N,yes,35,No,NA,B2,+N,sb3,spb1,2,4,8.58
4309,JY,2018,PI 587143,A682,Havelock,282+N-N,yes,35,No,NA,B2,+N,sb3,spb1,2,4,6.05
4311,JY,2018,PI 594046,B103,Havelock,282+N-N,yes,35,No,NA,B2,+N,sb3,spb1,2,4,9.54
4313,JY,2018,Ames 19308,A634,Havelock,282+N-N,yes,35,No,NA,B2,+N,sb3,spb1,2,4,7.02
4315,JY,2018,check,NA,Havelock,282+N-N,yes,35,No,NA,B2,+N,sb3,spb1,2,4,13.96666667
4317,JY,2018,PI 583352,Mo47,Havelock,282+N-N,yes,35,No,NA,B2,+N,sb3,spb2,2,4,NA
4319,JY,2018,Ames 20190,CM37,Havelock,282+N-N,yes,35,No,NA,B2,+N,sb3,spb2,2,4,10.675
4321,JY,2018,Ames 27070,CM7,Havelock,282+N-N,yes,35,No,NA,B2,+N,sb3,spb2,2,4,6.75
4323,JY,2018,PI 587124,CM105,Havelock,282+N-N,yes,35,No,NA,B2,+N,sb3,spb2,2,4,13.86
4325,JY,2018,PI 587129,H99,Havelock,282+N-N,yes,35,No,NA,B2,+N,sb3,spb2,2,4,10.22
4327,JY,2018,Ames 27105,CO106,Havelock,282+N-N,yes,35,No,NA,B2,+N,sb3,spb2,2,4,9.9
4329,JY,2018,PI 550566,N192,Havelock,282+N-N,yes,35,No,NA,B2,+N,sb3,spb2,2,4,8.45
4331,JY,2018,Ames 27104,CMV3,Havelock,282+N-N,yes,35,No,NA,B2,+N,sb3,spb2,2,4,5.516666667
4333,NA,NA,NA,NA,NA,NA,NA,NA,NA,NA,B2,+N,sb3,spb3,2,4,10.175
4335,JY,2018,PI 587154,W153R,Havelock,282+N-N,yes,35,No,NA,B2,+N,sb3,spb3,2,4,5.05
4337,JY,2018,check,NA,Havelock,282+N-N,yes,35,No,NA,B2,+N,sb3,spb3,2,4,22.9
4339,JY,2018,Ames 19016,Va59,Havelock,282+N-N,yes,35,No,NA,B2,+N,sb3,spb3,2,4,13.16666667
4341,NA,NA,NA,NA,NA,NA,NA,NA,NA,NA,B2,+N,sb3,spb3,2,4,36.5
4343,JY,2018,PI 587150,Va35,Havelock,282+N-N,yes,35,No,NA,B2,+N,sb3,spb3,2,4,14.4
4345,NA,NA,NA,NA,NA,NA,NA,NA,NA,NA,B2,+N,sb3,spb3,2,4,NA
4347,JY,2018,Ames 19288,Oh43,Havelock,282+N-N,yes,35,No,NA,B2,+N,sb3,spb3,2,4,9.133333333
4349,JY,2018,PI 550461,B14A,Havelock,282+N-N,yes,35,No,NA,B2,+N,sb4,spb1,2,4,NA
4351,JY,2018,PI 550473,B73,Havelock,282+N-N,yes,35,No,NA,B2,+N,sb4,spb1,2,4,7.9
4353,JY,2018,Ames 27066,B164,Havelock,282+N-N,yes,35,No,NA,B2,+N,sb4,spb1,2,4,13.8
4355,NA,NA,NA,NA,NA,NA,NA,NA,NA,NA,B2,+N,sb4,spb1,2,4,16.8
4357,JY,2018,PI 550465,B68,Havelock,282+N-N,yes,35,No,NA,B2,+N,sb4,spb1,2,4,18.3
4359,NA,NA,NA,NA,NA,NA,NA,NA,NA,NA,B2,+N,sb4,spb1,2,4,NA
4361,JY,2018,PI 608765,B77,Havelock,282+N-N,yes,35,No,NA,B2,+N,sb4,spb1,2,4,10.775
4363,JY,2018,PI 587142,A679,Havelock,282+N-N,yes,35,No,NA,B2,+N,sb4,spb1,2,4,NA
4365,JY,2018,Ames 27114,H91,Havelock,282+N-N,yes,35,No,NA,B2,+N,sb4,spb2,2,4,NA
4367,JY,2018,Ames 27151,NC310,Havelock,282+N-N,yes,35,No,NA,B2,+N,sb4,spb2,2,4,15.9
4369,JY,2018,NSL 65873,L317,Havelock,282+N-N,yes,35,No,NA,B2,+N,sb4,spb2,2,4,13.75
4371,JY,2018,Ames 27160,NC328,Havelock,282+N-N,yes,35,No,NA,B2,+N,sb4,spb2,2,4,10.85
4373,JY,2018,Ames 27081,CML103,Havelock,282+N-N,yes,35,No,NA,B2,+N,sb4,spb2,2,4,15.1
4375,JY,2018,Ames 27118,Il14H,Havelock,282+N-N,yes,35,No,NA,B2,+N,sb4,spb2,2,4,6.9
4377,JY,2018,PI 583350,Mo45,Havelock,282+N-N,yes,35,No,NA,B2,+N,sb4,spb2,2,4,15.75
4379,JY,2018,PI 531084,NC258,Havelock,282+N-N,yes,35,No,NA,B2,+N,sb4,spb2,2,4,9.66
4381,JY,2018,PI 587149,Va26,Havelock,282+N-N,yes,35,No,NA,B2,+N,sb4,spb3,2,4,9.8
4383,JY,2018,Ames 24989,Va99,Havelock,282+N-N,yes,35,No,NA,B2,+N,sb4,spb3,2,4,16.15
4385,JY,2018,PI 592734,R229,Havelock,282+N-N,yes,35,No,NA,B2,+N,sb4,spb3,2,4,15.05
4387,JY,2018,NSL 65874,Os420,Havelock,282+N-N,yes,35,No,NA,B2,+N,sb4,spb3,2,4,NA
4389,JY,2018,check,NA,Havelock,282+N-N,yes,35,No,NA,B2,+N,sb4,spb3,2,4,NA
4391,JY,2018,Ames 19328,Va22,Havelock,282+N-N,yes,35,No,NA,B2,+N,sb4,spb3,2,4,12.3
4393,JY,2018,Ames 19293,Wf9,Havelock,282+N-N,yes,35,No,NA,B2,+N,sb4,spb3,2,4,9.875
4395,JY,2018,Ames 26771,33-16,Havelock,282+N-N,yes,35,No,NA,B2,+N,sb4,spb3,2,4,NA
4401,NA,NA,NA,NA,NA,NA,NA,NA,NA,NA,B2,+N,sb3,spb1,2,4,11.1
4403,JY,2018,check,NA,Havelock,282+N-N,yes,35,No,NA,B2,+N,sb3,spb1,2,4,18.03333333
4405,JY,2018,Ames 19309,A635,Havelock,282+N-N,yes,35,No,NA,B2,+N,sb3,spb1,2,4,7.08
4407,JY,2018,PI 550440,B64,Havelock,282+N-N,yes,35,No,NA,B2,+N,sb3,spb1,2,4,NA
4409,JY,2018,Ames 23450,A556,Havelock,282+N-N,yes,35,No,NA,B2,+N,sb3,spb1,2,4,10.175
4411,JY,2018,PI 550483,B76,Havelock,282+N-N,yes,35,No,NA,B2,+N,sb3,spb1,2,4,13.925
4413,JY,2018,Ames 19313,C123,Havelock,282+N-N,yes,35,No,NA,B2,+N,sb3,spb1,2,4,13.7
4415,JY,2018,PI 587138,A554,Havelock,282+N-N,yes,35,No,NA,B2,+N,sb3,spb1,2,4,5.4
4417,JY,2018,Ames 27106,CO125,Havelock,282+N-N,yes,35,No,NA,B2,+N,sb3,spb2,2,4,5.85
4419,NA,NA,NA,NA,NA,NA,NA,NA,NA,NA,B2,+N,sb3,spb2,2,4,9.4
4421,NA,NA,NA,NA,NA,NA,NA,NA,NA,NA,B2,+N,sb3,spb2,2,4,16.66
4423,NA,NA,NA,NA,NA,NA,NA,NA,NA,NA,B2,+N,sb3,spb2,2,4,9.05
4425,JY,2018,Ames 27111,EP1,Havelock,282+N-N,yes,35,No,NA,B2,+N,sb3,spb2,2,4,5.225
4427,JY,2018,PI 257507,F7,Havelock,282+N-N,yes,35,No,NA,B2,+N,sb3,spb2,2,4,8.68
4429,JY,2018,NSL 30867,M14,Havelock,282+N-N,yes,35,No,NA,B2,+N,sb3,spb2,2,4,6.45
4431,JY,2018,Ames 19316,CM174,Havelock,282+N-N,yes,35,No,NA,B2,+N,sb3,spb2,2,4,46.84
4433,JY,2018,Ames 19326,R168,Havelock,282+N-N,yes,35,No,NA,B2,+N,sb3,spb3,2,4,5.5
4435,JY,2018,PI 550490,ND246,Havelock,282+N-N,yes,35,No,NA,B2,+N,sb3,spb3,2,4,10.875
4437,JY,2018,Ames 27137,N6,Havelock,282+N-N,yes,35,No,NA,B2,+N,sb3,spb3,2,4,13.825
4439,JY,2018,Ames 27142,NC292,Havelock,282+N-N,yes,35,No,NA,B2,+N,sb3,spb3,2,4,10.5
4441,JY,2018,Ames 19330,W182B,Havelock,282+N-N,yes,35,No,NA,B2,+N,sb3,spb3,2,4,14.5
4443,JY,2018,Ames 27152,NC312,Havelock,282+N-N,yes,35,No,NA,B2,+N,sb3,spb3,2,4,12.825
4445,JY,2018,Ames 27183,Oh43E,Havelock,282+N-N,yes,35,No,NA,B2,+N,sb3,spb3,2,4,10.425
4447,JY,2018,Ames 27150,NC308,Havelock,282+N-N,yes,35,No,NA,B2,+N,sb3,spb3,2,4,12.9
4449,JY,2018,Ames 26116,CI3A,Havelock,282+N-N,yes,35,No,NA,B2,+N,sb4,spb1,2,4,10.36666667
4451,JY,2018,Ames 23503,A680,Havelock,282+N-N,yes,35,No,NA,B2,+N,sb4,spb1,2,4,15.75
4453,NA,NA,NA,NA,NA,NA,NA,NA,NA,NA,B2,+N,sb4,spb1,2,4,NA
4455,JY,2018,PI 597927,B109,Havelock,282+N-N,yes,35,No,NA,B2,+N,sb4,spb1,2,4,12.15
4457,JY,2018,PI 550469,B46,Havelock,282+N-N,yes,35,No,NA,B2,+N,sb4,spb1,2,4,19.42
4459,JY,2018,NSL 30904,4226,Havelock,282+N-N,yes,35,No,NA,B2,+N,sb4,spb1,2,4,13.76666667
4461,JY,2018,PI 550467,B37,Havelock,282+N-N,yes,35,No,NA,B2,+N,sb4,spb1,2,4,16.675
4463,JY,2018,Ames 27065,B73Htrhm,Havelock,282+N-N,yes,35,No,NA,B2,+N,sb4,spb1,2,4,13.46
4465,JY,2018,Ames 27140,NC260,Havelock,282+N-N,yes,35,No,NA,B2,+N,sb4,spb2,2,4,14.825
4467,JY,2018,Ames 27159,NC326,Havelock,282+N-N,yes,35,No,NA,B2,+N,sb4,spb2,2,4,56.9
4469,JY,2018,Ames 27149,NC306,Havelock,282+N-N,yes,35,No,NA,B2,+N,sb4,spb2,2,4,9.9
4471,JY,2018,PI 550558,DE811,Havelock,282+N-N,yes,35,No,NA,B2,+N,sb4,spb2,2,4,19.83333333
4473,JY,2018,Ames 27143,NC294,Havelock,282+N-N,yes,35,No,NA,B2,+N,sb4,spb2,2,4,11.675
4475,JY,2018,check,NA,Havelock,282+N-N,yes,35,No,NA,B2,+N,sb4,spb2,2,4,NA
4477,NA,NA,NA,NA,NA,NA,NA,NA,NA,NA,B2,+N,sb4,spb2,2,4,15.34
4479,JY,2018,PI 558532,Mo17,Havelock,282+N-N,yes,35,No,NA,B2,+N,sb4,spb2,2,4,9.425
4481,JY,2018,PI 550518,T8,Havelock,282+N-N,yes,35,No,NA,B2,+N,sb4,spb3,2,4,14.25
4483,JY,2018,PI 606768,SD40,Havelock,282+N-N,yes,35,No,NA,B2,+N,sb4,spb3,2,4,12.03333333
4485,JY,2018,PI 587125,CO109,Havelock,282+N-N,yes,35,No,NA,B2,+N,sb4,spb3,2,4,9.1
4487,JY,2018,Ames 22748,H100,Havelock,282+N-N,yes,35,No,NA,B2,+N,sb4,spb3,2,4,14.24
4489,JY,2018,Ames 27180,NC368,Havelock,282+N-N,yes,35,No,NA,B2,+N,sb4,spb3,2,4,11.325
4491,JY,2018,PI 606330,DE2,Havelock,282+N-N,yes,35,No,NA,B2,+N,sb4,spb3,2,4,20
4493,NA,NA,NA,NA,NA,NA,NA,NA,NA,NA,B2,+N,sb4,spb3,2,4,18.225
4495,JY,2018,Ames 27178,NC364,Havelock,282+N-N,yes,35,No,NA,B2,+N,sb4,spb3,2,4,7.375
4501,JY,2018,PI 607521,A661,Havelock,282+N-N,yes,35,No,NA,B2,+N,sb3,spb1,2,4,14.02
4503,JY,2018,Ames 23405,A239,Havelock,282+N-N,yes,35,No,NA,B2,+N,sb3,spb1,2,4,8.05
4505,NA,NA,NA,NA,NA,NA,NA,NA,NA,NA,B2,+N,sb3,spb1,2,4,11.8
4507,JY,2018,PI 587141,A654,Havelock,282+N-N,yes,35,No,NA,B2,+N,sb3,spb1,2,4,6.86
4509,NA,NA,NA,NA,NA,NA,NA,NA,NA,NA,B2,+N,sb3,spb1,2,4,7.425
4511,JY,2018,Ames 27068,CH9,Havelock,282+N-N,yes,35,No,NA,B2,+N,sb3,spb1,2,4,13.48333333
4513,JY,2018,PI 608774,B75,Havelock,282+N-N,yes,35,No,NA,B2,+N,sb3,spb1,2,4,3.25
4515,JY,2018,PI 587139,A619,Havelock,282+N-N,yes,35,No,NA,B2,+N,sb3,spb1,2,4,NA
4517,JY,2018,check,NA,Havelock,282+N-N,yes,35,No,NA,B2,+N,sb3,spb2,2,4,22.7
4519,JY,2018,Ames 24734,MS153,Havelock,282+N-N,yes,35,No,NA,B2,+N,sb3,spb2,2,4,16.93333333
4521,JY,2018,Ames 20140,Mt42,Havelock,282+N-N,yes,35,No,NA,B2,+N,sb3,spb2,2,4,9.8
4523,JY,2018,PI 587127,H105W,Havelock,282+N-N,yes,35,No,NA,B2,+N,sb3,spb2,2,4,NA
4525,JY,2018,check,NA,Havelock,282+N-N,yes,35,No,NA,B2,+N,sb3,spb2,2,4,21.76666667
4527,JY,2018,Ames 24752,MS1334,Havelock,282+N-N,yes,35,No,NA,B2,+N,sb3,spb2,2,4,12.975
4529,JY,2018,Ames 27107,CO255,Havelock,282+N-N,yes,35,No,NA,B2,+N,sb3,spb2,2,4,8.675
4531,JY,2018,Ames 27135,MEF156-55-2,Havelock,282+N-N,yes,35,No,NA,B2,+N,sb3,spb2,2,4,NA
4533,JY,2018,Ames 27162,NC332,Havelock,282+N-N,yes,35,No,NA,B2,+N,sb3,spb3,2,4,10.6
4535,JY,2018,Ames 27161,NC330,Havelock,282+N-N,yes,35,No,NA,B2,+N,sb3,spb3,2,4,16.475
4537,JY,2018,Ames 27196,Yu796_NS,Havelock,282+N-N,yes,35,No,NA,B2,+N,sb3,spb3,2,4,NA
4539,JY,2018,PI 531085,NC262,Havelock,282+N-N,yes,35,No,NA,B2,+N,sb3,spb3,2,4,5.92
4541,JY,2018,check,NA,Havelock,282+N-N,yes,35,No,NA,B2,+N,sb3,spb3,2,4,20.86666667
4543,JY,2018,Ames 27154,NC316,Havelock,282+N-N,yes,35,No,NA,B2,+N,sb3,spb3,2,4,19.05
4545,JY,2018,PI 524969,SD44,Havelock,282+N-N,yes,35,No,NA,B2,+N,sb3,spb3,2,4,15.175
4547,JY,2018,Ames 19000,VaW6,Havelock,282+N-N,yes,35,No,NA,B2,+N,sb3,spb3,2,4,18.46
4549,JY,2018,Ames 19314,CI64,Havelock,282+N-N,yes,35,No,NA,B2,+N,sb4,spb1,2,4,11.58
4551,JY,2018,PI 564682,B97,Havelock,282+N-N,yes,35,No,NA,B2,+N,sb4,spb1,2,4,14.78
4553,JY,2018,PI 550454,B52,Havelock,282+N-N,yes,35,No,NA,B2,+N,sb4,spb1,2,4,14.7
4555,JY,2018,PI 608767,B84,Havelock,282+N-N,yes,35,No,NA,B2,+N,sb4,spb1,2,4,16.74
4557,JY,2018,Ames 27069,CH701-30,Havelock,282+N-N,yes,35,No,NA,B2,+N,sb4,spb1,2,4,NA
4559,JY,2018,check,NA,Havelock,282+N-N,yes,35,No,NA,B2,+N,sb4,spb1,2,4,21.66666667
4561,JY,2018,check,NA,Havelock,282+N-N,yes,35,No,NA,B2,+N,sb4,spb1,2,4,29.7
4563,JY,2018,PI 587130,4722,Havelock,282+N-N,yes,35,No,NA,B2,+N,sb4,spb1,2,4,8.74
4565,JY,2018,Ames 27167,NC342,Havelock,282+N-N,yes,35,No,NA,B2,+N,sb4,spb2,2,4,18
4567,NA,NA,NA,NA,NA,NA,NA,NA,NA,NA,B2,+N,sb4,spb2,2,4,NA
4569,JY,2018,check,NA,Havelock,282+N-N,yes,35,No,NA,B2,+N,sb4,spb2,2,4,19.85
4571,JY,2018,Ames 27168,NC344,Havelock,282+N-N,yes,35,No,NA,B2,+N,sb4,spb2,2,4,NA
4573,JY,2018,Ames 28939,Mo44,Havelock,282+N-N,yes,35,No,NA,B2,+N,sb4,spb2,2,4,10.73333333
4575,JY,2018,Ames 27170,NC348,Havelock,282+N-N,yes,35,No,NA,B2,+N,sb4,spb2,2,4,9.4
4577,NA,NA,NA,NA,NA,NA,NA,NA,NA,NA,B2,+N,sb4,spb2,2,4,7.2
4579,JY,2018,Ames 27133,M37W,Havelock,282+N-N,yes,35,No,NA,B2,+N,sb4,spb2,2,4,NA
4581,JY,2018,NSL 30894,R177,Havelock,282+N-N,yes,35,No,NA,B2,+N,sb4,spb3,2,4,NA
4583,JY,2018,check,NA,Havelock,282+N-N,yes,35,No,NA,B2,+N,sb4,spb3,2,4,16.85
4585,JY,2018,PI 517974,Pa880,Havelock,282+N-N,yes,35,No,NA,B2,+N,sb4,spb3,2,4,26.75
4587,JY,2018,Ames 28290,C49,Havelock,282+N-N,yes,35,No,NA,B2,+N,sb4,spb3,2,4,NA
4589,JY,2018,PI 257506,F2,Havelock,282+N-N,yes,35,No,NA,B2,+N,sb4,spb3,2,4,32.56666667
4591,NA,NA,NA,NA,NA,NA,NA,NA,NA,NA,B2,+N,sb4,spb3,2,4,9.24
4593,NA,NA,NA,NA,NA,NA,NA,NA,NA,NA,B2,+N,sb4,spb3,2,4,10.71666667
4595,JY,2018,NSL 28966,Oh40B,Havelock,282+N-N,yes,35,No,NA,B2,+N,sb4,spb3,2,4,NA
