row,I,year,Pedigree,Genotype,field,experiment,pheno,K,DNA,field_note,block,nitrogen,sb,spb,Rep,quadrant,meancw
1001,JY,2018,Ames 27093,CML311,Havelock,282+N-N,yes,35,No,NA,B1,+N,sb1,spb1,1,1,NA
1003,JY,2018,PI 406112,A214N,Havelock,282+N-N,yes,35,No,NA,B1,+N,sb1,spb1,1,1,NA
1005,JY,2018,PI 595565,CML287,Havelock,282+N-N,yes,35,No,NA,B1,+N,sb1,spb1,1,1,19.4
1007,JY,2018,Ames 27094,CML314,Havelock,282+N-N,yes,35,No,NA,B1,+N,sb1,spb1,1,1,24.5
1009,JY,2018,Ames 27102,CML341,Havelock,282+N-N,yes,35,No,NA,B1,+N,sb1,spb1,1,1,NA
1011,NA,NA,NA,NA,NA,NA,NA,NA,NA,NA,B1,+N,sb1,spb1,1,1,21.9333333333333
1013,JY,2018,check,NA,Havelock,282+N-N,yes,35,No,NA,B1,+N,sb1,spb1,1,1,NA
1015,JY,2018,Ames 27088,CML228,Havelock,282+N-N,yes,35,No,NA,B1,+N,sb1,spb1,1,1,NA
1017,JY,2018,Ames 10248,GA209,Havelock,282+N-N,yes,35,No,NA,B1,+N,sb1,spb2,1,1,NA
1019,JY,2018,Ames 27144,NC296,Havelock,282+N-N,yes,35,No,NA,B1,+N,sb1,spb2,1,1,NA
1021,JY,2018,Ames 27080,CML92,Havelock,282+N-N,yes,35,No,NA,B1,+N,sb1,spb2,1,1,NA
1023,JY,2018,PI 587144,Mo24W,Havelock,282+N-N,yes,35,No,NA,B1,+N,sb1,spb2,1,1,25.8333333333333
1025,JY,2018,check,NA,Havelock,282+N-N,yes,35,No,NA,B1,+N,sb1,spb2,1,1,27.1666666666667
1027,NA,NA,NA,NA,NA,NA,NA,NA,NA,NA,B1,+N,sb1,spb2,1,1,26.475
1029,JY,2018,Ames 27079,CML91,Havelock,282+N-N,yes,35,No,NA,B1,+N,sb1,spb2,1,1,20.425
1031,NA,NA,NA,NA,NA,NA,NA,NA,NA,NA,B1,+N,sb1,spb2,1,1,21.6
1033,JY,2018,Ames 27189,SC55,Havelock,282+N-N,yes,35,No,NA,B1,+N,sb1,spb3,1,1,22.1
1035,JY,2018,PI 506255,Tzi25,Havelock,282+N-N,yes,35,No,NA,B1,+N,sb1,spb3,1,1,24.25
1037,JY,2018,PI 506248,Tzi10,Havelock,282+N-N,yes,35,No,NA,B1,+N,sb1,spb3,1,1,NA
1039,JY,2018,PI 506253,Tzi18,Havelock,282+N-N,yes,35,No,NA,B1,+N,sb1,spb3,1,1,25.1666666666667
1041,JY,2018,Ames 26808,Ill.Hy,Havelock,282+N-N,yes,35,No,NA,B1,+N,sb1,spb3,1,1,27.6
1043,JY,2018,Ames 27166,NC340,Havelock,282+N-N,yes,35,No,NA,B1,+N,sb1,spb3,1,1,23.35
1045,JY,2018,PI 587136,Ky228,Havelock,282+N-N,yes,35,No,NA,B1,+N,sb1,spb3,1,1,19.8
1047,JY,2018,check,NA,Havelock,282+N-N,yes,35,No,NA,B1,+N,sb1,spb3,1,1,26.9666666666667
1049,JY,2018,PI 587140,A632,Havelock,282+N-N,yes,35,No,NA,B1,+N,sb2,spb1,1,1,22.3333333333333
1051,JY,2018,PI 587143,A682,Havelock,282+N-N,yes,35,No,NA,B1,+N,sb2,spb1,1,1,20.7333333333333
1053,JY,2018,PI 594046,B103,Havelock,282+N-N,yes,35,No,NA,B1,+N,sb2,spb1,1,1,NA
1055,JY,2018,Ames 19309,A635,Havelock,282+N-N,yes,35,No,NA,B1,+N,sb2,spb1,1,1,20.2
1057,JY,2018,PI 607521,A661,Havelock,282+N-N,yes,35,No,NA,B1,+N,sb2,spb1,1,1,23.975
1059,JY,2018,Ames 27068,CH9,Havelock,282+N-N,yes,35,No,NA,B1,+N,sb2,spb1,1,1,23.8
1061,JY,2018,PI 587141,A654,Havelock,282+N-N,yes,35,No,NA,B1,+N,sb2,spb1,1,1,NA
1063,JY,2018,PI 550440,B64,Havelock,282+N-N,yes,35,No,NA,B1,+N,sb2,spb1,1,1,19.7333333333333
1065,JY,2018,check,NA,Havelock,282+N-N,yes,35,No,NA,B1,+N,sb2,spb2,1,1,25.1
1067,JY,2018,Ames 27111,EP1,Havelock,282+N-N,yes,35,No,NA,B1,+N,sb2,spb2,1,1,23.025
1069,JY,2018,check,NA,Havelock,282+N-N,yes,35,No,NA,B1,+N,sb2,spb2,1,1,26
1071,JY,2018,Ames 19316,CM174,Havelock,282+N-N,yes,35,No,NA,B1,+N,sb2,spb2,1,1,26.8
1073,JY,2018,PI 587124,CM105,Havelock,282+N-N,yes,35,No,NA,B1,+N,sb2,spb2,1,1,25.2
1075,JY,2018,Ames 27135,MEF156-55-2,Havelock,282+N-N,yes,35,No,NA,B1,+N,sb2,spb2,1,1,NA
1077,JY,2018,Ames 27105,CO106,Havelock,282+N-N,yes,35,No,NA,B1,+N,sb2,spb2,1,1,24.0333333333333
1079,JY,2018,Ames 27070,CM7,Havelock,282+N-N,yes,35,No,NA,B1,+N,sb2,spb2,1,1,26.2
1081,JY,2018,Ames 27161,NC330,Havelock,282+N-N,yes,35,No,NA,B1,+N,sb2,spb3,1,1,NA
1083,JY,2018,PI 550490,ND246,Havelock,282+N-N,yes,35,No,NA,B1,+N,sb2,spb3,1,1,18.42
1085,JY,2018,Ames 19326,R168,Havelock,282+N-N,yes,35,No,NA,B1,+N,sb2,spb3,1,1,19.6666666666667
1087,JY,2018,Ames 27196,Yu796_NS,Havelock,282+N-N,yes,35,No,NA,B1,+N,sb2,spb3,1,1,NA
1089,JY,2018,Ames 19330,W182B,Havelock,282+N-N,yes,35,No,NA,B1,+N,sb2,spb3,1,1,20.18
1091,NA,NA,NA,NA,NA,NA,NA,NA,NA,NA,B1,+N,sb2,spb3,1,1,21.45
1093,JY,2018,PI 531085,NC262,Havelock,282+N-N,yes,35,No,NA,B1,+N,sb2,spb3,1,1,26.325
1095,NA,NA,NA,NA,NA,NA,NA,NA,NA,NA,B1,+N,sb2,spb3,1,1,23.2666666666667
1101,JY,2018,Ames 27085,CML158Q,Havelock,282+N-N,yes,35,No,NA,B1,+N,sb1,spb1,1,1,NA
1103,JY,2018,Ames 27071,CML5,Havelock,282+N-N,yes,35,No,NA,B1,+N,sb1,spb1,1,1,NA
1105,JY,2018,PI 595542,CML254,Havelock,282+N-N,yes,35,No,NA,B1,+N,sb1,spb1,1,1,NA
1107,JY,2018,Ames 27072,CML10,Havelock,282+N-N,yes,35,No,NA,B1,+N,sb1,spb1,1,1,NA
1109,JY,2018,check,NA,Havelock,282+N-N,yes,35,No,NA,B1,+N,sb1,spb1,1,1,25.0666666666667
1111,NA,NA,NA,NA,NA,NA,NA,NA,NA,NA,B1,+N,sb1,spb1,1,1,NA
1113,JY,2018,Ames 27095,CML321,Havelock,282+N-N,yes,35,No,NA,B1,+N,sb1,spb1,1,1,NA
1115,NA,NA,NA,NA,NA,NA,NA,NA,NA,NA,B1,+N,sb1,spb1,1,1,16
1117,NA,NA,NA,NA,NA,NA,NA,NA,NA,NA,B1,+N,sb1,spb2,1,1,NA
1119,JY,2018,NSL 30038,K4,Havelock,282+N-N,yes,35,No,NA,B1,+N,sb1,spb2,1,1,NA
1121,JY,2018,Ames 27155,NC318,Havelock,282+N-N,yes,35,No,NA,B1,+N,sb1,spb2,1,1,15.66
1123,JY,2018,NSL 22893,F44,Havelock,282+N-N,yes,35,No,NA,B1,+N,sb1,spb2,1,1,18.75
1125,JY,2018,Ames 27078,CML61,Havelock,282+N-N,yes,35,No,NA,B1,+N,sb1,spb2,1,1,NA
1127,JY,2018,Ames 28184,CML69,Havelock,282+N-N,yes,35,No,NA,B1,+N,sb1,spb2,1,1,NA
1129,JY,2018,check,NA,Havelock,282+N-N,yes,35,No,NA,B1,+N,sb1,spb2,1,1,26.9
1131,JY,2018,Ames 27156,NC320,Havelock,282+N-N,yes,35,No,NA,B1,+N,sb1,spb2,1,1,21.25
1133,JY,2018,PI 550522,T232,Havelock,282+N-N,yes,35,No,NA,B1,+N,sb1,spb3,1,1,20.3
1135,JY,2018,PI 506246,Tzi8,Havelock,282+N-N,yes,35,No,NA,B1,+N,sb1,spb3,1,1,NA
1137,JY,2018,Ames 27169,NC346,Havelock,282+N-N,yes,35,No,NA,B1,+N,sb1,spb3,1,1,NA
1139,JY,2018,PI 587145,NC268,Havelock,282+N-N,yes,35,No,NA,B1,+N,sb1,spb3,1,1,NA
1141,NA,NA,NA,NA,NA,NA,NA,NA,NA,NA,B1,+N,sb1,spb3,1,1,27.05
1143,JY,2018,PI 587137,Ms71,Havelock,282+N-N,yes,35,No,NA,B1,+N,sb1,spb3,1,1,22
1145,JY,2018,Ames 22763,Tx601,Havelock,282+N-N,yes,35,No,NA,B1,+N,sb1,spb3,1,1,NA
1147,NA,NA,NA,NA,NA,NA,NA,NA,NA,NA,B1,+N,sb1,spb3,1,1,21.55
1149,JY,2018,Ames 19308,A634,Havelock,282+N-N,yes,35,No,NA,B1,+N,sb2,spb1,1,1,20.3333333333333
1151,JY,2018,NSL 81599,A659,Havelock,282+N-N,yes,35,No,NA,B1,+N,sb2,spb1,1,1,28.425
1153,JY,2018,Ames 23405,A239,Havelock,282+N-N,yes,35,No,NA,B1,+N,sb2,spb1,1,1,22.74
1155,NA,NA,NA,NA,NA,NA,NA,NA,NA,NA,B1,+N,sb2,spb1,1,1,NA
1157,NA,NA,NA,NA,NA,NA,NA,NA,NA,NA,B1,+N,sb2,spb1,1,1,23.2
1159,JY,2018,Ames 23450,A556,Havelock,282+N-N,yes,35,No,NA,B1,+N,sb2,spb1,1,1,23.8666666666667
1161,JY,2018,PI 587139,A619,Havelock,282+N-N,yes,35,No,NA,B1,+N,sb2,spb1,1,1,23.6666666666667
1163,JY,2018,check,NA,Havelock,282+N-N,yes,35,No,NA,B1,+N,sb2,spb1,1,1,26
1165,NA,NA,NA,NA,NA,NA,NA,NA,NA,NA,B1,+N,sb2,spb2,1,1,NA
1167,JY,2018,PI 583352,Mo47,Havelock,282+N-N,yes,35,No,NA,B1,+N,sb2,spb2,1,1,21.625
1169,NA,NA,NA,NA,NA,NA,NA,NA,NA,NA,B1,+N,sb2,spb2,1,1,23.25
1171,JY,2018,PI 550566,N192,Havelock,282+N-N,yes,35,No,NA,B1,+N,sb2,spb2,1,1,24.75
1173,JY,2018,Ames 24734,MS153,Havelock,282+N-N,yes,35,No,NA,B1,+N,sb2,spb2,1,1,24.9666666666667
1175,JY,2018,Ames 27104,CMV3,Havelock,282+N-N,yes,35,No,NA,B1,+N,sb2,spb2,1,1,23.92
1177,JY,2018,Ames 20190,CM37,Havelock,282+N-N,yes,35,No,NA,B1,+N,sb2,spb2,1,1,20.675
1179,NA,NA,NA,NA,NA,NA,NA,NA,NA,NA,B1,+N,sb2,spb2,1,1,24.1333333333333
1181,JY,2018,Ames 27152,NC312,Havelock,282+N-N,yes,35,No,NA,B1,+N,sb2,spb3,1,1,20
1183,JY,2018,PI 524969,SD44,Havelock,282+N-N,yes,35,No,NA,B1,+N,sb2,spb3,1,1,24.25
1185,JY,2018,check,NA,Havelock,282+N-N,yes,35,No,NA,B1,+N,sb2,spb3,1,1,NA
1187,JY,2018,Ames 27150,NC308,Havelock,282+N-N,yes,35,No,NA,B1,+N,sb2,spb3,1,1,22.4666666666667
1189,JY,2018,check,NA,Havelock,282+N-N,yes,35,No,NA,B1,+N,sb2,spb3,1,1,27
1191,NA,NA,NA,NA,NA,NA,NA,NA,NA,NA,B1,+N,sb2,spb3,1,1,NA
1193,JY,2018,Ames 27183,Oh43E,Havelock,282+N-N,yes,35,No,NA,B1,+N,sb2,spb3,1,1,23.4
1195,JY,2018,PI 587154,W153R,Havelock,282+N-N,yes,35,No,NA,B1,+N,sb2,spb3,1,1,22.2
1201,JY,2018,Ames 27101,CML333,Havelock,282+N-N,yes,35,No,NA,B1,+N,sb1,spb1,1,1,NA
1203,JY,2018,Ames 27086,CML218,Havelock,282+N-N,yes,35,No,NA,B1,+N,sb1,spb1,1,1,NA
1205,JY,2018,Ames 27082,CML108,Havelock,282+N-N,yes,35,No,NA,B1,+N,sb1,spb1,1,1,NA
1207,JY,2018,PI 595550,CML277,Havelock,282+N-N,yes,35,No,NA,B1,+N,sb1,spb1,1,1,NA
1209,JY,2018,Ames 27090,CML258,Havelock,282+N-N,yes,35,No,NA,B1,+N,sb1,spb1,1,1,NA
1211,JY,2018,Ames 27074,CML14,Havelock,282+N-N,yes,35,No,NA,B1,+N,sb1,spb1,1,1,NA
1213,JY,2018,Ames 26604,38-11,Havelock,282+N-N,yes,35,No,NA,B1,+N,sb1,spb1,1,1,21
1215,JY,2018,Ames 27091,CML261,Havelock,282+N-N,yes,35,No,NA,B1,+N,sb1,spb1,1,1,NA
1217,JY,2018,Ames 27110,E2558W,Havelock,282+N-N,yes,35,No,NA,B1,+N,sb1,spb2,1,1,NA
1219,JY,2018,PI 595561,CML52,Havelock,282+N-N,yes,35,No,NA,B1,+N,sb1,spb2,1,1,NA
1221,JY,2018,Ames 27108,D940Y,Havelock,282+N-N,yes,35,No,NA,B1,+N,sb1,spb2,1,1,NA
1223,JY,2018,Ames 27121,K64,Havelock,282+N-N,yes,35,No,NA,B1,+N,sb1,spb2,1,1,25
1225,JY,2018,Ames 27113,GT112,Havelock,282+N-N,yes,35,No,NA,B1,+N,sb1,spb2,1,1,NA
1227,JY,2018,Ames 27139,NC33,Havelock,282+N-N,yes,35,No,NA,B1,+N,sb1,spb2,1,1,NA
1229,JY,2018,NSL 22894,F6,Havelock,282+N-N,yes,35,No,NA,B1,+N,sb1,spb2,1,1,NA
1231,JY,2018,Ames 12729,NC222,Havelock,282+N-N,yes,35,No,NA,B1,+N,sb1,spb2,1,1,22.5333333333333
1233,NA,NA,NA,NA,NA,NA,NA,NA,NA,NA,B1,+N,sb1,spb3,1,1,21.8666666666667
1235,JY,2018,PI 558520,Mo1W,Havelock,282+N-N,yes,35,No,NA,B1,+N,sb1,spb3,1,1,23.3333333333333
1237,JY,2018,PI 587147,Pa91,Havelock,282+N-N,yes,35,No,NA,B1,+N,sb1,spb3,1,1,21.1
1239,JY,2018,Ames 27136,Mo.G,Havelock,282+N-N,yes,35,No,NA,B1,+N,sb1,spb3,1,1,27
1241,JY,2018,PI 540745,Tzi11,Havelock,282+N-N,yes,35,No,NA,B1,+N,sb1,spb3,1,1,NA
1243,JY,2018,check,NA,Havelock,282+N-N,yes,35,No,NA,B1,+N,sb1,spb3,1,1,NA
1245,JY,2018,PI 506247,Tzi9,Havelock,282+N-N,yes,35,No,NA,B1,+N,sb1,spb3,1,1,23.7
1247,JY,2018,Ames 27179,NC366,Havelock,282+N-N,yes,35,No,NA,B1,+N,sb1,spb3,1,1,24.95
1249,JY,2018,PI 587138,A554,Havelock,282+N-N,yes,35,No,NA,B1,+N,sb2,spb1,1,1,21.6
1251,NA,NA,NA,NA,NA,NA,NA,NA,NA,NA,B1,+N,sb2,spb1,1,1,NA
1253,JY,2018,Ames 19313,C123,Havelock,282+N-N,yes,35,No,NA,B1,+N,sb2,spb1,1,1,21.95
1255,JY,2018,Ames 22443,A188,Havelock,282+N-N,yes,35,No,NA,B1,+N,sb2,spb1,1,1,24.3
1257,JY,2018,PI 608774,B75,Havelock,282+N-N,yes,35,No,NA,B1,+N,sb2,spb1,1,1,15.7
1259,JY,2018,Ames 27067,C49A,Havelock,282+N-N,yes,35,No,NA,B1,+N,sb2,spb1,1,1,26.95
1261,JY,2018,PI 550483,B76,Havelock,282+N-N,yes,35,No,NA,B1,+N,sb2,spb1,1,1,25.625
1263,JY,2018,check,NA,Havelock,282+N-N,yes,35,No,NA,B1,+N,sb2,spb1,1,1,27.4666666666667
1265,JY,2018,PI 587129,H99,Havelock,282+N-N,yes,35,No,NA,B1,+N,sb2,spb2,1,1,20.15
1267,JY,2018,NSL 30867,M14,Havelock,282+N-N,yes,35,No,NA,B1,+N,sb2,spb2,1,1,20.5333333333333
1269,JY,2018,Ames 20140,Mt42,Havelock,282+N-N,yes,35,No,NA,B1,+N,sb2,spb2,1,1,23.7666666666667
1271,JY,2018,Ames 27107,CO255,Havelock,282+N-N,yes,35,No,NA,B1,+N,sb2,spb2,1,1,NA
1273,JY,2018,PI 257507,F7,Havelock,282+N-N,yes,35,No,NA,B1,+N,sb2,spb2,1,1,18.55
1275,JY,2018,PI 587127,H105W,Havelock,282+N-N,yes,35,No,NA,B1,+N,sb2,spb2,1,1,NA
1277,JY,2018,Ames 27106,CO125,Havelock,282+N-N,yes,35,No,NA,B1,+N,sb2,spb2,1,1,NA
1279,JY,2018,Ames 24752,MS1334,Havelock,282+N-N,yes,35,No,NA,B1,+N,sb2,spb2,1,1,20.5
1281,JY,2018,PI 587150,Va35,Havelock,282+N-N,yes,35,No,NA,B1,+N,sb2,spb3,1,1,NA
1283,JY,2018,Ames 19016,Va59,Havelock,282+N-N,yes,35,No,NA,B1,+N,sb2,spb3,1,1,16.75
1285,JY,2018,Ames 27142,NC292,Havelock,282+N-N,yes,35,No,NA,B1,+N,sb2,spb3,1,1,NA
1287,JY,2018,Ames 19288,Oh43,Havelock,282+N-N,yes,35,No,NA,B1,+N,sb2,spb3,1,1,23.7
1289,JY,2018,Ames 27162,NC332,Havelock,282+N-N,yes,35,No,NA,B1,+N,sb2,spb3,1,1,15.025
1291,JY,2018,Ames 27154,NC316,Havelock,282+N-N,yes,35,No,NA,B1,+N,sb2,spb3,1,1,23.1
1293,JY,2018,Ames 27137,N6,Havelock,282+N-N,yes,35,No,NA,B1,+N,sb2,spb3,1,1,22.7666666666667
1295,JY,2018,Ames 19000,VaW6,Havelock,282+N-N,yes,35,No,NA,B1,+N,sb2,spb3,1,1,22.45
1301,JY,2018,PI 550465,B68,Havelock,282+N-N,yes,35,No,NA,B1,+N,sb3,spb1,1,1,NA
1303,JY,2018,Ames 27069,CH701-30,Havelock,282+N-N,yes,35,No,NA,B1,+N,sb3,spb1,1,1,NA
1305,JY,2018,PI 550473,B73,Havelock,282+N-N,yes,35,No,NA,B1,+N,sb3,spb1,1,1,24.25
1307,NA,NA,NA,NA,NA,NA,NA,NA,NA,NA,B1,+N,sb3,spb1,1,1,25.25
1309,JY,2018,PI 550469,B46,Havelock,282+N-N,yes,35,No,NA,B1,+N,sb3,spb1,1,1,22.9333333333333
1311,JY,2018,Ames 26116,CI3A,Havelock,282+N-N,yes,35,No,NA,B1,+N,sb3,spb1,1,1,NA
1313,JY,2018,PI 550454,B52,Havelock,282+N-N,yes,35,No,NA,B1,+N,sb3,spb1,1,1,17.8
1315,JY,2018,PI 550467,B37,Havelock,282+N-N,yes,35,No,NA,B1,+N,sb3,spb1,1,1,18.2
1317,NA,NA,NA,NA,NA,NA,NA,NA,NA,NA,B1,+N,sb3,spb2,1,1,18.85
1319,JY,2018,Ames 27170,NC348,Havelock,282+N-N,yes,35,No,NA,B1,+N,sb3,spb2,1,1,20.2333333333333
1321,JY,2018,PI 550558,DE811,Havelock,282+N-N,yes,35,No,NA,B1,+N,sb3,spb2,1,1,24.3333333333333
1323,JY,2018,PI 558532,Mo17,Havelock,282+N-N,yes,35,No,NA,B1,+N,sb3,spb2,1,1,19.575
1325,JY,2018,NSL 65873,L317,Havelock,282+N-N,yes,35,No,NA,B1,+N,sb3,spb2,1,1,NA
1327,JY,2018,Ames 27081,CML103,Havelock,282+N-N,yes,35,No,NA,B1,+N,sb3,spb2,1,1,22.325
1329,JY,2018,Ames 27149,NC306,Havelock,282+N-N,yes,35,No,NA,B1,+N,sb3,spb2,1,1,NA
1331,JY,2018,check,NA,Havelock,282+N-N,yes,35,No,NA,B1,+N,sb3,spb2,1,1,27.0333333333333
1333,NA,NA,NA,NA,NA,NA,NA,NA,NA,NA,B1,+N,sb3,spb3,1,1,22.65
1335,JY,2018,check,NA,Havelock,282+N-N,yes,35,No,NA,B1,+N,sb3,spb3,1,1,26.6666666666667
1337,JY,2018,PI 606330,DE2,Havelock,282+N-N,yes,35,No,NA,B1,+N,sb3,spb3,1,1,29.775
1339,JY,2018,Ames 19328,Va22,Havelock,282+N-N,yes,35,No,NA,B1,+N,sb3,spb3,1,1,NA
1341,JY,2018,check,NA,Havelock,282+N-N,yes,35,No,NA,B1,+N,sb3,spb3,1,1,NA
1343,JY,2018,PI 606768,SD40,Havelock,282+N-N,yes,35,No,NA,B1,+N,sb3,spb3,1,1,20.325
1345,JY,2018,Ames 24989,Va99,Havelock,282+N-N,yes,35,No,NA,B1,+N,sb3,spb3,1,1,21.1
1347,JY,2018,PI 257506,F2,Havelock,282+N-N,yes,35,No,NA,B1,+N,sb3,spb3,1,1,22.5
1349,JY,2018,Ames 27120,Il677a,Havelock,282+N-N,yes,35,No,NA,B1,+N,sb4,spb1,1,1,20.25
1351,JY,2018,Ames 27112,F2834T,Havelock,282+N-N,yes,35,No,NA,B1,+N,sb4,spb1,1,1,NA
1353,JY,2018,PI 606329,DE1,Havelock,282+N-N,yes,35,No,NA,B1,+N,sb4,spb1,1,1,25.5
1355,JY,2018,PI 594048,B105,Havelock,282+N-N,yes,35,No,NA,B1,+N,sb4,spb1,1,1,NA
1357,JY,2018,PI 608766,B79,Havelock,282+N-N,yes,35,No,NA,B1,+N,sb4,spb1,1,1,25
1359,JY,2018,Ames 27097,CML323,Havelock,282+N-N,yes,35,No,NA,B1,+N,sb4,spb1,1,1,NA
1361,JY,2018,Ames 27087,CML220,Havelock,282+N-N,yes,35,No,NA,B1,+N,sb4,spb1,1,1,29.3
1363,JY,2018,check,NA,Havelock,282+N-N,yes,35,No,NA,B1,+N,sb4,spb1,1,1,23.725
1365,JY,2018,Ames 12734,NC236,Havelock,282+N-N,yes,35,No,NA,B1,+N,sb4,spb2,1,1,21.6333333333333
1367,JY,2018,Ames 27165,NC338,Havelock,282+N-N,yes,35,No,NA,B1,+N,sb4,spb2,1,1,21.2333333333333
1369,JY,2018,Ames 27171,NC350,Havelock,282+N-N,yes,35,No,NA,B1,+N,sb4,spb2,1,1,19.9333333333333
1371,JY,2018,check,NA,Havelock,282+N-N,yes,35,No,NA,B1,+N,sb4,spb2,1,1,26
1373,JY,2018,Ames 27148,NC304,Havelock,282+N-N,yes,35,No,NA,B1,+N,sb4,spb2,1,1,NA
1375,JY,2018,PI 583351,Mo46,Havelock,282+N-N,yes,35,No,NA,B1,+N,sb4,spb2,1,1,21.75
1377,JY,2018,Ames 12735,NC238,Havelock,282+N-N,yes,35,No,NA,B1,+N,sb4,spb2,1,1,NA
1379,JY,2018,PI 550555,NC250,Havelock,282+N-N,yes,35,No,NA,B1,+N,sb4,spb2,1,1,21.7333333333333
1381,NA,NA,NA,NA,NA,NA,NA,NA,NA,NA,B1,+N,sb4,spb3,1,1,20.58
1383,JY,2018,PI 587151,Va102,Havelock,282+N-N,yes,35,No,NA,B1,+N,sb4,spb3,1,1,23.8
1385,JY,2018,Ames 27163,NC334,Havelock,282+N-N,yes,35,No,NA,B1,+N,sb4,spb3,1,1,14.65
1387,JY,2018,Ames 27172,NC352,Havelock,282+N-N,yes,35,No,NA,B1,+N,sb4,spb3,1,1,21.0333333333333
1389,JY,2018,PI 573098,Oh603,Havelock,282+N-N,yes,35,No,NA,B1,+N,sb4,spb3,1,1,NA
1391,JY,2018,Ames 27184,Pa762,Havelock,282+N-N,yes,35,No,NA,B1,+N,sb4,spb3,1,1,25.45
1393,JY,2018,NSL 53094,SC357,Havelock,282+N-N,yes,35,No,NA,B1,+N,sb4,spb3,1,1,21.6
1395,JY,2018,check,NA,Havelock,282+N-N,yes,35,No,NA,B1,+N,sb4,spb3,1,1,26.2
1401,NA,NA,NA,NA,NA,NA,NA,NA,NA,NA,B1,+N,sb3,spb1,1,1,16.62
1403,JY,2018,check,NA,Havelock,282+N-N,yes,35,No,NA,B1,+N,sb3,spb1,1,1,25.3333333333333
1405,JY,2018,Ames 27065,B73Htrhm,Havelock,282+N-N,yes,35,No,NA,B1,+N,sb3,spb1,1,1,NA
1407,JY,2018,PI 587142,A679,Havelock,282+N-N,yes,35,No,NA,B1,+N,sb3,spb1,1,1,25.35
1409,JY,2018,PI 608765,B77,Havelock,282+N-N,yes,35,No,NA,B1,+N,sb3,spb1,1,1,18.8666666666667
1411,JY,2018,Ames 23503,A680,Havelock,282+N-N,yes,35,No,NA,B1,+N,sb3,spb1,1,1,NA
1413,JY,2018,PI 550461,B14A,Havelock,282+N-N,yes,35,No,NA,B1,+N,sb3,spb1,1,1,22.15
1415,NA,NA,NA,NA,NA,NA,NA,NA,NA,NA,B1,+N,sb3,spb1,1,1,24.8666666666667
1417,JY,2018,Ames 27114,H91,Havelock,282+N-N,yes,35,No,NA,B1,+N,sb3,spb2,1,1,20.85
1419,JY,2018,PI 531084,NC258,Havelock,282+N-N,yes,35,No,NA,B1,+N,sb3,spb2,1,1,25.6
1421,NA,NA,NA,NA,NA,NA,NA,NA,NA,NA,B1,+N,sb3,spb2,1,1,20.075
1423,JY,2018,check,NA,Havelock,282+N-N,yes,35,No,NA,B1,+N,sb3,spb2,1,1,NA
1425,JY,2018,Ames 27118,Il14H,Havelock,282+N-N,yes,35,No,NA,B1,+N,sb3,spb2,1,1,24.8333333333333
1427,NA,NA,NA,NA,NA,NA,NA,NA,NA,NA,B1,+N,sb3,spb2,1,1,NA
1429,JY,2018,Ames 27167,NC342,Havelock,282+N-N,yes,35,No,NA,B1,+N,sb3,spb2,1,1,23.5
1431,JY,2018,Ames 27140,NC260,Havelock,282+N-N,yes,35,No,NA,B1,+N,sb3,spb2,1,1,23.1666666666667
1433,JY,2018,NSL 28966,Oh40B,Havelock,282+N-N,yes,35,No,NA,B1,+N,sb3,spb3,1,1,18.45
1435,JY,2018,Ames 28290,C49,Havelock,282+N-N,yes,35,No,NA,B1,+N,sb3,spb3,1,1,25.2333333333333
1437,NA,NA,NA,NA,NA,NA,NA,NA,NA,NA,B1,+N,sb3,spb3,1,1,22.1
1439,JY,2018,NSL 65874,Os420,Havelock,282+N-N,yes,35,No,NA,B1,+N,sb3,spb3,1,1,NA
1441,JY,2018,Ames 26771,33-16,Havelock,282+N-N,yes,35,No,NA,B1,+N,sb3,spb3,1,1,NA
1443,JY,2018,PI 587125,CO109,Havelock,282+N-N,yes,35,No,NA,B1,+N,sb3,spb3,1,1,19.2333333333333
1445,JY,2018,Ames 27180,NC368,Havelock,282+N-N,yes,35,No,NA,B1,+N,sb3,spb3,1,1,28.2
1447,JY,2018,PI 592734,R229,Havelock,282+N-N,yes,35,No,NA,B1,+N,sb3,spb3,1,1,NA
1449,JY,2018,Ames 22440,CI90C,Havelock,282+N-N,yes,35,No,NA,B1,+N,sb4,spb1,1,1,NA
1451,JY,2018,Ames 27064,A441-5,Havelock,282+N-N,yes,35,No,NA,B1,+N,sb4,spb1,1,1,NA
1453,JY,2018,PI 587148,CI66,Havelock,282+N-N,yes,35,No,NA,B1,+N,sb4,spb1,1,1,NA
1455,JY,2018,Ames 19319,H95,Havelock,282+N-N,yes,35,No,NA,B1,+N,sb4,spb1,1,1,NA
1457,JY,2018,PI 550472,B57,Havelock,282+N-N,yes,35,No,NA,B1,+N,sb4,spb1,1,1,24.4666666666667
1459,JY,2018,Ames 27089,CML238,Havelock,282+N-N,yes,35,No,NA,B1,+N,sb4,spb1,1,1,NA
1461,NA,NA,NA,NA,NA,NA,NA,NA,NA,NA,B1,+N,sb4,spb1,1,1,24.5333333333333
1463,JY,2018,PI 594047,B104,Havelock,282+N-N,yes,35,No,NA,B1,+N,sb4,spb1,1,1,28.8
1465,NA,NA,NA,NA,NA,NA,NA,NA,NA,NA,B1,+N,sb4,spb2,1,1,25
1467,JY,2018,Ames 22754,K55,Havelock,282+N-N,yes,35,No,NA,B1,+N,sb4,spb2,1,1,30.4333333333333
1469,JY,2018,Ames 27261,NC298,Havelock,282+N-N,yes,35,No,NA,B1,+N,sb4,spb2,1,1,15.35
1471,NA,NA,NA,NA,NA,NA,NA,NA,NA,NA,B1,+N,sb4,spb2,1,1,22.4666666666667
1473,JY,2018,Ames 12731,NC230,Havelock,282+N-N,yes,35,No,NA,B1,+N,sb4,spb2,1,1,18.8
1475,JY,2018,Ames 27138,N28Ht,Havelock,282+N-N,yes,35,No,NA,B1,+N,sb4,spb2,1,1,25.6666666666667
1477,JY,2018,PI 520774,NC264,Havelock,282+N-N,yes,35,No,NA,B1,+N,sb4,spb2,1,1,23.25
1479,JY,2018,Ames 27147,NC302,Havelock,282+N-N,yes,35,No,NA,B1,+N,sb4,spb2,1,1,NA
1481,JY,2018,Ames 27194,W401,Havelock,282+N-N,yes,35,No,NA,B1,+N,sb4,spb3,1,1,20.8333333333333
1483,JY,2018,NSL 30053,W22,Havelock,282+N-N,yes,35,No,NA,B1,+N,sb4,spb3,1,1,27.1
1485,JY,2018,Ames 27182,NC372,Havelock,282+N-N,yes,35,No,NA,B1,+N,sb4,spb3,1,1,26.25
1487,NA,NA,NA,NA,NA,NA,NA,NA,NA,NA,B1,+N,sb4,spb3,1,1,23.45
1489,JY,2018,Ames 27174,NC356,Havelock,282+N-N,yes,35,No,NA,B1,+N,sb4,spb3,1,1,NA
1491,JY,2018,Ames 27175,NC358,Havelock,282+N-N,yes,35,No,NA,B1,+N,sb4,spb3,1,1,22.6333333333333
1493,JY,2018,Ames 27190,T234,Havelock,282+N-N,yes,35,No,NA,B1,+N,sb4,spb3,1,1,NA
1495,JY,2018,check,NA,Havelock,282+N-N,yes,35,No,NA,B1,+N,sb4,spb3,1,1,25.8333333333333
1501,JY,2018,NSL 30904,4226,Havelock,282+N-N,yes,35,No,NA,B1,+N,sb3,spb1,1,1,22.5
1503,JY,2018,Ames 27066,B164,Havelock,282+N-N,yes,35,No,NA,B1,+N,sb3,spb1,1,1,20.6666666666667
1505,JY,2018,Ames 19314,CI64,Havelock,282+N-N,yes,35,No,NA,B1,+N,sb3,spb1,1,1,24.64
1507,JY,2018,check,NA,Havelock,282+N-N,yes,35,No,NA,B1,+N,sb3,spb1,1,1,NA
1509,JY,2018,PI 564682,B97,Havelock,282+N-N,yes,35,No,NA,B1,+N,sb3,spb1,1,1,21.875
1511,JY,2018,PI 608767,B84,Havelock,282+N-N,yes,35,No,NA,B1,+N,sb3,spb1,1,1,24.25
1513,JY,2018,PI 597927,B109,Havelock,282+N-N,yes,35,No,NA,B1,+N,sb3,spb1,1,1,24.65
1515,JY,2018,PI 587130,4722,Havelock,282+N-N,yes,35,No,NA,B1,+N,sb3,spb1,1,1,20.6
1517,JY,2018,Ames 27151,NC310,Havelock,282+N-N,yes,35,No,NA,B1,+N,sb3,spb2,1,1,24.05
1519,JY,2018,Ames 27160,NC328,Havelock,282+N-N,yes,35,No,NA,B1,+N,sb3,spb2,1,1,27.1666666666667
1521,JY,2018,Ames 28939,Mo44,Havelock,282+N-N,yes,35,No,NA,B1,+N,sb3,spb2,1,1,21.6333333333333
1523,JY,2018,Ames 27143,NC294,Havelock,282+N-N,yes,35,No,NA,B1,+N,sb3,spb2,1,1,22.9666666666667
1525,JY,2018,Ames 27168,NC344,Havelock,282+N-N,yes,35,No,NA,B1,+N,sb3,spb2,1,1,NA
1527,JY,2018,Ames 27133,M37W,Havelock,282+N-N,yes,35,No,NA,B1,+N,sb3,spb2,1,1,22.15
1529,JY,2018,Ames 27159,NC326,Havelock,282+N-N,yes,35,No,NA,B1,+N,sb3,spb2,1,1,28.3
1531,JY,2018,PI 583350,Mo45,Havelock,282+N-N,yes,35,No,NA,B1,+N,sb3,spb2,1,1,22.275
1533,JY,2018,Ames 27178,NC364,Havelock,282+N-N,yes,35,No,NA,B1,+N,sb3,spb3,1,1,25.5
1535,JY,2018,PI 517974,Pa880,Havelock,282+N-N,yes,35,No,NA,B1,+N,sb3,spb3,1,1,NA
1537,JY,2018,PI 550518,T8,Havelock,282+N-N,yes,35,No,NA,B1,+N,sb3,spb3,1,1,18.6666666666667
1539,NA,NA,NA,NA,NA,NA,NA,NA,NA,NA,B1,+N,sb3,spb3,1,1,26.625
1541,JY,2018,NSL 30894,R177,Havelock,282+N-N,yes,35,No,NA,B1,+N,sb3,spb3,1,1,20.5
1543,JY,2018,PI 587149,Va26,Havelock,282+N-N,yes,35,No,NA,B1,+N,sb3,spb3,1,1,NA
1545,JY,2018,Ames 19293,Wf9,Havelock,282+N-N,yes,35,No,NA,B1,+N,sb3,spb3,1,1,22.06
1547,JY,2018,Ames 22748,H100,Havelock,282+N-N,yes,35,No,NA,B1,+N,sb3,spb3,1,1,21.6666666666667
1549,NA,NA,NA,NA,NA,NA,NA,NA,NA,NA,B1,+N,sb4,spb1,1,1,21.4
1551,JY,2018,PI 587131,HP301,Havelock,282+N-N,yes,35,No,NA,B1,+N,sb4,spb1,1,1,19.7
1553,JY,2018,Ames 19284,C103,Havelock,282+N-N,yes,35,No,NA,B1,+N,sb4,spb1,1,1,23.6
1555,JY,2018,PI 587128,H84,Havelock,282+N-N,yes,35,No,NA,B1,+N,sb4,spb1,1,1,22.6
1557,JY,2018,check,NA,Havelock,282+N-N,yes,35,No,NA,B1,+N,sb4,spb1,1,1,23.5
1559,JY,2018,Ames 27100,CML332,Havelock,282+N-N,yes,35,No,NA,B1,+N,sb4,spb1,1,1,NA
1561,NA,NA,NA,NA,NA,NA,NA,NA,NA,NA,B1,+N,sb4,spb1,1,1,26.72
1563,JY,2018,Ames 27116,I137TN,Havelock,282+N-N,yes,35,No,NA,B1,+N,sb4,spb1,1,1,24.55
1565,JY,2018,Ames 27164,NC336,Havelock,282+N-N,yes,35,No,NA,B1,+N,sb4,spb2,1,1,NA
1567,JY,2018,Ames 27158,NC324,Havelock,282+N-N,yes,35,No,NA,B1,+N,sb4,spb2,1,1,NA
1569,JY,2018,Ames 27124,Ki11,Havelock,282+N-N,yes,35,No,NA,B1,+N,sb4,spb2,1,1,NA
1571,JY,2018,PI 543916,Mp339,Havelock,282+N-N,yes,35,No,NA,B1,+N,sb4,spb2,1,1,NA
1573,JY,2018,Ames 27134,M162W,Havelock,282+N-N,yes,35,No,NA,B1,+N,sb4,spb2,1,1,NA
1575,NA,NA,NA,NA,NA,NA,NA,NA,NA,NA,B1,+N,sb4,spb2,1,1,21.5
1577,JY,2018,check,NA,Havelock,282+N-N,yes,35,No,NA,B1,+N,sb4,spb2,1,1,NA
1579,JY,2018,Ames 27141,NC290A,Havelock,282+N-N,yes,35,No,NA,B1,+N,sb4,spb2,1,1,26.7666666666667
1581,JY,2018,Ames 19323,Oh7B,Havelock,282+N-N,yes,35,No,NA,B1,+N,sb4,spb3,1,1,NA
1583,JY,2018,Ames 27181,NC370,Havelock,282+N-N,yes,35,No,NA,B1,+N,sb4,spb3,1,1,25.3333333333333
1585,JY,2018,Ames 27173,NC354,Havelock,282+N-N,yes,35,No,NA,B1,+N,sb4,spb3,1,1,NA
1587,JY,2018,PI 587152,W64A,Havelock,282+N-N,yes,35,No,NA,B1,+N,sb4,spb3,1,1,26.35
1589,JY,2018,Ames 27193,Va85,Havelock,282+N-N,yes,35,No,NA,B1,+N,sb4,spb3,1,1,24.4333333333333
1591,JY,2018,Ames 27177,NC362,Havelock,282+N-N,yes,35,No,NA,B1,+N,sb4,spb3,1,1,23.95
1593,JY,2018,Ames 27185,Pa875,Havelock,282+N-N,yes,35,No,NA,B1,+N,sb4,spb3,1,1,13.1
1595,JY,2018,Ames 27176,NC360,Havelock,282+N-N,yes,35,No,NA,B1,+N,sb4,spb3,1,1,21.225
2001,JY,2018,Ames 19308,A634,Havelock,282+N-N,yes,35,No,NA,B1,-N,sb1,spb1,1,2,23.24
2003,JY,2018,PI 608774,B75,Havelock,282+N-N,yes,35,No,NA,B1,-N,sb1,spb1,1,2,22.6666666666667
2005,JY,2018,Ames 19309,A635,Havelock,282+N-N,yes,35,No,NA,B1,-N,sb1,spb1,1,2,18.7428571428571
2007,JY,2018,Ames 23405,A239,Havelock,282+N-N,yes,35,No,NA,B1,-N,sb1,spb1,1,2,23.04
2009,JY,2018,PI 594046,B103,Havelock,282+N-N,yes,35,No,NA,B1,-N,sb1,spb1,1,2,22.5
2011,JY,2018,PI 607521,A661,Havelock,282+N-N,yes,35,No,NA,B1,-N,sb1,spb1,1,2,21.1
2013,JY,2018,PI 587143,A682,Havelock,282+N-N,yes,35,No,NA,B1,-N,sb1,spb1,1,2,20.525
2015,JY,2018,PI 587138,A554,Havelock,282+N-N,yes,35,No,NA,B1,-N,sb1,spb1,1,2,20.8
2017,JY,2018,Ames 27106,CO125,Havelock,282+N-N,yes,35,No,NA,B1,-N,sb1,spb2,1,2,NA
2019,JY,2018,PI 583352,Mo47,Havelock,282+N-N,yes,35,No,NA,B1,-N,sb1,spb2,1,2,23.3666666666667
2021,NA,NA,NA,NA,NA,NA,NA,NA,NA,NA,B1,-N,sb1,spb2,1,2,22.8333333333333
2023,JY,2018,Ames 27107,CO255,Havelock,282+N-N,yes,35,No,NA,B1,-N,sb1,spb2,1,2,20.26
2025,JY,2018,Ames 27070,CM7,Havelock,282+N-N,yes,35,No,NA,B1,-N,sb1,spb2,1,2,18.7333333333333
2027,JY,2018,PI 257507,F7,Havelock,282+N-N,yes,35,No,NA,B1,-N,sb1,spb2,1,2,20.9333333333333
2029,JY,2018,Ames 27135,MEF156-55-2,Havelock,282+N-N,yes,35,No,NA,B1,-N,sb1,spb2,1,2,NA
2031,JY,2018,Ames 24752,MS1334,Havelock,282+N-N,yes,35,No,NA,B1,-N,sb1,spb2,1,2,24.325
2033,JY,2018,PI 531085,NC262,Havelock,282+N-N,yes,35,No,NA,B1,-N,sb1,spb3,1,2,26
2035,JY,2018,Ames 27137,N6,Havelock,282+N-N,yes,35,No,NA,B1,-N,sb1,spb3,1,2,23.4
2037,JY,2018,Ames 27142,NC292,Havelock,282+N-N,yes,35,No,NA,B1,-N,sb1,spb3,1,2,29.3
2039,JY,2018,PI 587150,Va35,Havelock,282+N-N,yes,35,No,NA,B1,-N,sb1,spb3,1,2,19.3
2041,NA,NA,NA,NA,NA,NA,NA,NA,NA,NA,B1,-N,sb1,spb3,1,2,21.7666666666667
2043,JY,2018,PI 524969,SD44,Havelock,282+N-N,yes,35,No,NA,B1,-N,sb1,spb3,1,2,23.15
2045,JY,2018,Ames 27162,NC332,Havelock,282+N-N,yes,35,No,NA,B1,-N,sb1,spb3,1,2,17.325
2047,JY,2018,Ames 19000,VaW6,Havelock,282+N-N,yes,35,No,NA,B1,-N,sb1,spb3,1,2,22.625
2049,JY,2018,PI 587148,CI66,Havelock,282+N-N,yes,35,No,NA,B1,-N,sb2,spb1,1,2,20.3
2051,JY,2018,Ames 27100,CML332,Havelock,282+N-N,yes,35,No,NA,B1,-N,sb2,spb1,1,2,NA
2053,JY,2018,Ames 27116,I137TN,Havelock,282+N-N,yes,35,No,NA,B1,-N,sb2,spb1,1,2,NA
2055,JY,2018,check,NA,Havelock,282+N-N,yes,35,No,NA,B1,-N,sb2,spb1,1,2,26.6333333333333
2057,JY,2018,Ames 27120,Il677a,Havelock,282+N-N,yes,35,No,NA,B1,-N,sb2,spb1,1,2,27.5
2059,JY,2018,Ames 27112,F2834T,Havelock,282+N-N,yes,35,No,NA,B1,-N,sb2,spb1,1,2,NA
2061,JY,2018,Ames 19284,C103,Havelock,282+N-N,yes,35,No,NA,B1,-N,sb2,spb1,1,2,24.1
2063,JY,2018,PI 608766,B79,Havelock,282+N-N,yes,35,No,NA,B1,-N,sb2,spb1,1,2,25.2
2065,JY,2018,check,NA,Havelock,282+N-N,yes,35,No,NA,B1,-N,sb2,spb2,1,2,25.45
2067,JY,2018,Ames 22754,K55,Havelock,282+N-N,yes,35,No,NA,B1,-N,sb2,spb2,1,2,28.6333333333333
2069,NA,NA,NA,NA,NA,NA,NA,NA,NA,NA,B1,-N,sb2,spb2,1,2,20.8
2071,JY,2018,Ames 27141,NC290A,Havelock,282+N-N,yes,35,No,NA,B1,-N,sb2,spb2,1,2,27.05
2073,JY,2018,Ames 27158,NC324,Havelock,282+N-N,yes,35,No,NA,B1,-N,sb2,spb2,1,2,22.4
2075,JY,2018,PI 520774,NC264,Havelock,282+N-N,yes,35,No,NA,B1,-N,sb2,spb2,1,2,22.825
2077,JY,2018,Ames 27148,NC304,Havelock,282+N-N,yes,35,No,NA,B1,-N,sb2,spb2,1,2,20.7
2079,JY,2018,Ames 27261,NC298,Havelock,282+N-N,yes,35,No,NA,B1,-N,sb2,spb2,1,2,20.55
2081,JY,2018,NSL 53094,SC357,Havelock,282+N-N,yes,35,No,NA,B1,-N,sb2,spb3,1,2,19.8
2083,JY,2018,PI 587152,W64A,Havelock,282+N-N,yes,35,No,NA,B1,-N,sb2,spb3,1,2,26
2085,JY,2018,check,NA,Havelock,282+N-N,yes,35,No,NA,B1,-N,sb2,spb3,1,2,23
2087,JY,2018,Ames 27194,W401,Havelock,282+N-N,yes,35,No,NA,B1,-N,sb2,spb3,1,2,23.6
2089,JY,2018,Ames 27190,T234,Havelock,282+N-N,yes,35,No,NA,B1,-N,sb2,spb3,1,2,NA
2091,NA,NA,NA,NA,NA,NA,NA,NA,NA,NA,B1,-N,sb2,spb3,1,2,21
2093,JY,2018,NSL 30053,W22,Havelock,282+N-N,yes,35,No,NA,B1,-N,sb2,spb3,1,2,NA
2095,JY,2018,Ames 27175,NC358,Havelock,282+N-N,yes,35,No,NA,B1,-N,sb2,spb3,1,2,23.2
2101,JY,2018,PI 550483,B76,Havelock,282+N-N,yes,35,No,NA,B1,-N,sb1,spb1,1,2,29.6
2103,NA,NA,NA,NA,NA,NA,NA,NA,NA,NA,B1,-N,sb1,spb1,1,2,20.58
2105,JY,2018,Ames 22443,A188,Havelock,282+N-N,yes,35,No,NA,B1,-N,sb1,spb1,1,2,26.5
2107,JY,2018,PI 587141,A654,Havelock,282+N-N,yes,35,No,NA,B1,-N,sb1,spb1,1,2,23.4
2109,JY,2018,check,NA,Havelock,282+N-N,yes,35,No,NA,B1,-N,sb1,spb1,1,2,24.5666666666667
2111,JY,2018,Ames 27068,CH9,Havelock,282+N-N,yes,35,No,NA,B1,-N,sb1,spb1,1,2,23.6
2113,JY,2018,PI 587139,A619,Havelock,282+N-N,yes,35,No,NA,B1,-N,sb1,spb1,1,2,26.3
2115,JY,2018,PI 550440,B64,Havelock,282+N-N,yes,35,No,NA,B1,-N,sb1,spb1,1,2,19.5
2117,NA,NA,NA,NA,NA,NA,NA,NA,NA,NA,B1,-N,sb1,spb2,1,2,27.1
2119,JY,2018,PI 587124,CM105,Havelock,282+N-N,yes,35,No,NA,B1,-N,sb1,spb2,1,2,24.34
2121,JY,2018,Ames 27111,EP1,Havelock,282+N-N,yes,35,No,NA,B1,-N,sb1,spb2,1,2,24.5
2123,JY,2018,Ames 20190,CM37,Havelock,282+N-N,yes,35,No,NA,B1,-N,sb1,spb2,1,2,24.4
2125,JY,2018,Ames 20140,Mt42,Havelock,282+N-N,yes,35,No,NA,B1,-N,sb1,spb2,1,2,21.1
2127,JY,2018,check,NA,Havelock,282+N-N,yes,35,No,NA,B1,-N,sb1,spb2,1,2,26.7
2129,JY,2018,PI 587127,H105W,Havelock,282+N-N,yes,35,No,NA,B1,-N,sb1,spb2,1,2,NA
2131,JY,2018,Ames 27105,CO106,Havelock,282+N-N,yes,35,No,NA,B1,-N,sb1,spb2,1,2,23.4
2133,NA,NA,NA,NA,NA,NA,NA,NA,NA,NA,B1,-N,sb1,spb3,1,2,24.925
2135,JY,2018,Ames 27154,NC316,Havelock,282+N-N,yes,35,No,NA,B1,-N,sb1,spb3,1,2,21.1333333333333
2137,JY,2018,PI 587154,W153R,Havelock,282+N-N,yes,35,No,NA,B1,-N,sb1,spb3,1,2,18.625
2139,JY,2018,Ames 19016,Va59,Havelock,282+N-N,yes,35,No,NA,B1,-N,sb1,spb3,1,2,NA
2141,NA,NA,NA,NA,NA,NA,NA,NA,NA,NA,B1,-N,sb1,spb3,1,2,22.6
2143,JY,2018,Ames 19288,Oh43,Havelock,282+N-N,yes,35,No,NA,B1,-N,sb1,spb3,1,2,NA
2145,JY,2018,Ames 27150,NC308,Havelock,282+N-N,yes,35,No,NA,B1,-N,sb1,spb3,1,2,NA
2147,JY,2018,Ames 19326,R168,Havelock,282+N-N,yes,35,No,NA,B1,-N,sb1,spb3,1,2,22.55
2149,NA,NA,NA,NA,NA,NA,NA,NA,NA,NA,B1,-N,sb2,spb1,1,2,24.225
2151,JY,2018,Ames 27089,CML238,Havelock,282+N-N,yes,35,No,NA,B1,-N,sb2,spb1,1,2,NA
2153,JY,2018,PI 550472,B57,Havelock,282+N-N,yes,35,No,NA,B1,-N,sb2,spb1,1,2,24.85
2155,NA,NA,NA,NA,NA,NA,NA,NA,NA,NA,B1,-N,sb2,spb1,1,2,22.5666666666667
2157,JY,2018,PI 587131,HP301,Havelock,282+N-N,yes,35,No,NA,B1,-N,sb2,spb1,1,2,16.35
2159,NA,NA,NA,NA,NA,NA,NA,NA,NA,NA,B1,-N,sb2,spb1,1,2,23.96
2161,JY,2018,Ames 27064,A441-5,Havelock,282+N-N,yes,35,No,NA,B1,-N,sb2,spb1,1,2,NA
2163,JY,2018,PI 594048,B105,Havelock,282+N-N,yes,35,No,NA,B1,-N,sb2,spb1,1,2,26.3
2165,JY,2018,Ames 27165,NC338,Havelock,282+N-N,yes,35,No,NA,B1,-N,sb2,spb2,1,2,NA
2167,JY,2018,Ames 12731,NC230,Havelock,282+N-N,yes,35,No,NA,B1,-N,sb2,spb2,1,2,24.55
2169,JY,2018,Ames 27147,NC302,Havelock,282+N-N,yes,35,No,NA,B1,-N,sb2,spb2,1,2,NA
2171,JY,2018,Ames 12735,NC238,Havelock,282+N-N,yes,35,No,NA,B1,-N,sb2,spb2,1,2,NA
2173,JY,2018,PI 543916,Mp339,Havelock,282+N-N,yes,35,No,NA,B1,-N,sb2,spb2,1,2,NA
2175,JY,2018,Ames 27138,N28Ht,Havelock,282+N-N,yes,35,No,NA,B1,-N,sb2,spb2,1,2,25.1333333333333
2177,JY,2018,check,NA,Havelock,282+N-N,yes,35,No,NA,B1,-N,sb2,spb2,1,2,NA
2179,JY,2018,Ames 27164,NC336,Havelock,282+N-N,yes,35,No,NA,B1,-N,sb2,spb2,1,2,NA
2181,JY,2018,Ames 27173,NC354,Havelock,282+N-N,yes,35,No,NA,B1,-N,sb2,spb3,1,2,24.55
2183,JY,2018,Ames 27185,Pa875,Havelock,282+N-N,yes,35,No,NA,B1,-N,sb2,spb3,1,2,20.6
2185,JY,2018,Ames 27181,NC370,Havelock,282+N-N,yes,35,No,NA,B1,-N,sb2,spb3,1,2,22.6666666666667
2187,JY,2018,Ames 19323,Oh7B,Havelock,282+N-N,yes,35,No,NA,B1,-N,sb2,spb3,1,2,NA
2189,JY,2018,PI 587151,Va102,Havelock,282+N-N,yes,35,No,NA,B1,-N,sb2,spb3,1,2,18.95
2191,JY,2018,Ames 27163,NC334,Havelock,282+N-N,yes,35,No,NA,B1,-N,sb2,spb3,1,2,19.1
2193,JY,2018,Ames 27172,NC352,Havelock,282+N-N,yes,35,No,NA,B1,-N,sb2,spb3,1,2,NA
2195,JY,2018,Ames 27176,NC360,Havelock,282+N-N,yes,35,No,NA,B1,-N,sb2,spb3,1,2,20.75
2201,JY,2018,Ames 27067,C49A,Havelock,282+N-N,yes,35,No,NA,B1,-N,sb1,spb1,1,2,22.45
2203,JY,2018,NSL 81599,A659,Havelock,282+N-N,yes,35,No,NA,B1,-N,sb1,spb1,1,2,24.475
2205,JY,2018,PI 587140,A632,Havelock,282+N-N,yes,35,No,NA,B1,-N,sb1,spb1,1,2,NA
2207,NA,NA,NA,NA,NA,NA,NA,NA,NA,NA,B1,-N,sb1,spb1,1,2,22.75
2209,NA,NA,NA,NA,NA,NA,NA,NA,NA,NA,B1,-N,sb1,spb1,1,2,25.45
2211,JY,2018,check,NA,Havelock,282+N-N,yes,35,No,NA,B1,-N,sb1,spb1,1,2,25.6666666666667
2213,JY,2018,Ames 19313,C123,Havelock,282+N-N,yes,35,No,NA,B1,-N,sb1,spb1,1,2,26.05
2215,JY,2018,Ames 23450,A556,Havelock,282+N-N,yes,35,No,NA,B1,-N,sb1,spb1,1,2,24.7
2217,JY,2018,Ames 19316,CM174,Havelock,282+N-N,yes,35,No,NA,B1,-N,sb1,spb2,1,2,24.5
2219,NA,NA,NA,NA,NA,NA,NA,NA,NA,NA,B1,-N,sb1,spb2,1,2,NA
2221,JY,2018,NSL 30867,M14,Havelock,282+N-N,yes,35,No,NA,B1,-N,sb1,spb2,1,2,21.25
2223,JY,2018,check,NA,Havelock,282+N-N,yes,35,No,NA,B1,-N,sb1,spb2,1,2,NA
2225,JY,2018,PI 550566,N192,Havelock,282+N-N,yes,35,No,NA,B1,-N,sb1,spb2,1,2,24.2
2227,JY,2018,PI 587129,H99,Havelock,282+N-N,yes,35,No,NA,B1,-N,sb1,spb2,1,2,21.1666666666667
2229,JY,2018,Ames 24734,MS153,Havelock,282+N-N,yes,35,No,NA,B1,-N,sb1,spb2,1,2,24.9333333333333
2231,JY,2018,Ames 27104,CMV3,Havelock,282+N-N,yes,35,No,NA,B1,-N,sb1,spb2,1,2,NA
2233,JY,2018,check,NA,Havelock,282+N-N,yes,35,No,NA,B1,-N,sb1,spb3,1,2,24.3333333333333
2235,JY,2018,Ames 27196,Yu796_NS,Havelock,282+N-N,yes,35,No,NA,B1,-N,sb1,spb3,1,2,NA
2237,JY,2018,Ames 27161,NC330,Havelock,282+N-N,yes,35,No,NA,B1,-N,sb1,spb3,1,2,24.5
2239,JY,2018,Ames 27183,Oh43E,Havelock,282+N-N,yes,35,No,NA,B1,-N,sb1,spb3,1,2,NA
2241,JY,2018,Ames 27152,NC312,Havelock,282+N-N,yes,35,No,NA,B1,-N,sb1,spb3,1,2,26.3
2243,JY,2018,Ames 19330,W182B,Havelock,282+N-N,yes,35,No,NA,B1,-N,sb1,spb3,1,2,19.3333333333333
2245,JY,2018,check,NA,Havelock,282+N-N,yes,35,No,NA,B1,-N,sb1,spb3,1,2,24
2247,JY,2018,PI 550490,ND246,Havelock,282+N-N,yes,35,No,NA,B1,-N,sb1,spb3,1,2,18.925
2249,JY,2018,PI 606329,DE1,Havelock,282+N-N,yes,35,No,NA,B1,-N,sb2,spb1,1,2,29.9
2251,JY,2018,PI 587128,H84,Havelock,282+N-N,yes,35,No,NA,B1,-N,sb2,spb1,1,2,NA
2253,JY,2018,check,NA,Havelock,282+N-N,yes,35,No,NA,B1,-N,sb2,spb1,1,2,24.54
2255,JY,2018,Ames 27097,CML323,Havelock,282+N-N,yes,35,No,NA,B1,-N,sb2,spb1,1,2,27.2
2257,JY,2018,Ames 22440,CI90C,Havelock,282+N-N,yes,35,No,NA,B1,-N,sb2,spb1,1,2,21.5
2259,JY,2018,PI 594047,B104,Havelock,282+N-N,yes,35,No,NA,B1,-N,sb2,spb1,1,2,26.2
2261,JY,2018,Ames 27087,CML220,Havelock,282+N-N,yes,35,No,NA,B1,-N,sb2,spb1,1,2,29.5
2263,JY,2018,Ames 19319,H95,Havelock,282+N-N,yes,35,No,NA,B1,-N,sb2,spb1,1,2,NA
2265,NA,NA,NA,NA,NA,NA,NA,NA,NA,NA,B1,-N,sb2,spb2,1,2,21.94
2267,JY,2018,Ames 27134,M162W,Havelock,282+N-N,yes,35,No,NA,B1,-N,sb2,spb2,1,2,NA
2269,JY,2018,Ames 27171,NC350,Havelock,282+N-N,yes,35,No,NA,B1,-N,sb2,spb2,1,2,26.7
2271,JY,2018,Ames 12734,NC236,Havelock,282+N-N,yes,35,No,NA,B1,-N,sb2,spb2,1,2,NA
2273,JY,2018,PI 550555,NC250,Havelock,282+N-N,yes,35,No,NA,B1,-N,sb2,spb2,1,2,24.05
2275,JY,2018,Ames 27124,Ki11,Havelock,282+N-N,yes,35,No,NA,B1,-N,sb2,spb2,1,2,NA
2277,NA,NA,NA,NA,NA,NA,NA,NA,NA,NA,B1,-N,sb2,spb2,1,2,21.56
2279,JY,2018,PI 583351,Mo46,Havelock,282+N-N,yes,35,No,NA,B1,-N,sb2,spb2,1,2,26.5
2281,JY,2018,Ames 27174,NC356,Havelock,282+N-N,yes,35,No,NA,B1,-N,sb2,spb3,1,2,19.9
2283,JY,2018,Ames 27177,NC362,Havelock,282+N-N,yes,35,No,NA,B1,-N,sb2,spb3,1,2,23.0666666666667
2285,JY,2018,Ames 27184,Pa762,Havelock,282+N-N,yes,35,No,NA,B1,-N,sb2,spb3,1,2,24
2287,JY,2018,check,NA,Havelock,282+N-N,yes,35,No,NA,B1,-N,sb2,spb3,1,2,24
2289,JY,2018,Ames 27193,Va85,Havelock,282+N-N,yes,35,No,NA,B1,-N,sb2,spb3,1,2,NA
2291,JY,2018,Ames 27182,NC372,Havelock,282+N-N,yes,35,No,NA,B1,-N,sb2,spb3,1,2,21.35
2293,JY,2018,PI 573098,Oh603,Havelock,282+N-N,yes,35,No,NA,B1,-N,sb2,spb3,1,2,20.7
2295,NA,NA,NA,NA,NA,NA,NA,NA,NA,NA,B1,-N,sb2,spb3,1,2,21.4166666666667
2301,NA,NA,NA,NA,NA,NA,NA,NA,NA,NA,B1,-N,sb3,spb1,1,2,20.7
2303,JY,2018,Ames 27086,CML218,Havelock,282+N-N,yes,35,No,NA,B1,-N,sb3,spb1,1,2,25.1
2305,JY,2018,Ames 27102,CML341,Havelock,282+N-N,yes,35,No,NA,B1,-N,sb3,spb1,1,2,NA
2307,JY,2018,Ames 27085,CML158Q,Havelock,282+N-N,yes,35,No,NA,B1,-N,sb3,spb1,1,2,22
2309,JY,2018,Ames 27095,CML321,Havelock,282+N-N,yes,35,No,NA,B1,-N,sb3,spb1,1,2,26.1
2311,NA,NA,NA,NA,NA,NA,NA,NA,NA,NA,B1,-N,sb3,spb1,1,2,20.0333333333333
2313,JY,2018,check,NA,Havelock,282+N-N,yes,35,No,NA,B1,-N,sb3,spb1,1,2,24.5
2315,JY,2018,Ames 27101,CML333,Havelock,282+N-N,yes,35,No,NA,B1,-N,sb3,spb1,1,2,NA
2317,NA,NA,NA,NA,NA,NA,NA,NA,NA,NA,B1,-N,sb3,spb2,1,2,21.5333333333333
2319,JY,2018,Ames 12729,NC222,Havelock,282+N-N,yes,35,No,NA,B1,-N,sb3,spb2,1,2,23.3
2321,NA,NA,NA,NA,NA,NA,NA,NA,NA,NA,B1,-N,sb3,spb2,1,2,24.5
2323,JY,2018,Ames 27155,NC318,Havelock,282+N-N,yes,35,No,NA,B1,-N,sb3,spb2,1,2,16.92
2325,JY,2018,Ames 27078,CML61,Havelock,282+N-N,yes,35,No,NA,B1,-N,sb3,spb2,1,2,NA
2327,JY,2018,Ames 27121,K64,Havelock,282+N-N,yes,35,No,NA,B1,-N,sb3,spb2,1,2,19.9
2329,JY,2018,Ames 27156,NC320,Havelock,282+N-N,yes,35,No,NA,B1,-N,sb3,spb2,1,2,NA
2331,JY,2018,Ames 27144,NC296,Havelock,282+N-N,yes,35,No,NA,B1,-N,sb3,spb2,1,2,18.2
2333,JY,2018,check,NA,Havelock,282+N-N,yes,35,No,NA,B1,-N,sb3,spb3,1,2,24
2335,JY,2018,PI 587136,Ky228,Havelock,282+N-N,yes,35,No,NA,B1,-N,sb3,spb3,1,2,NA
2337,NA,NA,NA,NA,NA,NA,NA,NA,NA,NA,B1,-N,sb3,spb3,1,2,24.5
2339,JY,2018,Ames 22763,Tx601,Havelock,282+N-N,yes,35,No,NA,B1,-N,sb3,spb3,1,2,NA
2341,JY,2018,PI 506247,Tzi9,Havelock,282+N-N,yes,35,No,NA,B1,-N,sb3,spb3,1,2,NA
2343,NA,NA,NA,NA,NA,NA,NA,NA,NA,NA,B1,-N,sb3,spb3,1,2,25.4
2345,JY,2018,PI 506248,Tzi10,Havelock,282+N-N,yes,35,No,NA,B1,-N,sb3,spb3,1,2,NA
2347,JY,2018,PI 587137,Ms71,Havelock,282+N-N,yes,35,No,NA,B1,-N,sb3,spb3,1,2,21.4
2349,JY,2018,PI 550473,B73,Havelock,282+N-N,yes,35,No,NA,B1,-N,sb4,spb1,1,2,23.8
2351,JY,2018,PI 550465,B68,Havelock,282+N-N,yes,35,No,NA,B1,-N,sb4,spb1,1,2,NA
2353,JY,2018,Ames 27066,B164,Havelock,282+N-N,yes,35,No,NA,B1,-N,sb4,spb1,1,2,22.825
2355,JY,2018,Ames 27069,CH701-30,Havelock,282+N-N,yes,35,No,NA,B1,-N,sb4,spb1,1,2,NA
2357,NA,NA,NA,NA,NA,NA,NA,NA,NA,NA,B1,-N,sb4,spb1,1,2,21.25
2359,JY,2018,PI 587142,A679,Havelock,282+N-N,yes,35,No,NA,B1,-N,sb4,spb1,1,2,24.475
2361,JY,2018,NSL 30904,4226,Havelock,282+N-N,yes,35,No,NA,B1,-N,sb4,spb1,1,2,19
2363,JY,2018,PI 608765,B77,Havelock,282+N-N,yes,35,No,NA,B1,-N,sb4,spb1,1,2,19.5
2365,NA,NA,NA,NA,NA,NA,NA,NA,NA,NA,B1,-N,sb4,spb2,1,2,21.96
2367,JY,2018,Ames 27133,M37W,Havelock,282+N-N,yes,35,No,NA,B1,-N,sb4,spb2,1,2,25
2369,JY,2018,Ames 27118,Il14H,Havelock,282+N-N,yes,35,No,NA,B1,-N,sb4,spb2,1,2,22
2371,JY,2018,Ames 27114,H91,Havelock,282+N-N,yes,35,No,NA,B1,-N,sb4,spb2,1,2,20.6
2373,JY,2018,Ames 27160,NC328,Havelock,282+N-N,yes,35,No,NA,B1,-N,sb4,spb2,1,2,24.8333333333333
2375,JY,2018,Ames 27159,NC326,Havelock,282+N-N,yes,35,No,NA,B1,-N,sb4,spb2,1,2,25.75
2377,JY,2018,Ames 27140,NC260,Havelock,282+N-N,yes,35,No,NA,B1,-N,sb4,spb2,1,2,21
2379,JY,2018,Ames 27149,NC306,Havelock,282+N-N,yes,35,No,NA,B1,-N,sb4,spb2,1,2,19.15
2381,JY,2018,Ames 28290,C49,Havelock,282+N-N,yes,35,No,NA,B1,-N,sb4,spb3,1,2,26.1
2383,JY,2018,Ames 19293,Wf9,Havelock,282+N-N,yes,35,No,NA,B1,-N,sb4,spb3,1,2,19.3333333333333
2385,JY,2018,PI 587125,CO109,Havelock,282+N-N,yes,35,No,NA,B1,-N,sb4,spb3,1,2,18.6666666666667
2387,NA,NA,NA,NA,NA,NA,NA,NA,NA,NA,B1,-N,sb4,spb3,1,2,20.65
2389,JY,2018,PI 587149,Va26,Havelock,282+N-N,yes,35,No,NA,B1,-N,sb4,spb3,1,2,20.9
2391,JY,2018,PI 257506,F2,Havelock,282+N-N,yes,35,No,NA,B1,-N,sb4,spb3,1,2,26
2393,NA,NA,NA,NA,NA,NA,NA,NA,NA,NA,B1,-N,sb4,spb3,1,2,21.1
2395,JY,2018,PI 606330,DE2,Havelock,282+N-N,yes,35,No,NA,B1,-N,sb4,spb3,1,2,25.02
2401,JY,2018,PI 595542,CML254,Havelock,282+N-N,yes,35,No,NA,B1,-N,sb3,spb1,1,2,NA
2403,JY,2018,Ames 27094,CML314,Havelock,282+N-N,yes,35,No,NA,B1,-N,sb3,spb1,1,2,26
2405,JY,2018,Ames 27090,CML258,Havelock,282+N-N,yes,35,No,NA,B1,-N,sb3,spb1,1,2,19.4266666666667
2407,NA,NA,NA,NA,NA,NA,NA,NA,NA,NA,B1,-N,sb3,spb1,1,2,NA
2409,JY,2018,Ames 27071,CML5,Havelock,282+N-N,yes,35,No,NA,B1,-N,sb3,spb1,1,2,26.9
2411,JY,2018,Ames 27074,CML14,Havelock,282+N-N,yes,35,No,NA,B1,-N,sb3,spb1,1,2,NA
2413,JY,2018,Ames 27093,CML311,Havelock,282+N-N,yes,35,No,NA,B1,-N,sb3,spb1,1,2,NA
2415,JY,2018,PI 406112,A214N,Havelock,282+N-N,yes,35,No,NA,B1,-N,sb3,spb1,1,2,NA
2417,JY,2018,PI 595561,CML52,Havelock,282+N-N,yes,35,No,NA,B1,-N,sb3,spb2,1,2,18.7
2419,JY,2018,NSL 22894,F6,Havelock,282+N-N,yes,35,No,NA,B1,-N,sb3,spb2,1,2,18.4
2421,JY,2018,Ames 27110,E2558W,Havelock,282+N-N,yes,35,No,NA,B1,-N,sb3,spb2,1,2,NA
2423,JY,2018,Ames 27113,GT112,Havelock,282+N-N,yes,35,No,NA,B1,-N,sb3,spb2,1,2,NA
2425,JY,2018,NSL 22893,F44,Havelock,282+N-N,yes,35,No,NA,B1,-N,sb3,spb2,1,2,NA
2427,JY,2018,check,NA,Havelock,282+N-N,yes,35,No,NA,B1,-N,sb3,spb2,1,2,26.875
2429,JY,2018,Ames 27079,CML91,Havelock,282+N-N,yes,35,No,NA,B1,-N,sb3,spb2,1,2,17
2431,JY,2018,Ames 27139,NC33,Havelock,282+N-N,yes,35,No,NA,B1,-N,sb3,spb2,1,2,NA
2433,JY,2018,PI 587145,NC268,Havelock,282+N-N,yes,35,No,NA,B1,-N,sb3,spb3,1,2,20.3
2435,JY,2018,Ames 27166,NC340,Havelock,282+N-N,yes,35,No,NA,B1,-N,sb3,spb3,1,2,25.7
2437,JY,2018,PI 506246,Tzi8,Havelock,282+N-N,yes,35,No,NA,B1,-N,sb3,spb3,1,2,NA
2439,NA,NA,NA,NA,NA,NA,NA,NA,NA,NA,B1,-N,sb3,spb3,1,2,25.875
2441,JY,2018,Ames 26808,Ill.Hy,Havelock,282+N-N,yes,35,No,NA,B1,-N,sb3,spb3,1,2,21
2443,JY,2018,PI 506255,Tzi25,Havelock,282+N-N,yes,35,No,NA,B1,-N,sb3,spb3,1,2,NA
2445,JY,2018,check,NA,Havelock,282+N-N,yes,35,No,NA,B1,-N,sb3,spb3,1,2,NA
2447,JY,2018,Ames 27179,NC366,Havelock,282+N-N,yes,35,No,NA,B1,-N,sb3,spb3,1,2,NA
2449,JY,2018,PI 550467,B37,Havelock,282+N-N,yes,35,No,NA,B1,-N,sb4,spb1,1,2,22.9
2451,JY,2018,Ames 23503,A680,Havelock,282+N-N,yes,35,No,NA,B1,-N,sb4,spb1,1,2,24.575
2453,JY,2018,PI 550469,B46,Havelock,282+N-N,yes,35,No,NA,B1,-N,sb4,spb1,1,2,20.6
2455,JY,2018,PI 597927,B109,Havelock,282+N-N,yes,35,No,NA,B1,-N,sb4,spb1,1,2,23.4
2457,NA,NA,NA,NA,NA,NA,NA,NA,NA,NA,B1,-N,sb4,spb1,1,2,21.64
2459,JY,2018,Ames 26116,CI3A,Havelock,282+N-N,yes,35,No,NA,B1,-N,sb4,spb1,1,2,NA
2461,JY,2018,PI 564682,B97,Havelock,282+N-N,yes,35,No,NA,B1,-N,sb4,spb1,1,2,23.08
2463,NA,NA,NA,NA,NA,NA,NA,NA,NA,NA,B1,-N,sb4,spb1,1,2,NA
2465,JY,2018,check,NA,Havelock,282+N-N,yes,35,No,NA,B1,-N,sb4,spb2,1,2,25.45
2467,JY,2018,PI 558532,Mo17,Havelock,282+N-N,yes,35,No,NA,B1,-N,sb4,spb2,1,2,19.775
2469,JY,2018,Ames 27170,NC348,Havelock,282+N-N,yes,35,No,NA,B1,-N,sb4,spb2,1,2,22.66
2471,JY,2018,PI 583350,Mo45,Havelock,282+N-N,yes,35,No,NA,B1,-N,sb4,spb2,1,2,22.175
2473,JY,2018,Ames 27081,CML103,Havelock,282+N-N,yes,35,No,NA,B1,-N,sb4,spb2,1,2,24.75
2475,JY,2018,PI 531084,NC258,Havelock,282+N-N,yes,35,No,NA,B1,-N,sb4,spb2,1,2,26.375
2477,JY,2018,PI 550558,DE811,Havelock,282+N-N,yes,35,No,NA,B1,-N,sb4,spb2,1,2,23
2479,JY,2018,Ames 28939,Mo44,Havelock,282+N-N,yes,35,No,NA,B1,-N,sb4,spb2,1,2,NA
2481,JY,2018,Ames 27180,NC368,Havelock,282+N-N,yes,35,No,NA,B1,-N,sb4,spb3,1,2,24.9
2483,JY,2018,Ames 22748,H100,Havelock,282+N-N,yes,35,No,NA,B1,-N,sb4,spb3,1,2,23.3
2485,JY,2018,Ames 24989,Va99,Havelock,282+N-N,yes,35,No,NA,B1,-N,sb4,spb3,1,2,21
2487,JY,2018,Ames 27178,NC364,Havelock,282+N-N,yes,35,No,NA,B1,-N,sb4,spb3,1,2,23.7666666666667
2489,JY,2018,Ames 26771,33-16,Havelock,282+N-N,yes,35,No,NA,B1,-N,sb4,spb3,1,2,NA
2491,JY,2018,check,NA,Havelock,282+N-N,yes,35,No,NA,B1,-N,sb4,spb3,1,2,21.275
2493,JY,2018,NSL 30894,R177,Havelock,282+N-N,yes,35,No,NA,B1,-N,sb4,spb3,1,2,NA
2495,NA,NA,NA,NA,NA,NA,NA,NA,NA,NA,B1,-N,sb4,spb3,1,2,21.925
2501,JY,2018,check,NA,Havelock,282+N-N,yes,35,No,NA,B1,-N,sb3,spb1,1,2,23.15
2503,JY,2018,PI 595565,CML287,Havelock,282+N-N,yes,35,No,NA,B1,-N,sb3,spb1,1,2,NA
2505,JY,2018,Ames 27082,CML108,Havelock,282+N-N,yes,35,No,NA,B1,-N,sb3,spb1,1,2,21.125
2507,JY,2018,Ames 26604,38-11,Havelock,282+N-N,yes,35,No,NA,B1,-N,sb3,spb1,1,2,NA
2509,JY,2018,Ames 27072,CML10,Havelock,282+N-N,yes,35,No,NA,B1,-N,sb3,spb1,1,2,20.3
2511,JY,2018,Ames 27091,CML261,Havelock,282+N-N,yes,35,No,NA,B1,-N,sb3,spb1,1,2,20
2513,JY,2018,PI 595550,CML277,Havelock,282+N-N,yes,35,No,NA,B1,-N,sb3,spb1,1,2,NA
2515,JY,2018,Ames 27088,CML228,Havelock,282+N-N,yes,35,No,NA,B1,-N,sb3,spb1,1,2,NA
2517,JY,2018,Ames 27108,D940Y,Havelock,282+N-N,yes,35,No,NA,B1,-N,sb3,spb2,1,2,21
2519,JY,2018,Ames 28184,CML69,Havelock,282+N-N,yes,35,No,NA,B1,-N,sb3,spb2,1,2,NA
2521,JY,2018,Ames 10248,GA209,Havelock,282+N-N,yes,35,No,NA,B1,-N,sb3,spb2,1,2,NA
2523,JY,2018,check,NA,Havelock,282+N-N,yes,35,No,NA,B1,-N,sb3,spb2,1,2,25.4333333333333
2525,NA,NA,NA,NA,NA,NA,NA,NA,NA,NA,B1,-N,sb3,spb2,1,2,NA
2527,JY,2018,PI 587144,Mo24W,Havelock,282+N-N,yes,35,No,NA,B1,-N,sb3,spb2,1,2,NA
2529,JY,2018,NSL 30038,K4,Havelock,282+N-N,yes,35,No,NA,B1,-N,sb3,spb2,1,2,NA
2531,JY,2018,Ames 27080,CML92,Havelock,282+N-N,yes,35,No,NA,B1,-N,sb3,spb2,1,2,20.4666666666667
2533,JY,2018,PI 558520,Mo1W,Havelock,282+N-N,yes,35,No,NA,B1,-N,sb3,spb3,1,2,21.8
2535,JY,2018,Ames 27169,NC346,Havelock,282+N-N,yes,35,No,NA,B1,-N,sb3,spb3,1,2,NA
2537,JY,2018,PI 506253,Tzi18,Havelock,282+N-N,yes,35,No,NA,B1,-N,sb3,spb3,1,2,23.52
2539,JY,2018,PI 587147,Pa91,Havelock,282+N-N,yes,35,No,NA,B1,-N,sb3,spb3,1,2,21.7
2541,JY,2018,PI 550522,T232,Havelock,282+N-N,yes,35,No,NA,B1,-N,sb3,spb3,1,2,21.65
2543,JY,2018,Ames 27189,SC55,Havelock,282+N-N,yes,35,No,NA,B1,-N,sb3,spb3,1,2,NA
2545,JY,2018,PI 540745,Tzi11,Havelock,282+N-N,yes,35,No,NA,B1,-N,sb3,spb3,1,2,NA
2547,JY,2018,Ames 27136,Mo.G,Havelock,282+N-N,yes,35,No,NA,B1,-N,sb3,spb3,1,2,NA
2549,JY,2018,PI 550461,B14A,Havelock,282+N-N,yes,35,No,NA,B1,-N,sb4,spb1,1,2,NA
2551,JY,2018,PI 608767,B84,Havelock,282+N-N,yes,35,No,NA,B1,-N,sb4,spb1,1,2,24.2
2553,JY,2018,PI 587130,4722,Havelock,282+N-N,yes,35,No,NA,B1,-N,sb4,spb1,1,2,18.6333333333333
2555,JY,2018,PI 550454,B52,Havelock,282+N-N,yes,35,No,NA,B1,-N,sb4,spb1,1,2,18.8
2557,JY,2018,check,NA,Havelock,282+N-N,yes,35,No,NA,B1,-N,sb4,spb1,1,2,NA
2559,JY,2018,Ames 19314,CI64,Havelock,282+N-N,yes,35,No,NA,B1,-N,sb4,spb1,1,2,NA
2561,JY,2018,check,NA,Havelock,282+N-N,yes,35,No,NA,B1,-N,sb4,spb1,1,2,28.3333333333333
2563,JY,2018,Ames 27065,B73Htrhm,Havelock,282+N-N,yes,35,No,NA,B1,-N,sb4,spb1,1,2,26.7
2565,JY,2018,Ames 27168,NC344,Havelock,282+N-N,yes,35,No,NA,B1,-N,sb4,spb2,1,2,22.75
2567,JY,2018,Ames 27167,NC342,Havelock,282+N-N,yes,35,No,NA,B1,-N,sb4,spb2,1,2,23.1
2569,NA,NA,NA,NA,NA,NA,NA,NA,NA,NA,B1,-N,sb4,spb2,1,2,NA
2571,NA,NA,NA,NA,NA,NA,NA,NA,NA,NA,B1,-N,sb4,spb2,1,2,19.34
2573,JY,2018,NSL 65873,L317,Havelock,282+N-N,yes,35,No,NA,B1,-N,sb4,spb2,1,2,NA
2575,JY,2018,Ames 27151,NC310,Havelock,282+N-N,yes,35,No,NA,B1,-N,sb4,spb2,1,2,24.975
2577,JY,2018,Ames 27143,NC294,Havelock,282+N-N,yes,35,No,NA,B1,-N,sb4,spb2,1,2,22.8666666666667
2579,JY,2018,check,NA,Havelock,282+N-N,yes,35,No,NA,B1,-N,sb4,spb2,1,2,25.4666666666667
2581,JY,2018,check,NA,Havelock,282+N-N,yes,35,No,NA,B1,-N,sb4,spb3,1,2,25.0333333333333
2583,JY,2018,PI 606768,SD40,Havelock,282+N-N,yes,35,No,NA,B1,-N,sb4,spb3,1,2,21.9
2585,JY,2018,PI 517974,Pa880,Havelock,282+N-N,yes,35,No,NA,B1,-N,sb4,spb3,1,2,26.6
2587,JY,2018,NSL 65874,Os420,Havelock,282+N-N,yes,35,No,NA,B1,-N,sb4,spb3,1,2,NA
2589,JY,2018,NSL 28966,Oh40B,Havelock,282+N-N,yes,35,No,NA,B1,-N,sb4,spb3,1,2,NA
2591,JY,2018,PI 550518,T8,Havelock,282+N-N,yes,35,No,NA,B1,-N,sb4,spb3,1,2,24
2593,JY,2018,Ames 19328,Va22,Havelock,282+N-N,yes,35,No,NA,B1,-N,sb4,spb3,1,2,19
2595,JY,2018,PI 592734,R229,Havelock,282+N-N,yes,35,No,NA,B1,-N,sb4,spb3,1,2,21.5
3001,JY,2018,PI 587138,A554,Havelock,282+N-N,yes,35,No,NA,B2,-N,sb1,spb1,2,3,19.5
3003,JY,2018,Ames 19308,A634,Havelock,282+N-N,yes,35,No,NA,B2,-N,sb1,spb1,2,3,22.3
3005,JY,2018,PI 587141,A654,Havelock,282+N-N,yes,35,No,NA,B2,-N,sb1,spb1,2,3,20.42
3007,JY,2018,PI 550440,B64,Havelock,282+N-N,yes,35,No,NA,B2,-N,sb1,spb1,2,3,NA
3009,JY,2018,PI 608774,B75,Havelock,282+N-N,yes,35,No,NA,B2,-N,sb1,spb1,2,3,23.6666666666667
3011,JY,2018,Ames 22443,A188,Havelock,282+N-N,yes,35,No,NA,B2,-N,sb1,spb1,2,3,NA
3013,NA,NA,NA,NA,NA,NA,NA,NA,NA,NA,B2,-N,sb1,spb1,2,3,18.7
3015,JY,2018,Ames 27067,C49A,Havelock,282+N-N,yes,35,No,NA,B2,-N,sb1,spb1,2,3,24.15
3017,JY,2018,PI 550566,N192,Havelock,282+N-N,yes,35,No,NA,B2,-N,sb1,spb2,2,3,23.9333333333333
3019,JY,2018,Ames 20140,Mt42,Havelock,282+N-N,yes,35,No,NA,B2,-N,sb1,spb2,2,3,22.4
3021,JY,2018,Ames 27104,CMV3,Havelock,282+N-N,yes,35,No,NA,B2,-N,sb1,spb2,2,3,22.3333333333333
3023,JY,2018,PI 583352,Mo47,Havelock,282+N-N,yes,35,No,NA,B2,-N,sb1,spb2,2,3,NA
3025,JY,2018,check,NA,Havelock,282+N-N,yes,35,No,NA,B2,-N,sb1,spb2,2,3,26.0666666666667
3027,NA,NA,NA,NA,NA,NA,NA,NA,NA,NA,B2,-N,sb1,spb2,2,3,23.55
3029,NA,NA,NA,NA,NA,NA,NA,NA,NA,NA,B2,-N,sb1,spb2,2,3,21.3666666666667
3031,JY,2018,Ames 19316,CM174,Havelock,282+N-N,yes,35,No,NA,B2,-N,sb1,spb2,2,3,24.25
3033,JY,2018,PI 587150,Va35,Havelock,282+N-N,yes,35,No,NA,B2,-N,sb1,spb3,2,3,20.975
3035,NA,NA,NA,NA,NA,NA,NA,NA,NA,NA,B2,-N,sb1,spb3,2,3,25.9333333333333
3037,JY,2018,Ames 27142,NC292,Havelock,282+N-N,yes,35,No,NA,B2,-N,sb1,spb3,2,3,24.975
3039,JY,2018,check,NA,Havelock,282+N-N,yes,35,No,NA,B2,-N,sb1,spb3,2,3,26
3041,JY,2018,Ames 19000,VaW6,Havelock,282+N-N,yes,35,No,NA,B2,-N,sb1,spb3,2,3,19.4333333333333
3043,JY,2018,Ames 19288,Oh43,Havelock,282+N-N,yes,35,No,NA,B2,-N,sb1,spb3,2,3,24.5666666666667
3045,JY,2018,PI 587154,W153R,Havelock,282+N-N,yes,35,No,NA,B2,-N,sb1,spb3,2,3,18.25
3047,JY,2018,Ames 19016,Va59,Havelock,282+N-N,yes,35,No,NA,B2,-N,sb1,spb3,2,3,24.25
3049,JY,2018,PI 595542,CML254,Havelock,282+N-N,yes,35,No,NA,B2,-N,sb2,spb1,2,3,NA
3051,JY,2018,check,NA,Havelock,282+N-N,yes,35,No,NA,B2,-N,sb2,spb1,2,3,25.3333333333333
3053,JY,2018,Ames 27074,CML14,Havelock,282+N-N,yes,35,No,NA,B2,-N,sb2,spb1,2,3,NA
3055,JY,2018,check,NA,Havelock,282+N-N,yes,35,No,NA,B2,-N,sb2,spb1,2,3,25.6666666666667
3057,JY,2018,Ames 27101,CML333,Havelock,282+N-N,yes,35,No,NA,B2,-N,sb2,spb1,2,3,23
3059,JY,2018,PI 406112,A214N,Havelock,282+N-N,yes,35,No,NA,B2,-N,sb2,spb1,2,3,NA
3061,JY,2018,Ames 27094,CML314,Havelock,282+N-N,yes,35,No,NA,B2,-N,sb2,spb1,2,3,NA
3063,JY,2018,Ames 27102,CML341,Havelock,282+N-N,yes,35,No,NA,B2,-N,sb2,spb1,2,3,NA
3065,JY,2018,Ames 27155,NC318,Havelock,282+N-N,yes,35,No,NA,B2,-N,sb2,spb2,2,3,16.675
3067,JY,2018,Ames 27108,D940Y,Havelock,282+N-N,yes,35,No,NA,B2,-N,sb2,spb2,2,3,NA
3069,JY,2018,Ames 27113,GT112,Havelock,282+N-N,yes,35,No,NA,B2,-N,sb2,spb2,2,3,31.1
3071,JY,2018,Ames 27079,CML91,Havelock,282+N-N,yes,35,No,NA,B2,-N,sb2,spb2,2,3,NA
3073,JY,2018,Ames 28184,CML69,Havelock,282+N-N,yes,35,No,NA,B2,-N,sb2,spb2,2,3,NA
3075,NA,NA,NA,NA,NA,NA,NA,NA,NA,NA,B2,-N,sb2,spb2,2,3,22.64
3077,JY,2018,Ames 27080,CML92,Havelock,282+N-N,yes,35,No,NA,B2,-N,sb2,spb2,2,3,23.0333333333333
3079,JY,2018,Ames 10248,GA209,Havelock,282+N-N,yes,35,No,NA,B2,-N,sb2,spb2,2,3,18.4
3081,JY,2018,Ames 27136,Mo.G,Havelock,282+N-N,yes,35,No,NA,B2,-N,sb2,spb3,2,3,NA
3083,NA,NA,NA,NA,NA,NA,NA,NA,NA,NA,B2,-N,sb2,spb3,2,3,19.875
3085,JY,2018,PI 558520,Mo1W,Havelock,282+N-N,yes,35,No,NA,B2,-N,sb2,spb3,2,3,28.4666666666667
3087,JY,2018,PI 506255,Tzi25,Havelock,282+N-N,yes,35,No,NA,B2,-N,sb2,spb3,2,3,22.875
3089,JY,2018,PI 587145,NC268,Havelock,282+N-N,yes,35,No,NA,B2,-N,sb2,spb3,2,3,20.58
3091,JY,2018,PI 587136,Ky228,Havelock,282+N-N,yes,35,No,NA,B2,-N,sb2,spb3,2,3,NA
3093,NA,NA,NA,NA,NA,NA,NA,NA,NA,NA,B2,-N,sb2,spb3,2,3,22.925
3095,JY,2018,PI 506247,Tzi9,Havelock,282+N-N,yes,35,No,NA,B2,-N,sb2,spb3,2,3,21.8
3101,JY,2018,Ames 19309,A635,Havelock,282+N-N,yes,35,No,NA,B2,-N,sb1,spb1,2,3,21.6333333333333
3103,JY,2018,PI 607521,A661,Havelock,282+N-N,yes,35,No,NA,B2,-N,sb1,spb1,2,3,20.05
3105,JY,2018,check,NA,Havelock,282+N-N,yes,35,No,NA,B2,-N,sb1,spb1,2,3,22.925
3107,JY,2018,Ames 27068,CH9,Havelock,282+N-N,yes,35,No,NA,B2,-N,sb1,spb1,2,3,NA
3109,JY,2018,Ames 23450,A556,Havelock,282+N-N,yes,35,No,NA,B2,-N,sb1,spb1,2,3,20.5
3111,JY,2018,NSL 81599,A659,Havelock,282+N-N,yes,35,No,NA,B2,-N,sb1,spb1,2,3,20.175
3113,NA,NA,NA,NA,NA,NA,NA,NA,NA,NA,B2,-N,sb1,spb1,2,3,18.75
3115,JY,2018,Ames 23405,A239,Havelock,282+N-N,yes,35,No,NA,B2,-N,sb1,spb1,2,3,19.92
3117,NA,NA,NA,NA,NA,NA,NA,NA,NA,NA,B2,-N,sb1,spb2,2,3,NA
3119,JY,2018,Ames 27111,EP1,Havelock,282+N-N,yes,35,No,NA,B2,-N,sb1,spb2,2,3,21.08
3121,JY,2018,Ames 27135,MEF156-55-2,Havelock,282+N-N,yes,35,No,NA,B2,-N,sb1,spb2,2,3,NA
3123,JY,2018,Ames 24752,MS1334,Havelock,282+N-N,yes,35,No,NA,B2,-N,sb1,spb2,2,3,20.42
3125,JY,2018,PI 587124,CM105,Havelock,282+N-N,yes,35,No,NA,B2,-N,sb1,spb2,2,3,24.125
3127,JY,2018,Ames 20190,CM37,Havelock,282+N-N,yes,35,No,NA,B2,-N,sb1,spb2,2,3,19.2
3129,JY,2018,NSL 30867,M14,Havelock,282+N-N,yes,35,No,NA,B2,-N,sb1,spb2,2,3,18.7
3131,JY,2018,Ames 27070,CM7,Havelock,282+N-N,yes,35,No,NA,B2,-N,sb1,spb2,2,3,20.4285714285714
3133,JY,2018,Ames 19326,R168,Havelock,282+N-N,yes,35,No,NA,B2,-N,sb1,spb3,2,3,16.05
3135,JY,2018,Ames 27150,NC308,Havelock,282+N-N,yes,35,No,NA,B2,-N,sb1,spb3,2,3,22.15
3137,JY,2018,PI 550490,ND246,Havelock,282+N-N,yes,35,No,NA,B2,-N,sb1,spb3,2,3,18.95
3139,NA,NA,NA,NA,NA,NA,NA,NA,NA,NA,B2,-N,sb1,spb3,2,3,21.68
3141,JY,2018,check,NA,Havelock,282+N-N,yes,35,No,NA,B2,-N,sb1,spb3,2,3,25.6666666666667
3143,JY,2018,PI 524969,SD44,Havelock,282+N-N,yes,35,No,NA,B2,-N,sb1,spb3,2,3,NA
3145,JY,2018,Ames 27196,Yu796_NS,Havelock,282+N-N,yes,35,No,NA,B2,-N,sb1,spb3,2,3,NA
3147,JY,2018,Ames 27161,NC330,Havelock,282+N-N,yes,35,No,NA,B2,-N,sb1,spb3,2,3,NA
3149,JY,2018,Ames 27082,CML108,Havelock,282+N-N,yes,35,No,NA,B2,-N,sb2,spb1,2,3,22.65
3151,NA,NA,NA,NA,NA,NA,NA,NA,NA,NA,B2,-N,sb2,spb1,2,3,21.7
3153,JY,2018,Ames 27072,CML10,Havelock,282+N-N,yes,35,No,NA,B2,-N,sb2,spb1,2,3,NA
3155,JY,2018,Ames 26604,38-11,Havelock,282+N-N,yes,35,No,NA,B2,-N,sb2,spb1,2,3,NA
3157,JY,2018,Ames 27091,CML261,Havelock,282+N-N,yes,35,No,NA,B2,-N,sb2,spb1,2,3,NA
3159,JY,2018,PI 595550,CML277,Havelock,282+N-N,yes,35,No,NA,B2,-N,sb2,spb1,2,3,NA
3161,JY,2018,Ames 27088,CML228,Havelock,282+N-N,yes,35,No,NA,B2,-N,sb2,spb1,2,3,20
3163,JY,2018,Ames 27085,CML158Q,Havelock,282+N-N,yes,35,No,NA,B2,-N,sb2,spb1,2,3,NA
3165,JY,2018,check,NA,Havelock,282+N-N,yes,35,No,NA,B2,-N,sb2,spb2,2,3,22.5
3167,JY,2018,check,NA,Havelock,282+N-N,yes,35,No,NA,B2,-N,sb2,spb2,2,3,22.9
3169,JY,2018,Ames 27078,CML61,Havelock,282+N-N,yes,35,No,NA,B2,-N,sb2,spb2,2,3,NA
3171,JY,2018,Ames 12729,NC222,Havelock,282+N-N,yes,35,No,NA,B2,-N,sb2,spb2,2,3,25
3173,JY,2018,Ames 27144,NC296,Havelock,282+N-N,yes,35,No,NA,B2,-N,sb2,spb2,2,3,19
3175,JY,2018,Ames 27156,NC320,Havelock,282+N-N,yes,35,No,NA,B2,-N,sb2,spb2,2,3,21.125
3177,JY,2018,NSL 30038,K4,Havelock,282+N-N,yes,35,No,NA,B2,-N,sb2,spb2,2,3,21.8
3179,JY,2018,Ames 27121,K64,Havelock,282+N-N,yes,35,No,NA,B2,-N,sb2,spb2,2,3,24.7
3181,JY,2018,PI 587137,Ms71,Havelock,282+N-N,yes,35,No,NA,B2,-N,sb2,spb3,2,3,20.76
3183,JY,2018,Ames 27179,NC366,Havelock,282+N-N,yes,35,No,NA,B2,-N,sb2,spb3,2,3,22.5
3185,JY,2018,PI 540745,Tzi11,Havelock,282+N-N,yes,35,No,NA,B2,-N,sb2,spb3,2,3,23.45
3187,JY,2018,check,NA,Havelock,282+N-N,yes,35,No,NA,B2,-N,sb2,spb3,2,3,26.3333333333333
3189,JY,2018,PI 587147,Pa91,Havelock,282+N-N,yes,35,No,NA,B2,-N,sb2,spb3,2,3,24.8
3191,JY,2018,Ames 27166,NC340,Havelock,282+N-N,yes,35,No,NA,B2,-N,sb2,spb3,2,3,NA
3193,JY,2018,Ames 27189,SC55,Havelock,282+N-N,yes,35,No,NA,B2,-N,sb2,spb3,2,3,NA
3195,NA,NA,NA,NA,NA,NA,NA,NA,NA,NA,B2,-N,sb2,spb3,2,3,NA
3201,JY,2018,PI 587139,A619,Havelock,282+N-N,yes,35,No,NA,B2,-N,sb1,spb1,2,3,26.625
3203,JY,2018,PI 587143,A682,Havelock,282+N-N,yes,35,No,NA,B2,-N,sb1,spb1,2,3,20
3205,NA,NA,NA,NA,NA,NA,NA,NA,NA,NA,B2,-N,sb1,spb1,2,3,23.425
3207,JY,2018,PI 587140,A632,Havelock,282+N-N,yes,35,No,NA,B2,-N,sb1,spb1,2,3,21.35
3209,JY,2018,PI 594046,B103,Havelock,282+N-N,yes,35,No,NA,B2,-N,sb1,spb1,2,3,22.825
3211,JY,2018,PI 550483,B76,Havelock,282+N-N,yes,35,No,NA,B2,-N,sb1,spb1,2,3,27.7
3213,JY,2018,Ames 19313,C123,Havelock,282+N-N,yes,35,No,NA,B2,-N,sb1,spb1,2,3,NA
3215,JY,2018,check,NA,Havelock,282+N-N,yes,35,No,NA,B2,-N,sb1,spb1,2,3,23.75
3217,JY,2018,Ames 24734,MS153,Havelock,282+N-N,yes,35,No,NA,B2,-N,sb1,spb2,2,3,23.8
3219,JY,2018,PI 587129,H99,Havelock,282+N-N,yes,35,No,NA,B2,-N,sb1,spb2,2,3,19.4666666666667
3221,JY,2018,check,NA,Havelock,282+N-N,yes,35,No,NA,B2,-N,sb1,spb2,2,3,NA
3223,JY,2018,Ames 27106,CO125,Havelock,282+N-N,yes,35,No,NA,B2,-N,sb1,spb2,2,3,21.2666666666667
3225,JY,2018,Ames 27107,CO255,Havelock,282+N-N,yes,35,No,NA,B2,-N,sb1,spb2,2,3,20.0166666666667
3227,JY,2018,PI 587127,H105W,Havelock,282+N-N,yes,35,No,NA,B2,-N,sb1,spb2,2,3,NA
3229,JY,2018,PI 257507,F7,Havelock,282+N-N,yes,35,No,NA,B2,-N,sb1,spb2,2,3,17.26
3231,JY,2018,Ames 27105,CO106,Havelock,282+N-N,yes,35,No,NA,B2,-N,sb1,spb2,2,3,24.15
3233,NA,NA,NA,NA,NA,NA,NA,NA,NA,NA,B2,-N,sb1,spb3,2,3,23.4
3235,JY,2018,PI 531085,NC262,Havelock,282+N-N,yes,35,No,NA,B2,-N,sb1,spb3,2,3,22.3666666666667
3237,JY,2018,Ames 27183,Oh43E,Havelock,282+N-N,yes,35,No,NA,B2,-N,sb1,spb3,2,3,21.75
3239,JY,2018,Ames 19330,W182B,Havelock,282+N-N,yes,35,No,NA,B2,-N,sb1,spb3,2,3,21.25
3241,JY,2018,Ames 27152,NC312,Havelock,282+N-N,yes,35,No,NA,B2,-N,sb1,spb3,2,3,NA
3243,JY,2018,Ames 27162,NC332,Havelock,282+N-N,yes,35,No,NA,B2,-N,sb1,spb3,2,3,16.4
3245,JY,2018,Ames 27137,N6,Havelock,282+N-N,yes,35,No,NA,B2,-N,sb1,spb3,2,3,24.9
3247,JY,2018,Ames 27154,NC316,Havelock,282+N-N,yes,35,No,NA,B2,-N,sb1,spb3,2,3,21.9
3249,JY,2018,Ames 27093,CML311,Havelock,282+N-N,yes,35,No,NA,B2,-N,sb2,spb1,2,3,NA
3251,JY,2018,Ames 27095,CML321,Havelock,282+N-N,yes,35,No,NA,B2,-N,sb2,spb1,2,3,NA
3253,NA,NA,NA,NA,NA,NA,NA,NA,NA,NA,B2,-N,sb2,spb1,2,3,22.4
3255,JY,2018,Ames 27086,CML218,Havelock,282+N-N,yes,35,No,NA,B2,-N,sb2,spb1,2,3,22.95
3257,JY,2018,Ames 27090,CML258,Havelock,282+N-N,yes,35,No,NA,B2,-N,sb2,spb1,2,3,NA
3259,NA,NA,NA,NA,NA,NA,NA,NA,NA,NA,B2,-N,sb2,spb1,2,3,24.22
3261,JY,2018,PI 595565,CML287,Havelock,282+N-N,yes,35,No,NA,B2,-N,sb2,spb1,2,3,NA
3263,JY,2018,Ames 27071,CML5,Havelock,282+N-N,yes,35,No,NA,B2,-N,sb2,spb1,2,3,NA
3265,NA,NA,NA,NA,NA,NA,NA,NA,NA,NA,B2,-N,sb2,spb2,2,3,21.375
3267,JY,2018,NSL 22894,F6,Havelock,282+N-N,yes,35,No,NA,B2,-N,sb2,spb2,2,3,NA
3269,NA,NA,NA,NA,NA,NA,NA,NA,NA,NA,B2,-N,sb2,spb2,2,3,22.25
3271,JY,2018,Ames 27110,E2558W,Havelock,282+N-N,yes,35,No,NA,B2,-N,sb2,spb2,2,3,NA
3273,JY,2018,Ames 27139,NC33,Havelock,282+N-N,yes,35,No,NA,B2,-N,sb2,spb2,2,3,NA
3275,JY,2018,PI 587144,Mo24W,Havelock,282+N-N,yes,35,No,NA,B2,-N,sb2,spb2,2,3,29.35
3277,JY,2018,PI 595561,CML52,Havelock,282+N-N,yes,35,No,NA,B2,-N,sb2,spb2,2,3,19.5
3279,JY,2018,NSL 22893,F44,Havelock,282+N-N,yes,35,No,NA,B2,-N,sb2,spb2,2,3,25.7
3281,JY,2018,PI 506248,Tzi10,Havelock,282+N-N,yes,35,No,NA,B2,-N,sb2,spb3,2,3,NA
3283,JY,2018,check,NA,Havelock,282+N-N,yes,35,No,NA,B2,-N,sb2,spb3,2,3,25.3
3285,JY,2018,PI 550522,T232,Havelock,282+N-N,yes,35,No,NA,B2,-N,sb2,spb3,2,3,21.1
3287,JY,2018,PI 506246,Tzi8,Havelock,282+N-N,yes,35,No,NA,B2,-N,sb2,spb3,2,3,NA
3289,JY,2018,Ames 22763,Tx601,Havelock,282+N-N,yes,35,No,NA,B2,-N,sb2,spb3,2,3,NA
3291,JY,2018,PI 506253,Tzi18,Havelock,282+N-N,yes,35,No,NA,B2,-N,sb2,spb3,2,3,25.5
3293,JY,2018,Ames 27169,NC346,Havelock,282+N-N,yes,35,No,NA,B2,-N,sb2,spb3,2,3,NA
3295,JY,2018,Ames 26808,Ill.Hy,Havelock,282+N-N,yes,35,No,NA,B2,-N,sb2,spb3,2,3,27.4
3301,JY,2018,PI 550465,B68,Havelock,282+N-N,yes,35,No,NA,B2,-N,sb3,spb1,2,3,NA
3303,JY,2018,PI 597927,B109,Havelock,282+N-N,yes,35,No,NA,B2,-N,sb3,spb1,2,3,25.2333333333333
3305,JY,2018,PI 550473,B73,Havelock,282+N-N,yes,35,No,NA,B2,-N,sb3,spb1,2,3,27.1
3307,JY,2018,Ames 27066,B164,Havelock,282+N-N,yes,35,No,NA,B2,-N,sb3,spb1,2,3,22.35
3309,JY,2018,Ames 27065,B73Htrhm,Havelock,282+N-N,yes,35,No,NA,B2,-N,sb3,spb1,2,3,22
3311,JY,2018,Ames 26116,CI3A,Havelock,282+N-N,yes,35,No,NA,B2,-N,sb3,spb1,2,3,26.12
3313,JY,2018,PI 587130,4722,Havelock,282+N-N,yes,35,No,NA,B2,-N,sb3,spb1,2,3,20.2
3315,JY,2018,check,NA,Havelock,282+N-N,yes,35,No,NA,B2,-N,sb3,spb1,2,3,NA
3317,JY,2018,PI 550558,DE811,Havelock,282+N-N,yes,35,No,NA,B2,-N,sb3,spb2,2,3,23.2
3319,JY,2018,Ames 27140,NC260,Havelock,282+N-N,yes,35,No,NA,B2,-N,sb3,spb2,2,3,22.975
3321,JY,2018,Ames 27168,NC344,Havelock,282+N-N,yes,35,No,NA,B2,-N,sb3,spb2,2,3,19.9
3323,JY,2018,Ames 27133,M37W,Havelock,282+N-N,yes,35,No,NA,B2,-N,sb3,spb2,2,3,24.15
3325,JY,2018,NSL 65873,L317,Havelock,282+N-N,yes,35,No,NA,B2,-N,sb3,spb2,2,3,25.8
3327,NA,NA,NA,NA,NA,NA,NA,NA,NA,NA,B2,-N,sb3,spb2,2,3,22.2
3329,JY,2018,Ames 27151,NC310,Havelock,282+N-N,yes,35,No,NA,B2,-N,sb3,spb2,2,3,26.7
3331,JY,2018,check,NA,Havelock,282+N-N,yes,35,No,NA,B2,-N,sb3,spb2,2,3,26.1666666666667
3333,JY,2018,PI 550518,T8,Havelock,282+N-N,yes,35,No,NA,B2,-N,sb3,spb3,2,3,21.9
3335,JY,2018,PI 257506,F2,Havelock,282+N-N,yes,35,No,NA,B2,-N,sb3,spb3,2,3,20.825
3337,JY,2018,Ames 28290,C49,Havelock,282+N-N,yes,35,No,NA,B2,-N,sb3,spb3,2,3,25.32
3339,JY,2018,PI 592734,R229,Havelock,282+N-N,yes,35,No,NA,B2,-N,sb3,spb3,2,3,24
3341,JY,2018,NSL 65874,Os420,Havelock,282+N-N,yes,35,No,NA,B2,-N,sb3,spb3,2,3,NA
3343,JY,2018,PI 606768,SD40,Havelock,282+N-N,yes,35,No,NA,B2,-N,sb3,spb3,2,3,21.525
3345,JY,2018,Ames 22748,H100,Havelock,282+N-N,yes,35,No,NA,B2,-N,sb3,spb3,2,3,24.8
3347,NA,NA,NA,NA,NA,NA,NA,NA,NA,NA,B2,-N,sb3,spb3,2,3,22.8
3349,JY,2018,check,NA,Havelock,282+N-N,yes,35,No,NA,B2,-N,sb4,spb1,2,3,24.025
3351,JY,2018,Ames 27087,CML220,Havelock,282+N-N,yes,35,No,NA,B2,-N,sb4,spb1,2,3,26.25
3353,JY,2018,Ames 27120,Il677a,Havelock,282+N-N,yes,35,No,NA,B2,-N,sb4,spb1,2,3,31
3355,JY,2018,PI 608766,B79,Havelock,282+N-N,yes,35,No,NA,B2,-N,sb4,spb1,2,3,NA
3357,JY,2018,Ames 27112,F2834T,Havelock,282+N-N,yes,35,No,NA,B2,-N,sb4,spb1,2,3,NA
3359,JY,2018,Ames 19284,C103,Havelock,282+N-N,yes,35,No,NA,B2,-N,sb4,spb1,2,3,NA
3361,JY,2018,Ames 19319,H95,Havelock,282+N-N,yes,35,No,NA,B2,-N,sb4,spb1,2,3,23.3
3363,JY,2018,PI 550472,B57,Havelock,282+N-N,yes,35,No,NA,B2,-N,sb4,spb1,2,3,26.64
3365,JY,2018,Ames 27141,NC290A,Havelock,282+N-N,yes,35,No,NA,B2,-N,sb4,spb2,2,3,NA
3367,JY,2018,check,NA,Havelock,282+N-N,yes,35,No,NA,B2,-N,sb4,spb2,2,3,26.4
3369,JY,2018,Ames 27164,NC336,Havelock,282+N-N,yes,35,No,NA,B2,-N,sb4,spb2,2,3,NA
3371,JY,2018,PI 583351,Mo46,Havelock,282+N-N,yes,35,No,NA,B2,-N,sb4,spb2,2,3,27.4
3373,JY,2018,check,NA,Havelock,282+N-N,yes,35,No,NA,B2,-N,sb4,spb2,2,3,NA
3375,JY,2018,PI 543916,Mp339,Havelock,282+N-N,yes,35,No,NA,B2,-N,sb4,spb2,2,3,NA
3377,JY,2018,Ames 12735,NC238,Havelock,282+N-N,yes,35,No,NA,B2,-N,sb4,spb2,2,3,NA
3379,JY,2018,Ames 27134,M162W,Havelock,282+N-N,yes,35,No,NA,B2,-N,sb4,spb2,2,3,NA
3381,JY,2018,Ames 27194,W401,Havelock,282+N-N,yes,35,No,NA,B2,-N,sb4,spb3,2,3,NA
3383,JY,2018,check,NA,Havelock,282+N-N,yes,35,No,NA,B2,-N,sb4,spb3,2,3,23.8
3385,JY,2018,Ames 27176,NC360,Havelock,282+N-N,yes,35,No,NA,B2,-N,sb4,spb3,2,3,20.94
3387,JY,2018,NSL 30053,W22,Havelock,282+N-N,yes,35,No,NA,B2,-N,sb4,spb3,2,3,22.45
3389,NA,NA,NA,NA,NA,NA,NA,NA,NA,NA,B2,-N,sb4,spb3,2,3,NA
3391,JY,2018,PI 587152,W64A,Havelock,282+N-N,yes,35,No,NA,B2,-N,sb4,spb3,2,3,25.22
3393,JY,2018,Ames 27174,NC356,Havelock,282+N-N,yes,35,No,NA,B2,-N,sb4,spb3,2,3,20.55
3395,JY,2018,Ames 27193,Va85,Havelock,282+N-N,yes,35,No,NA,B2,-N,sb4,spb3,2,3,NA
3401,JY,2018,PI 587142,A679,Havelock,282+N-N,yes,35,No,NA,B2,-N,sb3,spb1,2,3,23.25
3403,NA,NA,NA,NA,NA,NA,NA,NA,NA,NA,B2,-N,sb3,spb1,2,3,22.3
3405,JY,2018,Ames 23503,A680,Havelock,282+N-N,yes,35,No,NA,B2,-N,sb3,spb1,2,3,22.35
3407,JY,2018,PI 550467,B37,Havelock,282+N-N,yes,35,No,NA,B2,-N,sb3,spb1,2,3,NA
3409,JY,2018,PI 550454,B52,Havelock,282+N-N,yes,35,No,NA,B2,-N,sb3,spb1,2,3,25.8
3411,NA,NA,NA,NA,NA,NA,NA,NA,NA,NA,B2,-N,sb3,spb1,2,3,NA
3413,JY,2018,NSL 30904,4226,Havelock,282+N-N,yes,35,No,NA,B2,-N,sb3,spb1,2,3,21.3
3415,JY,2018,PI 564682,B97,Havelock,282+N-N,yes,35,No,NA,B2,-N,sb3,spb1,2,3,23.75
3417,JY,2018,check,NA,Havelock,282+N-N,yes,35,No,NA,B2,-N,sb3,spb2,2,3,23.175
3419,JY,2018,Ames 27143,NC294,Havelock,282+N-N,yes,35,No,NA,B2,-N,sb3,spb2,2,3,18.3
3421,JY,2018,Ames 27167,NC342,Havelock,282+N-N,yes,35,No,NA,B2,-N,sb3,spb2,2,3,22.7
3423,JY,2018,Ames 27159,NC326,Havelock,282+N-N,yes,35,No,NA,B2,-N,sb3,spb2,2,3,29.7
3425,JY,2018,PI 583350,Mo45,Havelock,282+N-N,yes,35,No,NA,B2,-N,sb3,spb2,2,3,24.55
3427,NA,NA,NA,NA,NA,NA,NA,NA,NA,NA,B2,-N,sb3,spb2,2,3,21.7
3429,JY,2018,Ames 27149,NC306,Havelock,282+N-N,yes,35,No,NA,B2,-N,sb3,spb2,2,3,20.7
3431,JY,2018,Ames 27081,CML103,Havelock,282+N-N,yes,35,No,NA,B2,-N,sb3,spb2,2,3,25.3666666666667
3433,JY,2018,check,NA,Havelock,282+N-N,yes,35,No,NA,B2,-N,sb3,spb3,2,3,24.75
3435,JY,2018,PI 587149,Va26,Havelock,282+N-N,yes,35,No,NA,B2,-N,sb3,spb3,2,3,NA
3437,JY,2018,Ames 27180,NC368,Havelock,282+N-N,yes,35,No,NA,B2,-N,sb3,spb3,2,3,28.15
3439,JY,2018,NSL 28966,Oh40B,Havelock,282+N-N,yes,35,No,NA,B2,-N,sb3,spb3,2,3,15.7
3441,NA,NA,NA,NA,NA,NA,NA,NA,NA,NA,B2,-N,sb3,spb3,2,3,23.325
3443,JY,2018,Ames 19328,Va22,Havelock,282+N-N,yes,35,No,NA,B2,-N,sb3,spb3,2,3,21.25
3445,JY,2018,PI 587125,CO109,Havelock,282+N-N,yes,35,No,NA,B2,-N,sb3,spb3,2,3,NA
3447,JY,2018,check,NA,Havelock,282+N-N,yes,35,No,NA,B2,-N,sb3,spb3,2,3,26.125
3449,JY,2018,Ames 27089,CML238,Havelock,282+N-N,yes,35,No,NA,B2,-N,sb4,spb1,2,3,NA
3451,NA,NA,NA,NA,NA,NA,NA,NA,NA,NA,B2,-N,sb4,spb1,2,3,NA
3453,JY,2018,PI 587131,HP301,Havelock,282+N-N,yes,35,No,NA,B2,-N,sb4,spb1,2,3,20.25
3455,JY,2018,Ames 27064,A441-5,Havelock,282+N-N,yes,35,No,NA,B2,-N,sb4,spb1,2,3,NA
3457,NA,NA,NA,NA,NA,NA,NA,NA,NA,NA,B2,-N,sb4,spb1,2,3,NA
3459,JY,2018,Ames 27116,I137TN,Havelock,282+N-N,yes,35,No,NA,B2,-N,sb4,spb1,2,3,23.1
3461,JY,2018,PI 594048,B105,Havelock,282+N-N,yes,35,No,NA,B2,-N,sb4,spb1,2,3,24.7
3463,JY,2018,Ames 27097,CML323,Havelock,282+N-N,yes,35,No,NA,B2,-N,sb4,spb1,2,3,NA
3465,NA,NA,NA,NA,NA,NA,NA,NA,NA,NA,B2,-N,sb4,spb2,2,3,21.66
3467,NA,NA,NA,NA,NA,NA,NA,NA,NA,NA,B2,-N,sb4,spb2,2,3,17.32
3469,JY,2018,Ames 27147,NC302,Havelock,282+N-N,yes,35,No,NA,B2,-N,sb4,spb2,2,3,22.6333333333333
3471,NA,NA,NA,NA,NA,NA,NA,NA,NA,NA,B2,-N,sb4,spb2,2,3,23.1333333333333
3473,JY,2018,Ames 27261,NC298,Havelock,282+N-N,yes,35,No,NA,B2,-N,sb4,spb2,2,3,20.15
3475,JY,2018,Ames 27171,NC350,Havelock,282+N-N,yes,35,No,NA,B2,-N,sb4,spb2,2,3,NA
3477,JY,2018,Ames 22754,K55,Havelock,282+N-N,yes,35,No,NA,B2,-N,sb4,spb2,2,3,22.5
3479,JY,2018,PI 550555,NC250,Havelock,282+N-N,yes,35,No,NA,B2,-N,sb4,spb2,2,3,22.5666666666667
3481,NA,NA,NA,NA,NA,NA,NA,NA,NA,NA,B2,-N,sb4,spb3,2,3,20.7
3483,JY,2018,Ames 27181,NC370,Havelock,282+N-N,yes,35,No,NA,B2,-N,sb4,spb3,2,3,NA
3485,JY,2018,check,NA,Havelock,282+N-N,yes,35,No,NA,B2,-N,sb4,spb3,2,3,NA
3487,JY,2018,Ames 27190,T234,Havelock,282+N-N,yes,35,No,NA,B2,-N,sb4,spb3,2,3,NA
3489,JY,2018,Ames 27182,NC372,Havelock,282+N-N,yes,35,No,NA,B2,-N,sb4,spb3,2,3,24.925
3491,JY,2018,Ames 27172,NC352,Havelock,282+N-N,yes,35,No,NA,B2,-N,sb4,spb3,2,3,NA
3493,JY,2018,PI 587151,Va102,Havelock,282+N-N,yes,35,No,NA,B2,-N,sb4,spb3,2,3,22.7666666666667
3495,JY,2018,Ames 27184,Pa762,Havelock,282+N-N,yes,35,No,NA,B2,-N,sb4,spb3,2,3,25.1
3501,JY,2018,PI 550461,B14A,Havelock,282+N-N,yes,35,No,NA,B2,-N,sb3,spb1,2,3,NA
3503,JY,2018,Ames 19314,CI64,Havelock,282+N-N,yes,35,No,NA,B2,-N,sb3,spb1,2,3,21.3
3505,JY,2018,PI 550469,B46,Havelock,282+N-N,yes,35,No,NA,B2,-N,sb3,spb1,2,3,NA
3507,JY,2018,PI 608767,B84,Havelock,282+N-N,yes,35,No,NA,B2,-N,sb3,spb1,2,3,NA
3509,JY,2018,PI 608765,B77,Havelock,282+N-N,yes,35,No,NA,B2,-N,sb3,spb1,2,3,21.975
3511,JY,2018,check,NA,Havelock,282+N-N,yes,35,No,NA,B2,-N,sb3,spb1,2,3,NA
3513,JY,2018,Ames 27069,CH701-30,Havelock,282+N-N,yes,35,No,NA,B2,-N,sb3,spb1,2,3,NA
3515,NA,NA,NA,NA,NA,NA,NA,NA,NA,NA,B2,-N,sb3,spb1,2,3,21.8
3517,JY,2018,Ames 27170,NC348,Havelock,282+N-N,yes,35,No,NA,B2,-N,sb3,spb2,2,3,19.725
3519,JY,2018,Ames 27118,Il14H,Havelock,282+N-N,yes,35,No,NA,B2,-N,sb3,spb2,2,3,NA
3521,NA,NA,NA,NA,NA,NA,NA,NA,NA,NA,B2,-N,sb3,spb2,2,3,21.9
3523,JY,2018,PI 531084,NC258,Havelock,282+N-N,yes,35,No,NA,B2,-N,sb3,spb2,2,3,NA
3525,JY,2018,PI 558532,Mo17,Havelock,282+N-N,yes,35,No,NA,B2,-N,sb3,spb2,2,3,NA
3527,JY,2018,Ames 28939,Mo44,Havelock,282+N-N,yes,35,No,NA,B2,-N,sb3,spb2,2,3,NA
3529,JY,2018,Ames 27114,H91,Havelock,282+N-N,yes,35,No,NA,B2,-N,sb3,spb2,2,3,NA
3531,JY,2018,Ames 27160,NC328,Havelock,282+N-N,yes,35,No,NA,B2,-N,sb3,spb2,2,3,22.9
3533,JY,2018,Ames 24989,Va99,Havelock,282+N-N,yes,35,No,NA,B2,-N,sb3,spb3,2,3,20.36
3535,JY,2018,PI 606330,DE2,Havelock,282+N-N,yes,35,No,NA,B2,-N,sb3,spb3,2,3,NA
3537,JY,2018,PI 517974,Pa880,Havelock,282+N-N,yes,35,No,NA,B2,-N,sb3,spb3,2,3,26.5
3539,NA,NA,NA,NA,NA,NA,NA,NA,NA,NA,B2,-N,sb3,spb3,2,3,20.025
3541,JY,2018,NSL 30894,R177,Havelock,282+N-N,yes,35,No,NA,B2,-N,sb3,spb3,2,3,NA
3543,JY,2018,Ames 26771,33-16,Havelock,282+N-N,yes,35,No,NA,B2,-N,sb3,spb3,2,3,24.7
3545,JY,2018,Ames 27178,NC364,Havelock,282+N-N,yes,35,No,NA,B2,-N,sb3,spb3,2,3,25.15
3547,JY,2018,Ames 19293,Wf9,Havelock,282+N-N,yes,35,No,NA,B2,-N,sb3,spb3,2,3,18.45
3549,JY,2018,PI 587128,H84,Havelock,282+N-N,yes,35,No,NA,B2,-N,sb4,spb1,2,3,NA
3551,NA,NA,NA,NA,NA,NA,NA,NA,NA,NA,B2,-N,sb4,spb1,2,3,19.15
3553,JY,2018,PI 606329,DE1,Havelock,282+N-N,yes,35,No,NA,B2,-N,sb4,spb1,2,3,28.625
3555,JY,2018,PI 587148,CI66,Havelock,282+N-N,yes,35,No,NA,B2,-N,sb4,spb1,2,3,NA
3557,JY,2018,Ames 27100,CML332,Havelock,282+N-N,yes,35,No,NA,B2,-N,sb4,spb1,2,3,NA
3559,JY,2018,check,NA,Havelock,282+N-N,yes,35,No,NA,B2,-N,sb4,spb1,2,3,23.325
3561,JY,2018,PI 594047,B104,Havelock,282+N-N,yes,35,No,NA,B2,-N,sb4,spb1,2,3,25.82
3563,JY,2018,Ames 22440,CI90C,Havelock,282+N-N,yes,35,No,NA,B2,-N,sb4,spb1,2,3,23.02
3565,JY,2018,Ames 27124,Ki11,Havelock,282+N-N,yes,35,No,NA,B2,-N,sb4,spb2,2,3,20.5
3567,JY,2018,PI 520774,NC264,Havelock,282+N-N,yes,35,No,NA,B2,-N,sb4,spb2,2,3,23
3569,JY,2018,Ames 27165,NC338,Havelock,282+N-N,yes,35,No,NA,B2,-N,sb4,spb2,2,3,NA
3571,JY,2018,Ames 12731,NC230,Havelock,282+N-N,yes,35,No,NA,B2,-N,sb4,spb2,2,3,NA
3573,JY,2018,Ames 27138,N28Ht,Havelock,282+N-N,yes,35,No,NA,B2,-N,sb4,spb2,2,3,23.425
3575,JY,2018,Ames 12734,NC236,Havelock,282+N-N,yes,35,No,NA,B2,-N,sb4,spb2,2,3,NA
3577,JY,2018,Ames 27158,NC324,Havelock,282+N-N,yes,35,No,NA,B2,-N,sb4,spb2,2,3,21.3
3579,JY,2018,Ames 27148,NC304,Havelock,282+N-N,yes,35,No,NA,B2,-N,sb4,spb2,2,3,NA
3581,JY,2018,Ames 27175,NC358,Havelock,282+N-N,yes,35,No,NA,B2,-N,sb4,spb3,2,3,21.5
3583,JY,2018,Ames 27185,Pa875,Havelock,282+N-N,yes,35,No,NA,B2,-N,sb4,spb3,2,3,19.025
3585,JY,2018,Ames 27163,NC334,Havelock,282+N-N,yes,35,No,NA,B2,-N,sb4,spb3,2,3,17.2
3587,JY,2018,Ames 27173,NC354,Havelock,282+N-N,yes,35,No,NA,B2,-N,sb4,spb3,2,3,19.22
3589,JY,2018,Ames 27177,NC362,Havelock,282+N-N,yes,35,No,NA,B2,-N,sb4,spb3,2,3,NA
3591,JY,2018,PI 573098,Oh603,Havelock,282+N-N,yes,35,No,NA,B2,-N,sb4,spb3,2,3,22
3593,JY,2018,Ames 19323,Oh7B,Havelock,282+N-N,yes,35,No,NA,B2,-N,sb4,spb3,2,3,23
3595,JY,2018,NSL 53094,SC357,Havelock,282+N-N,yes,35,No,NA,B2,-N,sb4,spb3,2,3,NA
4001,NA,NA,NA,NA,NA,NA,NA,NA,NA,NA,B2,+N,sb1,spb1,2,4,18
4003,JY,2018,check,NA,Havelock,282+N-N,yes,35,No,NA,B2,+N,sb1,spb1,2,4,24.0666666666667
4005,JY,2018,Ames 27100,CML332,Havelock,282+N-N,yes,35,No,NA,B2,+N,sb1,spb1,2,4,NA
4007,JY,2018,PI 587148,CI66,Havelock,282+N-N,yes,35,No,NA,B2,+N,sb1,spb1,2,4,22.4333333333333
4009,JY,2018,Ames 19284,C103,Havelock,282+N-N,yes,35,No,NA,B2,+N,sb1,spb1,2,4,20.425
4011,JY,2018,Ames 22440,CI90C,Havelock,282+N-N,yes,35,No,NA,B2,+N,sb1,spb1,2,4,NA
4013,JY,2018,Ames 27087,CML220,Havelock,282+N-N,yes,35,No,NA,B2,+N,sb1,spb1,2,4,25.84
4015,JY,2018,PI 608766,B79,Havelock,282+N-N,yes,35,No,NA,B2,+N,sb1,spb1,2,4,23.4
4017,NA,NA,NA,NA,NA,NA,NA,NA,NA,NA,B2,+N,sb1,spb2,2,4,21.5
4019,JY,2018,Ames 27148,NC304,Havelock,282+N-N,yes,35,No,NA,B2,+N,sb1,spb2,2,4,23.4
4021,JY,2018,PI 520774,NC264,Havelock,282+N-N,yes,35,No,NA,B2,+N,sb1,spb2,2,4,21
4023,JY,2018,Ames 12735,NC238,Havelock,282+N-N,yes,35,No,NA,B2,+N,sb1,spb2,2,4,20.9666666666667
4025,JY,2018,Ames 27124,Ki11,Havelock,282+N-N,yes,35,No,NA,B2,+N,sb1,spb2,2,4,NA
4027,JY,2018,Ames 27141,NC290A,Havelock,282+N-N,yes,35,No,NA,B2,+N,sb1,spb2,2,4,24.4
4029,JY,2018,Ames 12731,NC230,Havelock,282+N-N,yes,35,No,NA,B2,+N,sb1,spb2,2,4,15.6666666666667
4031,JY,2018,Ames 27164,NC336,Havelock,282+N-N,yes,35,No,NA,B2,+N,sb1,spb2,2,4,22.3333333333333
4033,JY,2018,Ames 27173,NC354,Havelock,282+N-N,yes,35,No,NA,B2,+N,sb1,spb3,2,4,22.2
4035,JY,2018,Ames 27190,T234,Havelock,282+N-N,yes,35,No,NA,B2,+N,sb1,spb3,2,4,22.125
4037,JY,2018,PI 587151,Va102,Havelock,282+N-N,yes,35,No,NA,B2,+N,sb1,spb3,2,4,22.6666666666667
4039,JY,2018,NSL 53094,SC357,Havelock,282+N-N,yes,35,No,NA,B2,+N,sb1,spb3,2,4,24.3333333333333
4041,JY,2018,Ames 27194,W401,Havelock,282+N-N,yes,35,No,NA,B2,+N,sb1,spb3,2,4,19.2
4043,JY,2018,check,NA,Havelock,282+N-N,yes,35,No,NA,B2,+N,sb1,spb3,2,4,24.6666666666667
4045,JY,2018,PI 573098,Oh603,Havelock,282+N-N,yes,35,No,NA,B2,+N,sb1,spb3,2,4,19.25
4047,JY,2018,Ames 27163,NC334,Havelock,282+N-N,yes,35,No,NA,B2,+N,sb1,spb3,2,4,15.5
4049,JY,2018,PI 595565,CML287,Havelock,282+N-N,yes,35,No,NA,B2,+N,sb2,spb1,2,4,NA
4051,JY,2018,Ames 27090,CML258,Havelock,282+N-N,yes,35,No,NA,B2,+N,sb2,spb1,2,4,NA
4053,JY,2018,Ames 27095,CML321,Havelock,282+N-N,yes,35,No,NA,B2,+N,sb2,spb1,2,4,NA
4055,NA,NA,NA,NA,NA,NA,NA,NA,NA,NA,B2,+N,sb2,spb1,2,4,24.375
4057,JY,2018,Ames 27091,CML261,Havelock,282+N-N,yes,35,No,NA,B2,+N,sb2,spb1,2,4,NA
4059,JY,2018,PI 595542,CML254,Havelock,282+N-N,yes,35,No,NA,B2,+N,sb2,spb1,2,4,NA
4061,JY,2018,PI 406112,A214N,Havelock,282+N-N,yes,35,No,NA,B2,+N,sb2,spb1,2,4,16.3571428571429
4063,JY,2018,Ames 27085,CML158Q,Havelock,282+N-N,yes,35,No,NA,B2,+N,sb2,spb1,2,4,24.1
4065,JY,2018,Ames 27121,K64,Havelock,282+N-N,yes,35,No,NA,B2,+N,sb2,spb2,2,4,30.1
4067,JY,2018,check,NA,Havelock,282+N-N,yes,35,No,NA,B2,+N,sb2,spb2,2,4,26.3333333333333
4069,NA,NA,NA,NA,NA,NA,NA,NA,NA,NA,B2,+N,sb2,spb2,2,4,26.78
4071,NA,NA,NA,NA,NA,NA,NA,NA,NA,NA,B2,+N,sb2,spb2,2,4,25.0833333333333
4073,JY,2018,PI 595561,CML52,Havelock,282+N-N,yes,35,No,NA,B2,+N,sb2,spb2,2,4,16.8571428571429
4075,JY,2018,Ames 27139,NC33,Havelock,282+N-N,yes,35,No,NA,B2,+N,sb2,spb2,2,4,NA
4077,JY,2018,NSL 22893,F44,Havelock,282+N-N,yes,35,No,NA,B2,+N,sb2,spb2,2,4,18.7833333333333
4079,JY,2018,Ames 27113,GT112,Havelock,282+N-N,yes,35,No,NA,B2,+N,sb2,spb2,2,4,23
4081,JY,2018,PI 550522,T232,Havelock,282+N-N,yes,35,No,NA,B2,+N,sb2,spb3,2,4,19.42
4083,JY,2018,PI 506247,Tzi9,Havelock,282+N-N,yes,35,No,NA,B2,+N,sb2,spb3,2,4,22.6666666666667
4085,JY,2018,check,NA,Havelock,282+N-N,yes,35,No,NA,B2,+N,sb2,spb3,2,4,25.1333333333333
4087,NA,NA,NA,NA,NA,NA,NA,NA,NA,NA,B2,+N,sb2,spb3,2,4,22.5
4089,JY,2018,PI 506253,Tzi18,Havelock,282+N-N,yes,35,No,NA,B2,+N,sb2,spb3,2,4,23.3333333333333
4091,JY,2018,Ames 22763,Tx601,Havelock,282+N-N,yes,35,No,NA,B2,+N,sb2,spb3,2,4,NA
4093,JY,2018,Ames 27136,Mo.G,Havelock,282+N-N,yes,35,No,NA,B2,+N,sb2,spb3,2,4,23.75
4095,NA,NA,NA,NA,NA,NA,NA,NA,NA,NA,B2,+N,sb2,spb3,2,4,16.5
4101,NA,NA,NA,NA,NA,NA,NA,NA,NA,NA,B2,+N,sb1,spb1,2,4,23.45
4103,JY,2018,PI 594047,B104,Havelock,282+N-N,yes,35,No,NA,B2,+N,sb1,spb1,2,4,24.475
4105,NA,NA,NA,NA,NA,NA,NA,NA,NA,NA,B2,+N,sb1,spb1,2,4,18.6333333333333
4107,JY,2018,PI 587131,HP301,Havelock,282+N-N,yes,35,No,NA,B2,+N,sb1,spb1,2,4,18.75
4109,JY,2018,Ames 19319,H95,Havelock,282+N-N,yes,35,No,NA,B2,+N,sb1,spb1,2,4,21.42
4111,JY,2018,Ames 27089,CML238,Havelock,282+N-N,yes,35,No,NA,B2,+N,sb1,spb1,2,4,NA
4113,JY,2018,Ames 27120,Il677a,Havelock,282+N-N,yes,35,No,NA,B2,+N,sb1,spb1,2,4,22.7
4115,JY,2018,PI 606329,DE1,Havelock,282+N-N,yes,35,No,NA,B2,+N,sb1,spb1,2,4,25.325
4117,JY,2018,Ames 27158,NC324,Havelock,282+N-N,yes,35,No,NA,B2,+N,sb1,spb2,2,4,19.6
4119,JY,2018,Ames 27134,M162W,Havelock,282+N-N,yes,35,No,NA,B2,+N,sb1,spb2,2,4,22.35
4121,JY,2018,Ames 27171,NC350,Havelock,282+N-N,yes,35,No,NA,B2,+N,sb1,spb2,2,4,18
4123,JY,2018,check,NA,Havelock,282+N-N,yes,35,No,NA,B2,+N,sb1,spb2,2,4,NA
4125,JY,2018,Ames 27261,NC298,Havelock,282+N-N,yes,35,No,NA,B2,+N,sb1,spb2,2,4,17.7333333333333
4127,JY,2018,Ames 12734,NC236,Havelock,282+N-N,yes,35,No,NA,B2,+N,sb1,spb2,2,4,18.32
4129,JY,2018,Ames 27165,NC338,Havelock,282+N-N,yes,35,No,NA,B2,+N,sb1,spb2,2,4,NA
4131,JY,2018,Ames 27138,N28Ht,Havelock,282+N-N,yes,35,No,NA,B2,+N,sb1,spb2,2,4,26
4133,JY,2018,Ames 19323,Oh7B,Havelock,282+N-N,yes,35,No,NA,B2,+N,sb1,spb3,2,4,24.2
4135,JY,2018,Ames 27185,Pa875,Havelock,282+N-N,yes,35,No,NA,B2,+N,sb1,spb3,2,4,18.7
4137,NA,NA,NA,NA,NA,NA,NA,NA,NA,NA,B2,+N,sb1,spb3,2,4,21.4333333333333
4139,JY,2018,Ames 27177,NC362,Havelock,282+N-N,yes,35,No,NA,B2,+N,sb1,spb3,2,4,23.7
4141,JY,2018,Ames 27182,NC372,Havelock,282+N-N,yes,35,No,NA,B2,+N,sb1,spb3,2,4,25.6333333333333
4143,JY,2018,Ames 27176,NC360,Havelock,282+N-N,yes,35,No,NA,B2,+N,sb1,spb3,2,4,20.7
4145,JY,2018,NSL 30053,W22,Havelock,282+N-N,yes,35,No,NA,B2,+N,sb1,spb3,2,4,23.0666666666667
4147,JY,2018,Ames 27174,NC356,Havelock,282+N-N,yes,35,No,NA,B2,+N,sb1,spb3,2,4,21.3666666666667
4149,NA,NA,NA,NA,NA,NA,NA,NA,NA,NA,B2,+N,sb2,spb1,2,4,21.2
4151,JY,2018,Ames 27101,CML333,Havelock,282+N-N,yes,35,No,NA,B2,+N,sb2,spb1,2,4,22.9666666666667
4153,JY,2018,Ames 27072,CML10,Havelock,282+N-N,yes,35,No,NA,B2,+N,sb2,spb1,2,4,NA
4155,JY,2018,Ames 27094,CML314,Havelock,282+N-N,yes,35,No,NA,B2,+N,sb2,spb1,2,4,NA
4157,JY,2018,check,NA,Havelock,282+N-N,yes,35,No,NA,B2,+N,sb2,spb1,2,4,26.4666666666667
4159,JY,2018,PI 595550,CML277,Havelock,282+N-N,yes,35,No,NA,B2,+N,sb2,spb1,2,4,21.2
4161,JY,2018,Ames 27093,CML311,Havelock,282+N-N,yes,35,No,NA,B2,+N,sb2,spb1,2,4,NA
4163,JY,2018,Ames 27086,CML218,Havelock,282+N-N,yes,35,No,NA,B2,+N,sb2,spb1,2,4,20.8
4165,JY,2018,PI 587144,Mo24W,Havelock,282+N-N,yes,35,No,NA,B2,+N,sb2,spb2,2,4,30.9666666666667
4167,JY,2018,Ames 27155,NC318,Havelock,282+N-N,yes,35,No,NA,B2,+N,sb2,spb2,2,4,15.15
4169,JY,2018,Ames 27108,D940Y,Havelock,282+N-N,yes,35,No,NA,B2,+N,sb2,spb2,2,4,NA
4171,JY,2018,NSL 22894,F6,Havelock,282+N-N,yes,35,No,NA,B2,+N,sb2,spb2,2,4,18.6666666666667
4173,NA,NA,NA,NA,NA,NA,NA,NA,NA,NA,B2,+N,sb2,spb2,2,4,23
4175,JY,2018,Ames 28184,CML69,Havelock,282+N-N,yes,35,No,NA,B2,+N,sb2,spb2,2,4,NA
4177,JY,2018,Ames 27144,NC296,Havelock,282+N-N,yes,35,No,NA,B2,+N,sb2,spb2,2,4,17.4333333333333
4179,JY,2018,Ames 27079,CML91,Havelock,282+N-N,yes,35,No,NA,B2,+N,sb2,spb2,2,4,18.2
4181,NA,NA,NA,NA,NA,NA,NA,NA,NA,NA,B2,+N,sb2,spb3,2,4,22.8
4183,JY,2018,Ames 27189,SC55,Havelock,282+N-N,yes,35,No,NA,B2,+N,sb2,spb3,2,4,23.875
4185,JY,2018,Ames 26808,Ill.Hy,Havelock,282+N-N,yes,35,No,NA,B2,+N,sb2,spb3,2,4,24.98
4187,JY,2018,Ames 27169,NC346,Havelock,282+N-N,yes,35,No,NA,B2,+N,sb2,spb3,2,4,21.1
4189,JY,2018,PI 540745,Tzi11,Havelock,282+N-N,yes,35,No,NA,B2,+N,sb2,spb3,2,4,21.2
4191,JY,2018,check,NA,Havelock,282+N-N,yes,35,No,NA,B2,+N,sb2,spb3,2,4,24.1666666666667
4193,JY,2018,PI 506248,Tzi10,Havelock,282+N-N,yes,35,No,NA,B2,+N,sb2,spb3,2,4,NA
4195,JY,2018,PI 587147,Pa91,Havelock,282+N-N,yes,35,No,NA,B2,+N,sb2,spb3,2,4,24
4201,JY,2018,Ames 27064,A441-5,Havelock,282+N-N,yes,35,No,NA,B2,+N,sb1,spb1,2,4,NA
4203,JY,2018,PI 594048,B105,Havelock,282+N-N,yes,35,No,NA,B2,+N,sb1,spb1,2,4,28.3
4205,JY,2018,PI 587128,H84,Havelock,282+N-N,yes,35,No,NA,B2,+N,sb1,spb1,2,4,20.68
4207,JY,2018,Ames 27112,F2834T,Havelock,282+N-N,yes,35,No,NA,B2,+N,sb1,spb1,2,4,NA
4209,JY,2018,check,NA,Havelock,282+N-N,yes,35,No,NA,B2,+N,sb1,spb1,2,4,25.2333333333333
4211,JY,2018,Ames 27097,CML323,Havelock,282+N-N,yes,35,No,NA,B2,+N,sb1,spb1,2,4,22.2666666666667
4213,JY,2018,Ames 27116,I137TN,Havelock,282+N-N,yes,35,No,NA,B2,+N,sb1,spb1,2,4,NA
4215,JY,2018,PI 550472,B57,Havelock,282+N-N,yes,35,No,NA,B2,+N,sb1,spb1,2,4,23.575
4217,JY,2018,Ames 22754,K55,Havelock,282+N-N,yes,35,No,NA,B2,+N,sb1,spb2,2,4,30.075
4219,JY,2018,Ames 27147,NC302,Havelock,282+N-N,yes,35,No,NA,B2,+N,sb1,spb2,2,4,19.6
4221,JY,2018,PI 550555,NC250,Havelock,282+N-N,yes,35,No,NA,B2,+N,sb1,spb2,2,4,23.525
4223,JY,2018,PI 583351,Mo46,Havelock,282+N-N,yes,35,No,NA,B2,+N,sb1,spb2,2,4,23
4225,NA,NA,NA,NA,NA,NA,NA,NA,NA,NA,B2,+N,sb1,spb2,2,4,19.75
4227,NA,NA,NA,NA,NA,NA,NA,NA,NA,NA,B2,+N,sb1,spb2,2,4,19.46
4229,JY,2018,PI 543916,Mp339,Havelock,282+N-N,yes,35,No,NA,B2,+N,sb1,spb2,2,4,24.95
4231,JY,2018,check,NA,Havelock,282+N-N,yes,35,No,NA,B2,+N,sb1,spb2,2,4,26.4666666666667
4233,JY,2018,Ames 27172,NC352,Havelock,282+N-N,yes,35,No,NA,B2,+N,sb1,spb3,2,4,22.46
4235,JY,2018,Ames 27184,Pa762,Havelock,282+N-N,yes,35,No,NA,B2,+N,sb1,spb3,2,4,21.68
4237,JY,2018,check,NA,Havelock,282+N-N,yes,35,No,NA,B2,+N,sb1,spb3,2,4,25.1333333333333
4239,JY,2018,Ames 27193,Va85,Havelock,282+N-N,yes,35,No,NA,B2,+N,sb1,spb3,2,4,20.4
4241,JY,2018,Ames 27175,NC358,Havelock,282+N-N,yes,35,No,NA,B2,+N,sb1,spb3,2,4,20.66
4243,NA,NA,NA,NA,NA,NA,NA,NA,NA,NA,B2,+N,sb1,spb3,2,4,26.6333333333333
4245,JY,2018,PI 587152,W64A,Havelock,282+N-N,yes,35,No,NA,B2,+N,sb1,spb3,2,4,25.5
4247,JY,2018,Ames 27181,NC370,Havelock,282+N-N,yes,35,No,NA,B2,+N,sb1,spb3,2,4,NA
4249,JY,2018,check,NA,Havelock,282+N-N,yes,35,No,NA,B2,+N,sb2,spb1,2,4,24.6666666666667
4251,JY,2018,Ames 27102,CML341,Havelock,282+N-N,yes,35,No,NA,B2,+N,sb2,spb1,2,4,NA
4253,JY,2018,Ames 27082,CML108,Havelock,282+N-N,yes,35,No,NA,B2,+N,sb2,spb1,2,4,28
4255,JY,2018,Ames 27071,CML5,Havelock,282+N-N,yes,35,No,NA,B2,+N,sb2,spb1,2,4,NA
4257,JY,2018,Ames 27074,CML14,Havelock,282+N-N,yes,35,No,NA,B2,+N,sb2,spb1,2,4,NA
4259,JY,2018,Ames 26604,38-11,Havelock,282+N-N,yes,35,No,NA,B2,+N,sb2,spb1,2,4,24.15
4261,JY,2018,Ames 27088,CML228,Havelock,282+N-N,yes,35,No,NA,B2,+N,sb2,spb1,2,4,NA
4263,NA,NA,NA,NA,NA,NA,NA,NA,NA,NA,B2,+N,sb2,spb1,2,4,23.3666666666667
4265,JY,2018,Ames 27156,NC320,Havelock,282+N-N,yes,35,No,NA,B2,+N,sb2,spb2,2,4,21.075
4267,JY,2018,Ames 12729,NC222,Havelock,282+N-N,yes,35,No,NA,B2,+N,sb2,spb2,2,4,18.9666666666667
4269,JY,2018,Ames 27080,CML92,Havelock,282+N-N,yes,35,No,NA,B2,+N,sb2,spb2,2,4,25.2
4271,JY,2018,check,NA,Havelock,282+N-N,yes,35,No,NA,B2,+N,sb2,spb2,2,4,NA
4273,JY,2018,Ames 27110,E2558W,Havelock,282+N-N,yes,35,No,NA,B2,+N,sb2,spb2,2,4,17.22
4275,JY,2018,Ames 10248,GA209,Havelock,282+N-N,yes,35,No,NA,B2,+N,sb2,spb2,2,4,21.3
4277,JY,2018,NSL 30038,K4,Havelock,282+N-N,yes,35,No,NA,B2,+N,sb2,spb2,2,4,23.175
4279,JY,2018,Ames 27078,CML61,Havelock,282+N-N,yes,35,No,NA,B2,+N,sb2,spb2,2,4,NA
4281,JY,2018,Ames 27179,NC366,Havelock,282+N-N,yes,35,No,NA,B2,+N,sb2,spb3,2,4,21.1666666666667
4283,JY,2018,PI 587145,NC268,Havelock,282+N-N,yes,35,No,NA,B2,+N,sb2,spb3,2,4,17.525
4285,JY,2018,PI 506255,Tzi25,Havelock,282+N-N,yes,35,No,NA,B2,+N,sb2,spb3,2,4,23.7
4287,JY,2018,PI 558520,Mo1W,Havelock,282+N-N,yes,35,No,NA,B2,+N,sb2,spb3,2,4,23.325
4289,JY,2018,PI 587136,Ky228,Havelock,282+N-N,yes,35,No,NA,B2,+N,sb2,spb3,2,4,19.9333333333333
4291,JY,2018,PI 587137,Ms71,Havelock,282+N-N,yes,35,No,NA,B2,+N,sb2,spb3,2,4,NA
4293,JY,2018,PI 506246,Tzi8,Havelock,282+N-N,yes,35,No,NA,B2,+N,sb2,spb3,2,4,NA
4295,JY,2018,Ames 27166,NC340,Havelock,282+N-N,yes,35,No,NA,B2,+N,sb2,spb3,2,4,26.7
4301,JY,2018,Ames 27067,C49A,Havelock,282+N-N,yes,35,No,NA,B2,+N,sb3,spb1,2,4,28.4
4303,JY,2018,Ames 22443,A188,Havelock,282+N-N,yes,35,No,NA,B2,+N,sb3,spb1,2,4,21.25
4305,JY,2018,PI 587140,A632,Havelock,282+N-N,yes,35,No,NA,B2,+N,sb3,spb1,2,4,20.75
4307,JY,2018,NSL 81599,A659,Havelock,282+N-N,yes,35,No,NA,B2,+N,sb3,spb1,2,4,22.24
4309,JY,2018,PI 587143,A682,Havelock,282+N-N,yes,35,No,NA,B2,+N,sb3,spb1,2,4,19.75
4311,JY,2018,PI 594046,B103,Havelock,282+N-N,yes,35,No,NA,B2,+N,sb3,spb1,2,4,20.76
4313,JY,2018,Ames 19308,A634,Havelock,282+N-N,yes,35,No,NA,B2,+N,sb3,spb1,2,4,19.9
4315,JY,2018,check,NA,Havelock,282+N-N,yes,35,No,NA,B2,+N,sb3,spb1,2,4,22.3333333333333
4317,JY,2018,PI 583352,Mo47,Havelock,282+N-N,yes,35,No,NA,B2,+N,sb3,spb2,2,4,NA
4319,JY,2018,Ames 20190,CM37,Havelock,282+N-N,yes,35,No,NA,B2,+N,sb3,spb2,2,4,24.375
4321,JY,2018,Ames 27070,CM7,Havelock,282+N-N,yes,35,No,NA,B2,+N,sb3,spb2,2,4,21.0166666666667
4323,JY,2018,PI 587124,CM105,Havelock,282+N-N,yes,35,No,NA,B2,+N,sb3,spb2,2,4,25.8
4325,JY,2018,PI 587129,H99,Havelock,282+N-N,yes,35,No,NA,B2,+N,sb3,spb2,2,4,20.98
4327,JY,2018,Ames 27105,CO106,Havelock,282+N-N,yes,35,No,NA,B2,+N,sb3,spb2,2,4,23.325
4329,JY,2018,PI 550566,N192,Havelock,282+N-N,yes,35,No,NA,B2,+N,sb3,spb2,2,4,24.6
4331,JY,2018,Ames 27104,CMV3,Havelock,282+N-N,yes,35,No,NA,B2,+N,sb3,spb2,2,4,24.0666666666667
4333,NA,NA,NA,NA,NA,NA,NA,NA,NA,NA,B2,+N,sb3,spb3,2,4,20.325
4335,JY,2018,PI 587154,W153R,Havelock,282+N-N,yes,35,No,NA,B2,+N,sb3,spb3,2,4,19.65
4337,JY,2018,check,NA,Havelock,282+N-N,yes,35,No,NA,B2,+N,sb3,spb3,2,4,24.9666666666667
4339,JY,2018,Ames 19016,Va59,Havelock,282+N-N,yes,35,No,NA,B2,+N,sb3,spb3,2,4,20.6666666666667
4341,NA,NA,NA,NA,NA,NA,NA,NA,NA,NA,B2,+N,sb3,spb3,2,4,20.5
4343,JY,2018,PI 587150,Va35,Havelock,282+N-N,yes,35,No,NA,B2,+N,sb3,spb3,2,4,22.1
4345,NA,NA,NA,NA,NA,NA,NA,NA,NA,NA,B2,+N,sb3,spb3,2,4,NA
4347,JY,2018,Ames 19288,Oh43,Havelock,282+N-N,yes,35,No,NA,B2,+N,sb3,spb3,2,4,22.9333333333333
4349,JY,2018,PI 550461,B14A,Havelock,282+N-N,yes,35,No,NA,B2,+N,sb4,spb1,2,4,NA
4351,JY,2018,PI 550473,B73,Havelock,282+N-N,yes,35,No,NA,B2,+N,sb4,spb1,2,4,25.1
4353,JY,2018,Ames 27066,B164,Havelock,282+N-N,yes,35,No,NA,B2,+N,sb4,spb1,2,4,21.9333333333333
4355,NA,NA,NA,NA,NA,NA,NA,NA,NA,NA,B2,+N,sb4,spb1,2,4,23.4666666666667
4357,JY,2018,PI 550465,B68,Havelock,282+N-N,yes,35,No,NA,B2,+N,sb4,spb1,2,4,22.85
4359,NA,NA,NA,NA,NA,NA,NA,NA,NA,NA,B2,+N,sb4,spb1,2,4,NA
4361,JY,2018,PI 608765,B77,Havelock,282+N-N,yes,35,No,NA,B2,+N,sb4,spb1,2,4,21.775
4363,JY,2018,PI 587142,A679,Havelock,282+N-N,yes,35,No,NA,B2,+N,sb4,spb1,2,4,NA
4365,JY,2018,Ames 27114,H91,Havelock,282+N-N,yes,35,No,NA,B2,+N,sb4,spb2,2,4,NA
4367,JY,2018,Ames 27151,NC310,Havelock,282+N-N,yes,35,No,NA,B2,+N,sb4,spb2,2,4,25.5
4369,JY,2018,NSL 65873,L317,Havelock,282+N-N,yes,35,No,NA,B2,+N,sb4,spb2,2,4,20.75
4371,JY,2018,Ames 27160,NC328,Havelock,282+N-N,yes,35,No,NA,B2,+N,sb4,spb2,2,4,24.5
4373,JY,2018,Ames 27081,CML103,Havelock,282+N-N,yes,35,No,NA,B2,+N,sb4,spb2,2,4,22.6333333333333
4375,JY,2018,Ames 27118,Il14H,Havelock,282+N-N,yes,35,No,NA,B2,+N,sb4,spb2,2,4,22.5
4377,JY,2018,PI 583350,Mo45,Havelock,282+N-N,yes,35,No,NA,B2,+N,sb4,spb2,2,4,23.875
4379,JY,2018,PI 531084,NC258,Havelock,282+N-N,yes,35,No,NA,B2,+N,sb4,spb2,2,4,20.72
4381,JY,2018,PI 587149,Va26,Havelock,282+N-N,yes,35,No,NA,B2,+N,sb4,spb3,2,4,24.175
4383,JY,2018,Ames 24989,Va99,Havelock,282+N-N,yes,35,No,NA,B2,+N,sb4,spb3,2,4,23.025
4385,JY,2018,PI 592734,R229,Havelock,282+N-N,yes,35,No,NA,B2,+N,sb4,spb3,2,4,24.325
4387,JY,2018,NSL 65874,Os420,Havelock,282+N-N,yes,35,No,NA,B2,+N,sb4,spb3,2,4,NA
4389,JY,2018,check,NA,Havelock,282+N-N,yes,35,No,NA,B2,+N,sb4,spb3,2,4,NA
4391,JY,2018,Ames 19328,Va22,Havelock,282+N-N,yes,35,No,NA,B2,+N,sb4,spb3,2,4,21.4
4393,JY,2018,Ames 19293,Wf9,Havelock,282+N-N,yes,35,No,NA,B2,+N,sb4,spb3,2,4,21.25
4395,JY,2018,Ames 26771,33-16,Havelock,282+N-N,yes,35,No,NA,B2,+N,sb4,spb3,2,4,NA
4401,NA,NA,NA,NA,NA,NA,NA,NA,NA,NA,B2,+N,sb3,spb1,2,4,21.4
4403,JY,2018,check,NA,Havelock,282+N-N,yes,35,No,NA,B2,+N,sb3,spb1,2,4,24.7666666666667
4405,JY,2018,Ames 19309,A635,Havelock,282+N-N,yes,35,No,NA,B2,+N,sb3,spb1,2,4,19.28
4407,JY,2018,PI 550440,B64,Havelock,282+N-N,yes,35,No,NA,B2,+N,sb3,spb1,2,4,NA
4409,JY,2018,Ames 23450,A556,Havelock,282+N-N,yes,35,No,NA,B2,+N,sb3,spb1,2,4,22
4411,JY,2018,PI 550483,B76,Havelock,282+N-N,yes,35,No,NA,B2,+N,sb3,spb1,2,4,25.25
4413,JY,2018,Ames 19313,C123,Havelock,282+N-N,yes,35,No,NA,B2,+N,sb3,spb1,2,4,22.5
4415,JY,2018,PI 587138,A554,Havelock,282+N-N,yes,35,No,NA,B2,+N,sb3,spb1,2,4,19.92
4417,JY,2018,Ames 27106,CO125,Havelock,282+N-N,yes,35,No,NA,B2,+N,sb3,spb2,2,4,19.7
4419,NA,NA,NA,NA,NA,NA,NA,NA,NA,NA,B2,+N,sb3,spb2,2,4,19.35
4421,NA,NA,NA,NA,NA,NA,NA,NA,NA,NA,B2,+N,sb3,spb2,2,4,23.3
4423,NA,NA,NA,NA,NA,NA,NA,NA,NA,NA,B2,+N,sb3,spb2,2,4,23.05
4425,JY,2018,Ames 27111,EP1,Havelock,282+N-N,yes,35,No,NA,B2,+N,sb3,spb2,2,4,22.525
4427,JY,2018,PI 257507,F7,Havelock,282+N-N,yes,35,No,NA,B2,+N,sb3,spb2,2,4,19.8
4429,JY,2018,NSL 30867,M14,Havelock,282+N-N,yes,35,No,NA,B2,+N,sb3,spb2,2,4,20.7
4431,JY,2018,Ames 19316,CM174,Havelock,282+N-N,yes,35,No,NA,B2,+N,sb3,spb2,2,4,24.2
4433,JY,2018,Ames 19326,R168,Havelock,282+N-N,yes,35,No,NA,B2,+N,sb3,spb3,2,4,18.15
4435,JY,2018,PI 550490,ND246,Havelock,282+N-N,yes,35,No,NA,B2,+N,sb3,spb3,2,4,18.675
4437,JY,2018,Ames 27137,N6,Havelock,282+N-N,yes,35,No,NA,B2,+N,sb3,spb3,2,4,25.6
4439,JY,2018,Ames 27142,NC292,Havelock,282+N-N,yes,35,No,NA,B2,+N,sb3,spb3,2,4,27.35
4441,JY,2018,Ames 19330,W182B,Havelock,282+N-N,yes,35,No,NA,B2,+N,sb3,spb3,2,4,20.58
4443,JY,2018,Ames 27152,NC312,Havelock,282+N-N,yes,35,No,NA,B2,+N,sb3,spb3,2,4,21.625
4445,JY,2018,Ames 27183,Oh43E,Havelock,282+N-N,yes,35,No,NA,B2,+N,sb3,spb3,2,4,21.825
4447,JY,2018,Ames 27150,NC308,Havelock,282+N-N,yes,35,No,NA,B2,+N,sb3,spb3,2,4,23
4449,JY,2018,Ames 26116,CI3A,Havelock,282+N-N,yes,35,No,NA,B2,+N,sb4,spb1,2,4,25.2333333333333
4451,JY,2018,Ames 23503,A680,Havelock,282+N-N,yes,35,No,NA,B2,+N,sb4,spb1,2,4,24
4453,NA,NA,NA,NA,NA,NA,NA,NA,NA,NA,B2,+N,sb4,spb1,2,4,NA
4455,JY,2018,PI 597927,B109,Havelock,282+N-N,yes,35,No,NA,B2,+N,sb4,spb1,2,4,27.225
4457,JY,2018,PI 550469,B46,Havelock,282+N-N,yes,35,No,NA,B2,+N,sb4,spb1,2,4,22.9
4459,JY,2018,NSL 30904,4226,Havelock,282+N-N,yes,35,No,NA,B2,+N,sb4,spb1,2,4,23.6333333333333
4461,JY,2018,PI 550467,B37,Havelock,282+N-N,yes,35,No,NA,B2,+N,sb4,spb1,2,4,23.75
4463,JY,2018,Ames 27065,B73Htrhm,Havelock,282+N-N,yes,35,No,NA,B2,+N,sb4,spb1,2,4,21.1
4465,JY,2018,Ames 27140,NC260,Havelock,282+N-N,yes,35,No,NA,B2,+N,sb4,spb2,2,4,22.775
4467,JY,2018,Ames 27159,NC326,Havelock,282+N-N,yes,35,No,NA,B2,+N,sb4,spb2,2,4,25
4469,JY,2018,Ames 27149,NC306,Havelock,282+N-N,yes,35,No,NA,B2,+N,sb4,spb2,2,4,20.3
4471,JY,2018,PI 550558,DE811,Havelock,282+N-N,yes,35,No,NA,B2,+N,sb4,spb2,2,4,23.0666666666667
4473,JY,2018,Ames 27143,NC294,Havelock,282+N-N,yes,35,No,NA,B2,+N,sb4,spb2,2,4,23.175
4475,JY,2018,check,NA,Havelock,282+N-N,yes,35,No,NA,B2,+N,sb4,spb2,2,4,NA
4477,NA,NA,NA,NA,NA,NA,NA,NA,NA,NA,B2,+N,sb4,spb2,2,4,23.1
4479,JY,2018,PI 558532,Mo17,Havelock,282+N-N,yes,35,No,NA,B2,+N,sb4,spb2,2,4,20.575
4481,JY,2018,PI 550518,T8,Havelock,282+N-N,yes,35,No,NA,B2,+N,sb4,spb3,2,4,18.05
4483,JY,2018,PI 606768,SD40,Havelock,282+N-N,yes,35,No,NA,B2,+N,sb4,spb3,2,4,23.5333333333333
4485,JY,2018,PI 587125,CO109,Havelock,282+N-N,yes,35,No,NA,B2,+N,sb4,spb3,2,4,19.925
4487,JY,2018,Ames 22748,H100,Havelock,282+N-N,yes,35,No,NA,B2,+N,sb4,spb3,2,4,24.04
4489,JY,2018,Ames 27180,NC368,Havelock,282+N-N,yes,35,No,NA,B2,+N,sb4,spb3,2,4,27.575
4491,JY,2018,PI 606330,DE2,Havelock,282+N-N,yes,35,No,NA,B2,+N,sb4,spb3,2,4,29.125
4493,NA,NA,NA,NA,NA,NA,NA,NA,NA,NA,B2,+N,sb4,spb3,2,4,27.575
4495,JY,2018,Ames 27178,NC364,Havelock,282+N-N,yes,35,No,NA,B2,+N,sb4,spb3,2,4,26.725
4501,JY,2018,PI 607521,A661,Havelock,282+N-N,yes,35,No,NA,B2,+N,sb3,spb1,2,4,20.6
4503,JY,2018,Ames 23405,A239,Havelock,282+N-N,yes,35,No,NA,B2,+N,sb3,spb1,2,4,20.15
4505,NA,NA,NA,NA,NA,NA,NA,NA,NA,NA,B2,+N,sb3,spb1,2,4,23.425
4507,JY,2018,PI 587141,A654,Havelock,282+N-N,yes,35,No,NA,B2,+N,sb3,spb1,2,4,20.32
4509,NA,NA,NA,NA,NA,NA,NA,NA,NA,NA,B2,+N,sb3,spb1,2,4,20.775
4511,JY,2018,Ames 27068,CH9,Havelock,282+N-N,yes,35,No,NA,B2,+N,sb3,spb1,2,4,25
4513,JY,2018,PI 608774,B75,Havelock,282+N-N,yes,35,No,NA,B2,+N,sb3,spb1,2,4,16.6833333333333
4515,JY,2018,PI 587139,A619,Havelock,282+N-N,yes,35,No,NA,B2,+N,sb3,spb1,2,4,NA
4517,JY,2018,check,NA,Havelock,282+N-N,yes,35,No,NA,B2,+N,sb3,spb2,2,4,23.5
4519,JY,2018,Ames 24734,MS153,Havelock,282+N-N,yes,35,No,NA,B2,+N,sb3,spb2,2,4,25.8666666666667
4521,JY,2018,Ames 20140,Mt42,Havelock,282+N-N,yes,35,No,NA,B2,+N,sb3,spb2,2,4,21.25
4523,JY,2018,PI 587127,H105W,Havelock,282+N-N,yes,35,No,NA,B2,+N,sb3,spb2,2,4,NA
4525,JY,2018,check,NA,Havelock,282+N-N,yes,35,No,NA,B2,+N,sb3,spb2,2,4,25.0333333333333
4527,JY,2018,Ames 24752,MS1334,Havelock,282+N-N,yes,35,No,NA,B2,+N,sb3,spb2,2,4,23.525
4529,JY,2018,Ames 27107,CO255,Havelock,282+N-N,yes,35,No,NA,B2,+N,sb3,spb2,2,4,22.9
4531,JY,2018,Ames 27135,MEF156-55-2,Havelock,282+N-N,yes,35,No,NA,B2,+N,sb3,spb2,2,4,NA
4533,JY,2018,Ames 27162,NC332,Havelock,282+N-N,yes,35,No,NA,B2,+N,sb3,spb3,2,4,15.65
4535,JY,2018,Ames 27161,NC330,Havelock,282+N-N,yes,35,No,NA,B2,+N,sb3,spb3,2,4,26.325
4537,JY,2018,Ames 27196,Yu796_NS,Havelock,282+N-N,yes,35,No,NA,B2,+N,sb3,spb3,2,4,NA
4539,JY,2018,PI 531085,NC262,Havelock,282+N-N,yes,35,No,NA,B2,+N,sb3,spb3,2,4,22.52
4541,JY,2018,check,NA,Havelock,282+N-N,yes,35,No,NA,B2,+N,sb3,spb3,2,4,24.5
4543,JY,2018,Ames 27154,NC316,Havelock,282+N-N,yes,35,No,NA,B2,+N,sb3,spb3,2,4,26.525
4545,JY,2018,PI 524969,SD44,Havelock,282+N-N,yes,35,No,NA,B2,+N,sb3,spb3,2,4,23.65
4547,JY,2018,Ames 19000,VaW6,Havelock,282+N-N,yes,35,No,NA,B2,+N,sb3,spb3,2,4,25.58
4549,JY,2018,Ames 19314,CI64,Havelock,282+N-N,yes,35,No,NA,B2,+N,sb4,spb1,2,4,24.26
4551,JY,2018,PI 564682,B97,Havelock,282+N-N,yes,35,No,NA,B2,+N,sb4,spb1,2,4,23.44
4553,JY,2018,PI 550454,B52,Havelock,282+N-N,yes,35,No,NA,B2,+N,sb4,spb1,2,4,22.725
4555,JY,2018,PI 608767,B84,Havelock,282+N-N,yes,35,No,NA,B2,+N,sb4,spb1,2,4,25.62
4557,JY,2018,Ames 27069,CH701-30,Havelock,282+N-N,yes,35,No,NA,B2,+N,sb4,spb1,2,4,NA
4559,JY,2018,check,NA,Havelock,282+N-N,yes,35,No,NA,B2,+N,sb4,spb1,2,4,22.5333333333333
4561,JY,2018,check,NA,Havelock,282+N-N,yes,35,No,NA,B2,+N,sb4,spb1,2,4,24.3333333333333
4563,JY,2018,PI 587130,4722,Havelock,282+N-N,yes,35,No,NA,B2,+N,sb4,spb1,2,4,18.28
4565,JY,2018,Ames 27167,NC342,Havelock,282+N-N,yes,35,No,NA,B2,+N,sb4,spb2,2,4,25.6
4567,NA,NA,NA,NA,NA,NA,NA,NA,NA,NA,B2,+N,sb4,spb2,2,4,NA
4569,JY,2018,check,NA,Havelock,282+N-N,yes,35,No,NA,B2,+N,sb4,spb2,2,4,26.5
4571,JY,2018,Ames 27168,NC344,Havelock,282+N-N,yes,35,No,NA,B2,+N,sb4,spb2,2,4,NA
4573,JY,2018,Ames 28939,Mo44,Havelock,282+N-N,yes,35,No,NA,B2,+N,sb4,spb2,2,4,18.7333333333333
4575,JY,2018,Ames 27170,NC348,Havelock,282+N-N,yes,35,No,NA,B2,+N,sb4,spb2,2,4,18.425
4577,NA,NA,NA,NA,NA,NA,NA,NA,NA,NA,B2,+N,sb4,spb2,2,4,20.65
4579,JY,2018,Ames 27133,M37W,Havelock,282+N-N,yes,35,No,NA,B2,+N,sb4,spb2,2,4,NA
4581,JY,2018,NSL 30894,R177,Havelock,282+N-N,yes,35,No,NA,B2,+N,sb4,spb3,2,4,NA
4583,JY,2018,check,NA,Havelock,282+N-N,yes,35,No,NA,B2,+N,sb4,spb3,2,4,24
4585,JY,2018,PI 517974,Pa880,Havelock,282+N-N,yes,35,No,NA,B2,+N,sb4,spb3,2,4,26.825
4587,JY,2018,Ames 28290,C49,Havelock,282+N-N,yes,35,No,NA,B2,+N,sb4,spb3,2,4,NA
4589,JY,2018,PI 257506,F2,Havelock,282+N-N,yes,35,No,NA,B2,+N,sb4,spb3,2,4,26.2
4591,NA,NA,NA,NA,NA,NA,NA,NA,NA,NA,B2,+N,sb4,spb3,2,4,17.88
4593,NA,NA,NA,NA,NA,NA,NA,NA,NA,NA,B2,+N,sb4,spb3,2,4,21.2333333333333
4595,JY,2018,NSL 28966,Oh40B,Havelock,282+N-N,yes,35,No,NA,B2,+N,sb4,spb3,2,4,NA
